engine,template,family,template_index,instance,replication,results,delivered,hash,time_ms,throughput_per_s,http_requests,n_timestamps,first_result_ms,last_result_ms,failed,failure_kind,timed_out,empty_result,error
adaptive,interactive-discover-1,discover,1,0,0,6,6,d632b8166f912f4afd062d64186f2dc6,4670,1.284796573875803,133.0,6,1579,2073,False,ok,False,False,
adaptive,interactive-discover-1,discover,1,1,0,4,4,e00f199d535cd1710bf9be67f04f39e4,2499,1.6006402561024409,131.0,4,532,553,False,ok,False,False,
adaptive,interactive-discover-1,discover,1,2,0,1,1,c4499554f796e968a069e67a8f5d9d1c,2276,0.4393673110720563,117.0,1,476,476,False,ok,False,False,
adaptive,interactive-discover-1,discover,1,3,0,14,14,6c0a9fe8be642ee232c10c9996912b97,2011,6.9617105917454,91.0,14,536,584,False,ok,False,False,
adaptive,interactive-discover-1,discover,1,4,0,8,8,7536d3a2c1abc2a9ac92b1860efa3282,2402,3.330557868442964,121.0,8,636,644,False,ok,False,False,
adaptive,interactive-discover-1,discover,1,0,1,6,6,d632b8166f912f4afd062d64186f2dc6,2295,2.6143790849673203,133.0,6,637,1115,False,ok,False,False,
adaptive,interactive-discover-1,discover,1,1,1,4,4,e00f199d535cd1710bf9be67f04f39e4,1786,2.2396416573348263,131.0,4,404,432,False,ok,False,False,
adaptive,interactive-discover-1,discover,1,2,1,1,1,c4499554f796e968a069e67a8f5d9d1c,1698,0.5889281507656066,117.0,1,510,510,False,ok,False,False,
adaptive,interactive-discover-1,discover,1,3,1,14,14,6c0a9fe8be642ee232c10c9996912b97,1504,9.308510638297872,91.0,14,491,604,False,ok,False,False,
adaptive,interactive-discover-1,discover,1,4,1,8,8,7536d3a2c1abc2a9ac92b1860efa3282,1901,4.208311415044713,121.0,8,541,554,False,ok,False,False,
adaptive,interactive-discover-1,discover,1,0,2,6,6,d632b8166f912f4afd062d64186f2dc6,2095,2.863961813842482,133.0,6,582,785,False,ok,False,False,
adaptive,interactive-discover-1,discover,1,1,2,4,4,e00f199d535cd1710bf9be67f04f39e4,1830,2.1857923497267757,131.0,4,494,539,False,ok,False,False,
adaptive,interactive-discover-1,discover,1,2,2,1,1,c4499554f796e968a069e67a8f5d9d1c,1629,0.6138735420503376,117.0,1,512,512,False,ok,False,False,
adaptive,interactive-discover-1,discover,1,3,2,14,14,6c0a9fe8be642ee232c10c9996912b97,1690,8.284023668639053,91.0,14,536,542,False,ok,False,False,
adaptive,interactive-discover-1,discover,1,4,2,8,8,7536d3a2c1abc2a9ac92b1860efa3282,1888,4.237288135593221,121.0,8,528,538,False,ok,False,False,
adaptive,interactive-discover-1,discover,1,0,3,6,6,d632b8166f912f4afd062d64186f2dc6,1990,3.0150753768844223,133.0,6,552,801,False,ok,False,False,
adaptive,interactive-discover-1,discover,1,1,3,4,4,e00f199d535cd1710bf9be67f04f39e4,1720,2.3255813953488373,131.0,4,520,550,False,ok,False,False,
adaptive,interactive-discover-1,discover,1,2,3,1,1,c4499554f796e968a069e67a8f5d9d1c,1670,0.5988023952095809,117.0,1,437,437,False,ok,False,False,
adaptive,interactive-discover-1,discover,1,3,3,14,14,6c0a9fe8be642ee232c10c9996912b97,1555,9.003215434083602,91.0,14,423,442,False,ok,False,False,
adaptive,interactive-discover-1,discover,1,4,3,8,8,7536d3a2c1abc2a9ac92b1860efa3282,2141,3.7365716954694066,121.0,8,505,519,False,ok,False,False,
adaptive,interactive-discover-1,discover,1,0,4,6,6,d632b8166f912f4afd062d64186f2dc6,1891,3.1729243786356425,133.0,6,541,791,False,ok,False,False,
adaptive,interactive-discover-1,discover,1,1,4,4,4,e00f199d535cd1710bf9be67f04f39e4,1681,2.379535990481856,131.0,4,495,513,False,ok,False,False,
adaptive,interactive-discover-1,discover,1,2,4,1,1,c4499554f796e968a069e67a8f5d9d1c,1603,0.6238303181534622,117.0,1,425,425,False,ok,False,False,
adaptive,interactive-discover-1,discover,1,3,4,14,14,6c0a9fe8be642ee232c10c9996912b97,1770,7.909604519774011,91.0,14,425,563,False,ok,False,False,
adaptive,interactive-discover-1,discover,1,4,4,8,8,7536d3a2c1abc2a9ac92b1860efa3282,1781,4.491858506457047,121.0,8,488,500,False,ok,False,False,
adaptive,interactive-discover-1,discover,1,0,5,6,6,d632b8166f912f4afd062d64186f2dc6,1833,3.2733224222585924,133.0,6,469,1025,False,ok,False,False,
adaptive,interactive-discover-1,discover,1,1,5,4,4,e00f199d535cd1710bf9be67f04f39e4,1674,2.3894862604540026,131.0,4,427,456,False,ok,False,False,
adaptive,interactive-discover-1,discover,1,2,5,1,1,c4499554f796e968a069e67a8f5d9d1c,1584,0.6313131313131313,117.0,1,438,438,False,ok,False,False,
adaptive,interactive-discover-1,discover,1,3,5,14,14,6c0a9fe8be642ee232c10c9996912b97,1711,8.182349503214494,91.0,14,398,444,False,ok,False,False,
adaptive,interactive-discover-1,discover,1,4,5,8,8,7536d3a2c1abc2a9ac92b1860efa3282,1816,4.405286343612334,121.0,8,519,530,False,ok,False,False,
adaptive,interactive-discover-2,discover,2,0,0,66,66,18ff3becda1d7305aaa0da5860ca7511,1920,34.375,133.0,66,515,1002,False,ok,False,False,
adaptive,interactive-discover-2,discover,2,1,0,46,46,f6a5ba863b07324a44f8e492bf9ab0e1,1684,27.315914489311165,131.0,46,440,674,False,ok,False,False,
adaptive,interactive-discover-2,discover,2,2,0,32,32,113587781a953fec190d8e3339b06c26,1531,20.901371652514698,117.0,32,420,720,False,ok,False,False,
adaptive,interactive-discover-2,discover,2,3,0,198,198,23320e2cdf40e8165aa7fdff74171184,1488,133.06451612903226,91.0,198,428,775,False,ok,False,False,
adaptive,interactive-discover-2,discover,2,4,0,98,98,a7ea80830c1f3358609f53e0ce62fd9a,1766,55.49263873159683,121.0,98,600,939,False,ok,False,False,
adaptive,interactive-discover-2,discover,2,0,1,66,66,18ff3becda1d7305aaa0da5860ca7511,1918,34.41084462982273,133.0,66,602,1150,False,ok,False,False,
adaptive,interactive-discover-2,discover,2,1,1,46,46,f6a5ba863b07324a44f8e492bf9ab0e1,1665,27.62762762762763,131.0,46,463,930,False,ok,False,False,
adaptive,interactive-discover-2,discover,2,2,1,32,32,113587781a953fec190d8e3339b06c26,1574,20.330368487928844,117.0,32,434,687,False,ok,False,False,
adaptive,interactive-discover-2,discover,2,3,1,198,198,23320e2cdf40e8165aa7fdff74171184,1355,146.12546125461256,91.0,198,444,916,False,ok,False,False,
adaptive,interactive-discover-2,discover,2,4,1,98,98,a7ea80830c1f3358609f53e0ce62fd9a,1762,55.61861520998865,121.0,98,533,894,False,ok,False,False,
adaptive,interactive-discover-2,discover,2,0,2,66,66,18ff3becda1d7305aaa0da5860ca7511,1825,36.16438356164384,133.0,66,350,825,False,ok,False,False,
adaptive,interactive-discover-2,discover,2,1,2,46,46,f6a5ba863b07324a44f8e492bf9ab0e1,1604,28.678304239401495,131.0,46,445,648,False,ok,False,False,
adaptive,interactive-discover-2,discover,2,2,2,32,32,113587781a953fec190d8e3339b06c26,1525,20.98360655737705,117.0,32,443,790,False,ok,False,False,
adaptive,interactive-discover-2,discover,2,3,2,198,198,23320e2cdf40e8165aa7fdff74171184,1700,116.47058823529412,91.0,198,437,1053,False,ok,False,False,
adaptive,interactive-discover-2,discover,2,4,2,98,98,a7ea80830c1f3358609f53e0ce62fd9a,1833,53.46426623022368,121.0,98,617,743,False,ok,False,False,
adaptive,interactive-discover-2,discover,2,0,3,66,66,18ff3becda1d7305aaa0da5860ca7511,1853,35.61791689152725,133.0,66,580,795,False,ok,False,False,
adaptive,interactive-discover-2,discover,2,1,3,46,46,f6a5ba863b07324a44f8e492bf9ab0e1,1648,27.9126213592233,131.0,46,437,696,False,ok,False,False,
adaptive,interactive-discover-2,discover,2,2,3,32,32,113587781a953fec190d8e3339b06c26,1522,21.02496714848883,117.0,32,438,701,False,ok,False,False,
adaptive,interactive-discover-2,discover,2,3,3,198,198,23320e2cdf40e8165aa7fdff74171184,1432,138.268156424581,91.0,198,441,1430,False,ok,False,False,
adaptive,interactive-discover-2,discover,2,4,3,98,98,a7ea80830c1f3358609f53e0ce62fd9a,1930,50.77720207253886,121.0,98,369,918,False,ok,False,False,
adaptive,interactive-discover-2,discover,2,0,4,66,66,18ff3becda1d7305aaa0da5860ca7511,1946,33.91572456320658,133.0,66,364,965,False,ok,False,False,
adaptive,interactive-discover-2,discover,2,1,4,46,46,f6a5ba863b07324a44f8e492bf9ab0e1,1641,28.031687995124923,131.0,46,416,750,False,ok,False,False,
adaptive,interactive-discover-2,discover,2,2,4,32,32,113587781a953fec190d8e3339b06c26,1871,17.103153393907,117.0,32,414,634,False,ok,False,False,
adaptive,interactive-discover-2,discover,2,3,4,198,198,23320e2cdf40e8165aa7fdff74171184,1475,134.23728813559322,91.0,198,643,813,False,ok,False,False,
adaptive,interactive-discover-2,discover,2,4,4,98,98,a7ea80830c1f3358609f53e0ce62fd9a,1740,56.32183908045977,121.0,98,380,683,False,ok,False,False,
adaptive,interactive-discover-2,discover,2,0,5,66,66,18ff3becda1d7305aaa0da5860ca7511,1898,34.77344573234984,133.0,66,341,728,False,ok,False,False,
adaptive,interactive-discover-2,discover,2,1,5,46,46,f6a5ba863b07324a44f8e492bf9ab0e1,1633,28.169014084507044,131.0,46,434,730,False,ok,False,False,
adaptive,interactive-discover-2,discover,2,2,5,32,32,113587781a953fec190d8e3339b06c26,1533,20.87410306588389,117.0,32,478,668,False,ok,False,False,
adaptive,interactive-discover-2,discover,2,3,5,198,198,23320e2cdf40e8165aa7fdff74171184,1459,135.70938999314598,91.0,198,418,735,False,ok,False,False,
adaptive,interactive-discover-2,discover,2,4,5,98,98,a7ea80830c1f3358609f53e0ce62fd9a,1737,56.41911341393207,121.0,98,474,853,False,ok,False,False,
adaptive,interactive-discover-3,discover,3,0,0,68,68,e9f9c6f077dd7a85180d21221150597a,90886,0.7481900402702287,385.0,68,90882,90885,False,ok,False,False,
adaptive,interactive-discover-3,discover,3,1,0,66,66,bf39c452faf678539dd6bec9f8931c5e,98072,0.6729749571743209,387.0,66,98068,98071,False,ok,False,False,
adaptive,interactive-discover-3,discover,3,2,0,54,54,c6f1026b5b378b95fed1b609efe82a86,79459,0.6795957663700776,285.0,54,79456,79458,False,ok,False,False,
adaptive,interactive-discover-3,discover,3,3,0,196,196,3103aacb8c0b38645fd73f8b05191c84,159561,1.2283703411234574,503.0,196,159554,159560,False,ok,False,False,
adaptive,interactive-discover-3,discover,3,4,0,137,137,922f2cfc8273304ad1f823de44367223,114014,1.2016068202150614,423.0,137,114010,114013,False,ok,False,False,
adaptive,interactive-discover-3,discover,3,0,1,68,68,e9f9c6f077dd7a85180d21221150597a,100447,0.676973926548329,385.0,68,100444,100447,False,ok,False,False,
adaptive,interactive-discover-3,discover,3,1,1,66,66,bf39c452faf678539dd6bec9f8931c5e,98444,0.6704319206858722,387.0,66,98440,98443,False,ok,False,False,
adaptive,interactive-discover-3,discover,3,2,1,54,54,c6f1026b5b378b95fed1b609efe82a86,79884,0.67598017124831,285.0,54,79878,79883,False,ok,False,False,
adaptive,interactive-discover-3,discover,3,3,1,196,196,3103aacb8c0b38645fd73f8b05191c84,161073,1.2168395696361276,503.0,196,161044,161073,False,ok,False,False,
adaptive,interactive-discover-3,discover,3,4,1,137,137,922f2cfc8273304ad1f823de44367223,111490,1.2288097587227556,423.0,137,111487,111490,False,ok,False,False,
adaptive,interactive-discover-3,discover,3,0,2,68,68,e9f9c6f077dd7a85180d21221150597a,97528,0.6972356656549914,385.0,68,97525,97527,False,ok,False,False,
adaptive,interactive-discover-3,discover,3,1,2,66,66,bf39c452faf678539dd6bec9f8931c5e,97095,0.6797466398887687,387.0,66,97093,97094,False,ok,False,False,
adaptive,interactive-discover-3,discover,3,2,2,54,54,c6f1026b5b378b95fed1b609efe82a86,79310,0.6808725255327197,285.0,54,79308,79309,False,ok,False,False,
adaptive,interactive-discover-3,discover,3,3,2,196,196,3103aacb8c0b38645fd73f8b05191c84,159695,1.2273396161432732,503.0,196,159685,159695,False,ok,False,False,
adaptive,interactive-discover-3,discover,3,4,2,137,137,922f2cfc8273304ad1f823de44367223,115444,1.1867225667856276,423.0,137,115439,115443,False,ok,False,False,
adaptive,interactive-discover-3,discover,3,0,3,68,68,e9f9c6f077dd7a85180d21221150597a,96659,0.7035040710125285,385.0,68,96656,96658,False,ok,False,False,
adaptive,interactive-discover-3,discover,3,1,3,66,66,bf39c452faf678539dd6bec9f8931c5e,97665,0.6757794501612655,387.0,66,97663,97664,False,ok,False,False,
adaptive,interactive-discover-3,discover,3,2,3,54,54,c6f1026b5b378b95fed1b609efe82a86,81501,0.662568557441013,285.0,54,81499,81501,False,ok,False,False,
adaptive,interactive-discover-3,discover,3,3,3,196,196,3103aacb8c0b38645fd73f8b05191c84,161543,1.213299245402153,503.0,196,161537,161543,False,ok,False,False,
adaptive,interactive-discover-3,discover,3,4,3,137,137,922f2cfc8273304ad1f823de44367223,114902,1.1923204121773336,423.0,137,114898,114901,False,ok,False,False,
adaptive,interactive-discover-3,discover,3,0,4,68,68,e9f9c6f077dd7a85180d21221150597a,98890,0.6876327232278289,385.0,68,98887,98889,False,ok,False,False,
adaptive,interactive-discover-3,discover,3,1,4,66,66,bf39c452faf678539dd6bec9f8931c5e,97963,0.6737237528454622,387.0,66,97960,97962,False,ok,False,False,
adaptive,interactive-discover-3,discover,3,2,4,54,54,c6f1026b5b378b95fed1b609efe82a86,82270,0.6563753494590981,285.0,54,82268,82269,False,ok,False,False,
adaptive,interactive-discover-3,discover,3,3,4,196,196,3103aacb8c0b38645fd73f8b05191c84,149690,1.309372703587414,503.0,196,149680,149689,False,ok,False,False,
adaptive,interactive-discover-3,discover,3,4,4,137,137,922f2cfc8273304ad1f823de44367223,106014,1.2922821514139642,423.0,137,106009,106012,False,ok,False,False,
adaptive,interactive-discover-3,discover,3,0,5,68,68,e9f9c6f077dd7a85180d21221150597a,96425,0.7052113041223749,385.0,68,96422,96424,False,ok,False,False,
adaptive,interactive-discover-3,discover,3,1,5,66,66,bf39c452faf678539dd6bec9f8931c5e,96465,0.6841859741875291,387.0,66,96463,96464,False,ok,False,False,
adaptive,interactive-discover-3,discover,3,2,5,54,54,c6f1026b5b378b95fed1b609efe82a86,81971,0.658769564846104,285.0,54,81969,81970,False,ok,False,False,
adaptive,interactive-discover-3,discover,3,3,5,196,196,3103aacb8c0b38645fd73f8b05191c84,161776,1.211551775294234,503.0,196,161771,161775,False,ok,False,False,
adaptive,interactive-discover-3,discover,3,4,5,137,137,922f2cfc8273304ad1f823de44367223,114928,1.192050675205346,423.0,137,114924,114927,False,ok,False,False,
adaptive,interactive-discover-4,discover,4,0,0,5,5,3112eede040aaa01aedc457789eed356,3006,1.6633399866932803,165.0,5,3005,3005,False,ok,False,False,
adaptive,interactive-discover-4,discover,4,1,0,3,3,cd6f381a6281527b1dbda2f21a1a702a,2122,1.413760603204524,139.0,3,2120,2121,False,ok,False,False,
adaptive,interactive-discover-4,discover,4,2,0,3,3,ed1ebad4adf97e9e94be0ca88af2d8bb,1954,1.5353121801432958,125.0,3,1953,1953,False,ok,False,False,
adaptive,interactive-discover-4,discover,4,3,0,3,3,16a10be88d7ff874026ce66a4e993ecb,1759,1.7055144968732234,101.0,3,1758,1758,False,ok,False,False,
adaptive,interactive-discover-4,discover,4,4,0,7,7,d0ef3bb68aa278a8f97f329adee97dd8,2112,3.3143939393939394,161.0,7,2111,2112,False,ok,False,False,
adaptive,interactive-discover-4,discover,4,0,1,5,5,3112eede040aaa01aedc457789eed356,1858,2.6910656620021527,165.0,5,1858,1858,False,ok,False,False,
adaptive,interactive-discover-4,discover,4,1,1,3,3,cd6f381a6281527b1dbda2f21a1a702a,1499,2.00133422281521,139.0,3,1498,1498,False,ok,False,False,
adaptive,interactive-discover-4,discover,4,2,1,3,3,ed1ebad4adf97e9e94be0ca88af2d8bb,1402,2.1398002853067046,125.0,3,1401,1401,False,ok,False,False,
adaptive,interactive-discover-4,discover,4,3,1,3,3,16a10be88d7ff874026ce66a4e993ecb,1426,2.103786816269285,101.0,3,1426,1426,False,ok,False,False,
adaptive,interactive-discover-4,discover,4,4,1,7,7,d0ef3bb68aa278a8f97f329adee97dd8,1816,3.854625550660793,161.0,7,1815,1816,False,ok,False,False,
adaptive,interactive-discover-4,discover,4,0,2,5,5,3112eede040aaa01aedc457789eed356,1839,2.718868950516585,165.0,5,1838,1838,False,ok,False,False,
adaptive,interactive-discover-4,discover,4,1,2,3,3,cd6f381a6281527b1dbda2f21a1a702a,1516,1.9788918205804749,139.0,3,1515,1515,False,ok,False,False,
adaptive,interactive-discover-4,discover,4,2,2,3,3,ed1ebad4adf97e9e94be0ca88af2d8bb,1492,2.0107238605898123,125.0,3,1491,1491,False,ok,False,False,
adaptive,interactive-discover-4,discover,4,3,2,3,3,16a10be88d7ff874026ce66a4e993ecb,1492,2.0107238605898123,101.0,3,1491,1491,False,ok,False,False,
adaptive,interactive-discover-4,discover,4,4,2,7,7,d0ef3bb68aa278a8f97f329adee97dd8,1803,3.882418191902385,161.0,7,1802,1802,False,ok,False,False,
adaptive,interactive-discover-4,discover,4,0,3,5,5,3112eede040aaa01aedc457789eed356,1785,2.801120448179272,165.0,5,1785,1785,False,ok,False,False,
adaptive,interactive-discover-4,discover,4,1,3,3,3,cd6f381a6281527b1dbda2f21a1a702a,1582,1.8963337547408343,139.0,3,1581,1581,False,ok,False,False,
adaptive,interactive-discover-4,discover,4,2,3,3,3,ed1ebad4adf97e9e94be0ca88af2d8bb,1441,2.081887578070784,125.0,3,1440,1440,False,ok,False,False,
adaptive,interactive-discover-4,discover,4,3,3,3,3,16a10be88d7ff874026ce66a4e993ecb,1439,2.0847810979847115,101.0,3,1438,1439,False,ok,False,False,
adaptive,interactive-discover-4,discover,4,4,3,7,7,d0ef3bb68aa278a8f97f329adee97dd8,1797,3.8953811908736786,161.0,7,1797,1797,False,ok,False,False,
adaptive,interactive-discover-4,discover,4,0,4,5,5,3112eede040aaa01aedc457789eed356,1812,2.759381898454746,165.0,5,1811,1811,False,ok,False,False,
adaptive,interactive-discover-4,discover,4,1,4,3,3,cd6f381a6281527b1dbda2f21a1a702a,1531,1.959503592423253,139.0,3,1531,1531,False,ok,False,False,
adaptive,interactive-discover-4,discover,4,2,4,3,3,ed1ebad4adf97e9e94be0ca88af2d8bb,1486,2.018842530282638,125.0,3,1486,1486,False,ok,False,False,
adaptive,interactive-discover-4,discover,4,3,4,3,3,16a10be88d7ff874026ce66a4e993ecb,1372,2.1865889212827985,101.0,3,1372,1372,False,ok,False,False,
adaptive,interactive-discover-4,discover,4,4,4,7,7,d0ef3bb68aa278a8f97f329adee97dd8,1836,3.812636165577342,161.0,7,1836,1836,False,ok,False,False,
adaptive,interactive-discover-4,discover,4,0,5,5,5,3112eede040aaa01aedc457789eed356,1823,2.7427317608337907,165.0,5,1822,1822,False,ok,False,False,
adaptive,interactive-discover-4,discover,4,1,5,3,3,cd6f381a6281527b1dbda2f21a1a702a,1511,1.9854401058901392,139.0,3,1510,1510,False,ok,False,False,
adaptive,interactive-discover-4,discover,4,2,5,3,3,ed1ebad4adf97e9e94be0ca88af2d8bb,1453,2.064693737095664,125.0,3,1452,1452,False,ok,False,False,
adaptive,interactive-discover-4,discover,4,3,5,3,3,16a10be88d7ff874026ce66a4e993ecb,1388,2.161383285302594,101.0,3,1387,1388,False,ok,False,False,
adaptive,interactive-discover-4,discover,4,4,5,7,7,d0ef3bb68aa278a8f97f329adee97dd8,1813,3.8610038610038613,161.0,7,1812,1812,False,ok,False,False,
adaptive,interactive-discover-5,discover,5,0,0,15,15,cab888487e7572de37a55f0e8c3ec060,1694,8.85478158205431,133.0,15,491,722,False,ok,False,False,
adaptive,interactive-discover-5,discover,5,1,0,3,3,7fc43bb183e4fb0238576536413c6c45,1503,1.9960079840319362,131.0,3,563,679,False,ok,False,False,
adaptive,interactive-discover-5,discover,5,2,0,3,3,2543010e761cb36b6f0c3e103e58af43,1368,2.1929824561403506,117.0,3,500,768,False,ok,False,False,
adaptive,interactive-discover-5,discover,5,3,0,4,4,76fc6cfa5c07ff3011e9f2d7ac2ae7e0,1228,3.257328990228013,91.0,4,536,621,False,ok,False,False,
adaptive,interactive-discover-5,discover,5,4,0,20,20,880a30fb8a9114b4807acb78d9e7d141,1625,12.307692307692308,121.0,20,475,783,False,ok,False,False,
adaptive,interactive-discover-5,discover,5,0,1,15,15,cab888487e7572de37a55f0e8c3ec060,1692,8.865248226950355,133.0,15,587,708,False,ok,False,False,
adaptive,interactive-discover-5,discover,5,1,1,3,3,7fc43bb183e4fb0238576536413c6c45,1480,2.027027027027027,131.0,3,562,653,False,ok,False,False,
adaptive,interactive-discover-5,discover,5,2,1,3,3,2543010e761cb36b6f0c3e103e58af43,1462,2.051983584131327,117.0,3,811,1078,False,ok,False,False,
adaptive,interactive-discover-5,discover,5,3,1,4,4,76fc6cfa5c07ff3011e9f2d7ac2ae7e0,1234,3.2414910858995136,91.0,4,539,706,False,ok,False,False,
adaptive,interactive-discover-5,discover,5,4,1,20,20,880a30fb8a9114b4807acb78d9e7d141,1630,12.269938650306749,121.0,20,615,763,False,ok,False,False,
adaptive,interactive-discover-5,discover,5,0,2,15,15,cab888487e7572de37a55f0e8c3ec060,1640,9.146341463414634,133.0,15,612,728,False,ok,False,False,
adaptive,interactive-discover-5,discover,5,1,2,3,3,7fc43bb183e4fb0238576536413c6c45,1498,2.0026702269692924,131.0,3,524,631,False,ok,False,False,
adaptive,interactive-discover-5,discover,5,2,2,3,3,2543010e761cb36b6f0c3e103e58af43,1385,2.1660649819494586,117.0,3,594,1015,False,ok,False,False,
adaptive,interactive-discover-5,discover,5,3,2,4,4,76fc6cfa5c07ff3011e9f2d7ac2ae7e0,1322,3.02571860816944,91.0,4,599,983,False,ok,False,False,
adaptive,interactive-discover-5,discover,5,4,2,20,20,880a30fb8a9114b4807acb78d9e7d141,1598,12.515644555694617,121.0,20,606,801,False,ok,False,False,
adaptive,interactive-discover-5,discover,5,0,3,15,15,cab888487e7572de37a55f0e8c3ec060,1719,8.726003490401396,133.0,15,460,702,False,ok,False,False,
adaptive,interactive-discover-5,discover,5,1,3,3,3,7fc43bb183e4fb0238576536413c6c45,1478,2.029769959404601,131.0,3,546,626,False,ok,False,False,
adaptive,interactive-discover-5,discover,5,2,3,3,3,2543010e761cb36b6f0c3e103e58af43,1363,2.201027146001467,117.0,3,493,1039,False,ok,False,False,
adaptive,interactive-discover-5,discover,5,3,3,4,4,76fc6cfa5c07ff3011e9f2d7ac2ae7e0,1432,2.793296089385475,91.0,4,616,858,False,ok,False,False,
adaptive,interactive-discover-5,discover,5,4,3,20,20,880a30fb8a9114b4807acb78d9e7d141,1623,12.322858903265558,121.0,20,477,709,False,ok,False,False,
adaptive,interactive-discover-5,discover,5,0,4,15,15,cab888487e7572de37a55f0e8c3ec060,3119,4.809233728759217,133.0,15,1188,1561,False,ok,False,False,
adaptive,interactive-discover-5,discover,5,1,4,3,3,7fc43bb183e4fb0238576536413c6c45,1782,1.6835016835016834,131.0,3,560,908,False,ok,False,False,
adaptive,interactive-discover-5,discover,5,2,4,3,3,2543010e761cb36b6f0c3e103e58af43,1381,2.172338884866039,117.0,3,734,824,False,ok,False,False,
adaptive,interactive-discover-5,discover,5,3,4,4,4,76fc6cfa5c07ff3011e9f2d7ac2ae7e0,1241,3.2232070910556,91.0,4,527,772,False,ok,False,False,
adaptive,interactive-discover-5,discover,5,4,4,20,20,880a30fb8a9114b4807acb78d9e7d141,2291,8.729812309035356,121.0,20,497,731,False,ok,False,False,
adaptive,interactive-discover-5,discover,5,0,5,15,15,cab888487e7572de37a55f0e8c3ec060,1868,8.029978586723768,133.0,15,533,761,False,ok,False,False,
adaptive,interactive-discover-5,discover,5,1,5,3,3,7fc43bb183e4fb0238576536413c6c45,1451,2.067539627842867,131.0,3,508,1004,False,ok,False,False,
adaptive,interactive-discover-5,discover,5,2,5,3,3,2543010e761cb36b6f0c3e103e58af43,1437,2.08768267223382,117.0,3,592,651,False,ok,False,False,
adaptive,interactive-discover-5,discover,5,3,5,4,4,76fc6cfa5c07ff3011e9f2d7ac2ae7e0,1274,3.1397174254317113,91.0,4,522,737,False,ok,False,False,
adaptive,interactive-discover-5,discover,5,4,5,20,20,880a30fb8a9114b4807acb78d9e7d141,1549,12.91155584247902,121.0,20,605,750,False,ok,False,False,
adaptive,interactive-discover-6,discover,6,0,0,33,33,240c19f39eed1e3ac67718ff57b63a0d,117511,0.28082477385095866,10475.0,33,734,1620,False,ok,False,False,
adaptive,interactive-discover-6,discover,6,1,0,1,1,cd3466cc43b32ce51d8f13d5516f2ef2,1913,0.5227391531625719,131.0,1,1660,1660,False,ok,False,False,
adaptive,interactive-discover-6,discover,6,2,0,1,1,29960679941029d6a70f26d6904d3728,1754,0.5701254275940707,117.0,1,1493,1493,False,ok,False,False,
adaptive,interactive-discover-6,discover,6,3,0,2,2,dda32920d34bcd8a1bf9ed13c89c4b4d,113086,0.01768565516509559,10497.0,2,1558,1558,False,ok,False,False,
adaptive,interactive-discover-6,discover,6,4,0,27,27,613936d3d666a311d54e99e3a8f9cdad,2039,13.241785188818048,121.0,27,1195,1547,False,ok,False,False,
adaptive,interactive-discover-6,discover,6,0,1,33,33,240c19f39eed1e3ac67718ff57b63a0d,118499,0.2784833627287994,10479.0,33,1416,1655,False,ok,False,False,
adaptive,interactive-discover-6,discover,6,1,1,1,1,cd3466cc43b32ce51d8f13d5516f2ef2,1915,0.5221932114882506,131.0,1,1684,1684,False,ok,False,False,
adaptive,interactive-discover-6,discover,6,2,1,1,1,29960679941029d6a70f26d6904d3728,1738,0.5753739930955121,117.0,1,1290,1290,False,ok,False,False,
adaptive,interactive-discover-6,discover,6,3,1,2,2,dda32920d34bcd8a1bf9ed13c89c4b4d,116894,0.01710951802487724,10497.0,2,1454,1472,False,ok,False,False,
adaptive,interactive-discover-6,discover,6,4,1,27,27,613936d3d666a311d54e99e3a8f9cdad,2067,13.062409288824382,121.0,27,1294,1452,False,ok,False,False,
adaptive,interactive-discover-6,discover,6,0,2,33,33,240c19f39eed1e3ac67718ff57b63a0d,116175,0.28405422853453843,10479.0,33,1232,1550,False,ok,False,False,
adaptive,interactive-discover-6,discover,6,1,2,1,1,cd3466cc43b32ce51d8f13d5516f2ef2,1886,0.5302226935312832,131.0,1,1653,1653,False,ok,False,False,
adaptive,interactive-discover-6,discover,6,2,2,1,1,29960679941029d6a70f26d6904d3728,1742,0.574052812858783,117.0,1,1317,1317,False,ok,False,False,
adaptive,interactive-discover-6,discover,6,3,2,2,2,dda32920d34bcd8a1bf9ed13c89c4b4d,114524,0.01746358841814816,10497.0,2,1252,1260,False,ok,False,False,
adaptive,interactive-discover-6,discover,6,4,2,27,27,613936d3d666a311d54e99e3a8f9cdad,2064,13.081395348837209,121.0,27,1151,1353,False,ok,False,False,
adaptive,interactive-discover-6,discover,6,0,3,33,33,240c19f39eed1e3ac67718ff57b63a0d,115647,0.2853511115722846,10479.0,33,1158,1343,False,ok,False,False,
adaptive,interactive-discover-6,discover,6,1,3,1,1,cd3466cc43b32ce51d8f13d5516f2ef2,1907,0.5243838489774515,131.0,1,1652,1652,False,ok,False,False,
adaptive,interactive-discover-6,discover,6,2,3,1,1,29960679941029d6a70f26d6904d3728,1749,0.5717552887364208,117.0,1,1307,1307,False,ok,False,False,
adaptive,interactive-discover-6,discover,6,3,3,2,2,dda32920d34bcd8a1bf9ed13c89c4b4d,113068,0.017688470654827183,10497.0,2,1202,1264,False,ok,False,False,
adaptive,interactive-discover-6,discover,6,4,3,27,27,613936d3d666a311d54e99e3a8f9cdad,2036,13.261296660117878,121.0,27,1162,1317,False,ok,False,False,
adaptive,interactive-discover-6,discover,6,0,4,33,33,240c19f39eed1e3ac67718ff57b63a0d,111905,0.29489298958938387,10479.0,33,1093,1414,False,ok,False,False,
adaptive,interactive-discover-6,discover,6,1,4,1,1,cd3466cc43b32ce51d8f13d5516f2ef2,1876,0.5330490405117271,131.0,1,1642,1642,False,ok,False,False,
adaptive,interactive-discover-6,discover,6,2,4,1,1,29960679941029d6a70f26d6904d3728,1748,0.5720823798627003,117.0,1,1290,1290,False,ok,False,False,
adaptive,interactive-discover-6,discover,6,3,4,2,2,dda32920d34bcd8a1bf9ed13c89c4b4d,112640,0.01775568181818182,10497.0,2,1185,1204,False,ok,False,False,
adaptive,interactive-discover-6,discover,6,4,4,27,27,613936d3d666a311d54e99e3a8f9cdad,2004,13.47305389221557,121.0,27,1132,1516,False,ok,False,False,
adaptive,interactive-discover-6,discover,6,0,5,33,33,240c19f39eed1e3ac67718ff57b63a0d,110652,0.29823229584643746,10479.0,33,1227,1420,False,ok,False,False,
adaptive,interactive-discover-6,discover,6,1,5,1,1,cd3466cc43b32ce51d8f13d5516f2ef2,1882,0.5313496280552604,131.0,1,1399,1399,False,ok,False,False,
adaptive,interactive-discover-6,discover,6,2,5,1,1,29960679941029d6a70f26d6904d3728,1752,0.5707762557077626,117.0,1,1304,1304,False,ok,False,False,
adaptive,interactive-discover-6,discover,6,3,5,2,2,dda32920d34bcd8a1bf9ed13c89c4b4d,113796,0.017575310204225102,10497.0,2,1211,1527,False,ok,False,False,
adaptive,interactive-discover-6,discover,6,4,5,27,27,613936d3d666a311d54e99e3a8f9cdad,2044,13.209393346379647,121.0,27,1182,1340,False,ok,False,False,
adaptive,interactive-discover-7,discover,7,0,0,2,2,d8614c4f7b4fe0cc2f1623d07244cf20,300106,0.006664311943113434,,2,1216,3604,True,timeout,True,False,"Unexpected ""!"" at position 0 in state STOP"
adaptive,interactive-discover-7,discover,7,1,0,1,1,75ab2bd12ac1e16dcc02f8c9e8d97308,2298,0.4351610095735422,131.0,1,2053,2053,False,ok,False,False,
adaptive,interactive-discover-7,discover,7,2,0,1,1,faf54113a5297c559416a2dd78b9cc86,1917,0.5216484089723527,117.0,1,1463,1463,False,ok,False,False,
adaptive,interactive-discover-7,discover,7,3,0,2,2,d2faccc09255b3a49e90b46ed45ffe1d,304552,0.006567023037116814,,2,1820,3974,True,timeout,True,False,terminated
adaptive,interactive-discover-7,discover,7,4,0,1,1,3ee14484ce425fdbae40700cdd59c0d2,3661,0.27314941272876264,121.0,1,1794,1794,False,ok,False,False,
adaptive,interactive-discover-7,discover,7,0,1,2,2,d8614c4f7b4fe0cc2f1623d07244cf20,300011,0.006666422231184856,,2,1350,4280,True,timeout,True,False,"Unexpected ""!"" at position 0 in state STOP"
adaptive,interactive-discover-7,discover,7,1,1,1,1,75ab2bd12ac1e16dcc02f8c9e8d97308,2265,0.44150110375275936,131.0,1,1818,1818,False,ok,False,False,
adaptive,interactive-discover-7,discover,7,2,1,1,1,faf54113a5297c559416a2dd78b9cc86,2504,0.3993610223642173,117.0,1,2390,2390,False,ok,False,False,
adaptive,interactive-discover-7,discover,7,3,1,2,2,d2faccc09255b3a49e90b46ed45ffe1d,300012,0.00666640001066624,,2,1538,4089,True,timeout,True,False,"Unexpected ""!"" at position 0 in state STOP"
adaptive,interactive-discover-7,discover,7,4,1,1,1,3ee14484ce425fdbae40700cdd59c0d2,3245,0.3081664098613251,121.0,1,1784,1784,False,ok,False,False,
adaptive,interactive-discover-7,discover,7,0,2,2,2,d8614c4f7b4fe0cc2f1623d07244cf20,300010,0.006666444451851605,,2,1266,4254,True,timeout,True,False,"Unexpected ""!"" at position 0 in state STOP"
adaptive,interactive-discover-7,discover,7,1,2,1,1,75ab2bd12ac1e16dcc02f8c9e8d97308,2773,0.36062026685899745,131.0,1,2398,2398,False,ok,False,False,
adaptive,interactive-discover-7,discover,7,2,2,1,1,faf54113a5297c559416a2dd78b9cc86,1834,0.5452562704471101,117.0,1,1139,1139,False,ok,False,False,
adaptive,interactive-discover-7,discover,7,3,2,2,2,d2faccc09255b3a49e90b46ed45ffe1d,300010,0.006666444451851605,,2,1630,3742,True,timeout,True,False,"Unexpected ""!"" at position 0 in state STOP"
adaptive,interactive-discover-7,discover,7,4,2,1,1,3ee14484ce425fdbae40700cdd59c0d2,2875,0.34782608695652173,121.0,1,1700,1700,False,ok,False,False,
adaptive,interactive-discover-7,discover,7,0,3,2,2,d8614c4f7b4fe0cc2f1623d07244cf20,300009,0.006666466672666486,,2,1283,3594,True,timeout,True,False,"Unexpected ""!"" at position 0 in state STOP"
adaptive,interactive-discover-7,discover,7,1,3,1,1,75ab2bd12ac1e16dcc02f8c9e8d97308,2829,0.3534817956875221,131.0,1,2575,2575,False,ok,False,False,
adaptive,interactive-discover-7,discover,7,2,3,1,1,faf54113a5297c559416a2dd78b9cc86,1797,0.5564830272676684,117.0,1,1385,1385,False,ok,False,False,
adaptive,interactive-discover-7,discover,7,3,3,2,2,d2faccc09255b3a49e90b46ed45ffe1d,304472,0.006568748522031583,,2,1676,3887,True,timeout,True,False,terminated
adaptive,interactive-discover-7,discover,7,4,3,1,1,3ee14484ce425fdbae40700cdd59c0d2,3954,0.25290844714213456,121.0,1,2383,2383,False,ok,False,False,
adaptive,interactive-discover-7,discover,7,0,4,2,2,d8614c4f7b4fe0cc2f1623d07244cf20,300010,0.006666444451851605,,2,1267,3373,True,timeout,True,False,"Unexpected ""!"" at position 0 in state STOP"
adaptive,interactive-discover-7,discover,7,1,4,1,1,75ab2bd12ac1e16dcc02f8c9e8d97308,2811,0.35574528637495556,131.0,1,2674,2674,False,ok,False,False,
adaptive,interactive-discover-7,discover,7,2,4,1,1,faf54113a5297c559416a2dd78b9cc86,1757,0.5691519635742743,117.0,1,1410,1410,False,ok,False,False,
adaptive,interactive-discover-7,discover,7,3,4,2,2,d2faccc09255b3a49e90b46ed45ffe1d,300008,0.006666488893629504,,2,1226,3811,True,timeout,True,False,"Unexpected ""!"" at position 0 in state STOP"
adaptive,interactive-discover-7,discover,7,4,4,1,1,3ee14484ce425fdbae40700cdd59c0d2,2595,0.3853564547206165,121.0,1,1603,1603,False,ok,False,False,
adaptive,interactive-discover-7,discover,7,0,5,2,2,d8614c4f7b4fe0cc2f1623d07244cf20,300008,0.006666488893629504,,2,1484,3260,True,timeout,True,False,"Unexpected ""!"" at position 0 in state STOP"
adaptive,interactive-discover-7,discover,7,1,5,1,1,75ab2bd12ac1e16dcc02f8c9e8d97308,2114,0.4730368968779565,131.0,1,1679,1679,False,ok,False,False,
adaptive,interactive-discover-7,discover,7,2,5,1,1,faf54113a5297c559416a2dd78b9cc86,1822,0.548847420417124,117.0,1,1403,1403,False,ok,False,False,
adaptive,interactive-discover-7,discover,7,3,5,2,2,d2faccc09255b3a49e90b46ed45ffe1d,300010,0.006666444451851605,,2,1613,3947,True,timeout,True,False,"Unexpected ""!"" at position 0 in state STOP"
adaptive,interactive-discover-7,discover,7,4,5,1,1,3ee14484ce425fdbae40700cdd59c0d2,2661,0.37579857196542654,121.0,1,1766,1766,False,ok,False,False,
adaptive,interactive-discover-8,discover,8,0,0,10,10,bb71a2c609d69621c29d6ac5e530728c,4936,2.025931928687196,79.0,10,4648,4935,False,ok,False,False,
adaptive,interactive-discover-8,discover,8,1,0,10,10,ebb47d8ca6e932b6fbd3918e5b7aad4d,3932,2.5432349949135302,72.0,10,3920,3931,False,ok,False,False,
adaptive,interactive-discover-8,discover,8,2,0,10,10,02edc19b505884733e65dea4a8e228e6,8335,1.1997600479904018,120.0,10,3772,8334,False,ok,False,False,
adaptive,interactive-discover-8,discover,8,3,0,10,10,454f7fa6f2e7864d677b4dd719fb028e,1959,5.104645227156713,35.0,10,438,1959,False,ok,False,False,
adaptive,interactive-discover-8,discover,8,4,0,10,10,2cc6079c9cce80ae89cb92d5da7a89fa,709,14.104372355430185,7.0,10,709,709,False,ok,False,False,
adaptive,interactive-discover-8,discover,8,0,1,10,10,bb71a2c609d69621c29d6ac5e530728c,4339,2.3046784973496197,79.0,10,4256,4338,False,ok,False,False,
adaptive,interactive-discover-8,discover,8,1,1,10,10,ebb47d8ca6e932b6fbd3918e5b7aad4d,453,22.075055187637968,7.0,10,446,452,False,ok,False,False,
adaptive,interactive-discover-8,discover,8,2,1,10,10,02edc19b505884733e65dea4a8e228e6,7366,1.357588922074396,119.0,10,2754,7365,False,ok,False,False,
adaptive,interactive-discover-8,discover,8,3,1,10,10,18876770e258fe90e568a3b98a6f967c,1920,5.208333333333334,34.0,10,447,1920,False,ok,False,False,
adaptive,interactive-discover-8,discover,8,4,1,10,10,2cc6079c9cce80ae89cb92d5da7a89fa,716,13.966480446927374,7.0,10,715,715,False,ok,False,False,
adaptive,interactive-discover-8,discover,8,0,2,10,10,b3c50700e2c852e198494448b9c81e13,2455,4.0733197556008145,41.0,10,772,2454,False,ok,False,False,
adaptive,interactive-discover-8,discover,8,1,2,10,10,ebb47d8ca6e932b6fbd3918e5b7aad4d,463,21.59827213822894,7.0,10,457,463,False,ok,False,False,
adaptive,interactive-discover-8,discover,8,2,2,10,10,696a5ff054054d306565466df4bcdc06,7069,1.4146272457207525,48.0,10,5737,7065,False,ok,False,False,
adaptive,interactive-discover-8,discover,8,3,2,10,10,2a2d07f761c3890dd6e328f05b94cc34,2437,4.1034058268362745,45.0,10,442,2437,False,ok,False,False,
adaptive,interactive-discover-8,discover,8,4,2,10,10,2cc6079c9cce80ae89cb92d5da7a89fa,759,13.175230566534914,8.0,10,758,758,False,ok,False,False,
adaptive,interactive-discover-8,discover,8,0,3,7,7,481451514bfc3ccbce926af6cb90eaf9,300055,0.02332905633967106,,7,836,2005,True,timeout,True,False,"Unexpected ""!"" at position 0 in state STOP"
adaptive,interactive-discover-8,discover,8,1,3,10,10,ebb47d8ca6e932b6fbd3918e5b7aad4d,766,13.054830287206267,7.0,10,687,757,False,ok,False,False,
adaptive,interactive-discover-8,discover,8,2,3,10,10,02edc19b505884733e65dea4a8e228e6,8843,1.1308379509216329,116.0,10,4296,8842,False,ok,False,False,
adaptive,interactive-discover-8,discover,8,3,3,10,10,2a2d07f761c3890dd6e328f05b94cc34,2508,3.9872408293460926,45.0,10,451,2507,False,ok,False,False,
adaptive,interactive-discover-8,discover,8,4,3,10,10,2cc6079c9cce80ae89cb92d5da7a89fa,958,10.438413361169102,11.0,10,958,958,False,ok,False,False,
adaptive,interactive-discover-8,discover,8,0,4,3,3,37935d33864ebe7908948801f9933152,300019,0.009999366706775238,,3,1189,1945,True,timeout,True,False,"Unexpected ""!"" at position 0 in state STOP"
adaptive,interactive-discover-8,discover,8,1,4,10,10,ebb47d8ca6e932b6fbd3918e5b7aad4d,796,12.562814070351758,7.0,10,757,783,False,ok,False,False,
adaptive,interactive-discover-8,discover,8,2,4,10,10,02edc19b505884733e65dea4a8e228e6,9083,1.100957833314984,118.0,10,4419,9082,False,ok,False,False,
adaptive,interactive-discover-8,discover,8,3,4,10,10,ce85064b80cf037c9270f88dbebcdfdb,1971,5.073566717402334,35.0,10,446,1970,False,ok,False,False,
adaptive,interactive-discover-8,discover,8,4,4,10,10,2cc6079c9cce80ae89cb92d5da7a89fa,1110,9.009009009009008,8.0,10,1109,1110,False,ok,False,False,
adaptive,interactive-discover-8,discover,8,0,5,8,8,5a7ded05c45eafe5ad326645ad666d9f,300184,0.02665032113636969,,8,813,2392,True,timeout,True,False,"Unexpected ""!"" at position 0 in state STOP"
adaptive,interactive-discover-8,discover,8,1,5,10,10,ebb47d8ca6e932b6fbd3918e5b7aad4d,757,13.21003963011889,6.0,10,736,756,False,ok,False,False,
adaptive,interactive-discover-8,discover,8,2,5,10,10,02edc19b505884733e65dea4a8e228e6,8868,1.1276499774470004,118.0,10,4124,8867,False,ok,False,False,
adaptive,interactive-discover-8,discover,8,3,5,10,10,2a2d07f761c3890dd6e328f05b94cc34,2603,3.8417210910487896,45.0,10,454,2602,False,ok,False,False,
adaptive,interactive-discover-8,discover,8,4,5,10,10,2cc6079c9cce80ae89cb92d5da7a89fa,911,10.97694840834248,10.0,10,910,911,False,ok,False,False,
adaptive,interactive-short-1,short,1,0,0,1,1,6b641713c69378408c911f18ba9ba38b,2189,0.4568296025582458,135.0,1,366,366,False,ok,False,False,
adaptive,interactive-short-1,short,1,1,0,1,1,f02ab3570928d3fc74a51ceb7a4a39ac,1846,0.5417118093174431,133.0,1,330,330,False,ok,False,False,
adaptive,interactive-short-1,short,1,2,0,1,1,ff4ea17b4281fdba2a7a842efe3a722a,1700,0.5882352941176471,119.0,1,338,338,False,ok,False,False,
adaptive,interactive-short-1,short,1,3,0,1,1,64191c6d5f502dc3f35888f44214ade1,2346,0.42625745950554134,93.0,1,343,343,False,ok,False,False,
adaptive,interactive-short-1,short,1,4,0,1,1,d8972c3dd7a9ab1cc6d9b0773f1037c3,1942,0.5149330587023687,123.0,1,354,354,False,ok,False,False,
adaptive,interactive-short-1,short,1,0,1,1,1,6b641713c69378408c911f18ba9ba38b,1884,0.5307855626326964,135.0,1,360,360,False,ok,False,False,
adaptive,interactive-short-1,short,1,1,1,1,1,f02ab3570928d3fc74a51ceb7a4a39ac,1414,0.7072135785007072,133.0,1,323,323,False,ok,False,False,
adaptive,interactive-short-1,short,1,2,1,1,1,ff4ea17b4281fdba2a7a842efe3a722a,1368,0.7309941520467835,119.0,1,329,329,False,ok,False,False,
adaptive,interactive-short-1,short,1,3,1,1,1,64191c6d5f502dc3f35888f44214ade1,1215,0.8230452674897119,93.0,1,324,324,False,ok,False,False,
adaptive,interactive-short-1,short,1,4,1,1,1,d8972c3dd7a9ab1cc6d9b0773f1037c3,1574,0.6353240152477764,123.0,1,350,350,False,ok,False,False,
adaptive,interactive-short-1,short,1,0,2,1,1,6b641713c69378408c911f18ba9ba38b,1627,0.6146281499692686,135.0,1,319,319,False,ok,False,False,
adaptive,interactive-short-1,short,1,1,2,1,1,f02ab3570928d3fc74a51ceb7a4a39ac,1420,0.7042253521126761,133.0,1,338,338,False,ok,False,False,
adaptive,interactive-short-1,short,1,2,2,1,1,ff4ea17b4281fdba2a7a842efe3a722a,1329,0.7524454477050414,119.0,1,336,336,False,ok,False,False,
adaptive,interactive-short-1,short,1,3,2,1,1,64191c6d5f502dc3f35888f44214ade1,1243,0.8045052292839903,93.0,1,339,339,False,ok,False,False,
adaptive,interactive-short-1,short,1,4,2,1,1,d8972c3dd7a9ab1cc6d9b0773f1037c3,1804,0.5543237250554324,123.0,1,306,306,False,ok,False,False,
adaptive,interactive-short-1,short,1,0,3,1,1,6b641713c69378408c911f18ba9ba38b,2681,0.37299515106303616,135.0,1,334,334,False,ok,False,False,
adaptive,interactive-short-1,short,1,1,3,1,1,f02ab3570928d3fc74a51ceb7a4a39ac,1666,0.6002400960384154,133.0,1,294,294,False,ok,False,False,
adaptive,interactive-short-1,short,1,2,3,1,1,ff4ea17b4281fdba2a7a842efe3a722a,1578,0.6337135614702154,119.0,1,360,360,False,ok,False,False,
adaptive,interactive-short-1,short,1,3,3,1,1,64191c6d5f502dc3f35888f44214ade1,1308,0.764525993883792,93.0,1,318,318,False,ok,False,False,
adaptive,interactive-short-1,short,1,4,3,1,1,d8972c3dd7a9ab1cc6d9b0773f1037c3,1776,0.5630630630630631,123.0,1,305,305,False,ok,False,False,
adaptive,interactive-short-1,short,1,0,4,1,1,6b641713c69378408c911f18ba9ba38b,1666,0.6002400960384154,135.0,1,311,311,False,ok,False,False,
adaptive,interactive-short-1,short,1,1,4,1,1,f02ab3570928d3fc74a51ceb7a4a39ac,1459,0.6854009595613434,133.0,1,338,338,False,ok,False,False,
adaptive,interactive-short-1,short,1,2,4,1,1,ff4ea17b4281fdba2a7a842efe3a722a,1406,0.7112375533428166,119.0,1,412,412,False,ok,False,False,
adaptive,interactive-short-1,short,1,3,4,1,1,64191c6d5f502dc3f35888f44214ade1,1287,0.7770007770007771,93.0,1,325,325,False,ok,False,False,
adaptive,interactive-short-1,short,1,4,4,1,1,d8972c3dd7a9ab1cc6d9b0773f1037c3,1760,0.5681818181818182,123.0,1,313,313,False,ok,False,False,
adaptive,interactive-short-1,short,1,0,5,1,1,6b641713c69378408c911f18ba9ba38b,1913,0.5227391531625719,135.0,1,310,310,False,ok,False,False,
adaptive,interactive-short-1,short,1,1,5,1,1,f02ab3570928d3fc74a51ceb7a4a39ac,1730,0.5780346820809249,133.0,1,318,318,False,ok,False,False,
adaptive,interactive-short-1,short,1,2,5,1,1,ff4ea17b4281fdba2a7a842efe3a722a,1392,0.7183908045977012,119.0,1,328,328,False,ok,False,False,
adaptive,interactive-short-1,short,1,3,5,1,1,64191c6d5f502dc3f35888f44214ade1,1186,0.8431703204047218,93.0,1,353,353,False,ok,False,False,
adaptive,interactive-short-1,short,1,4,5,1,1,d8972c3dd7a9ab1cc6d9b0773f1037c3,1764,0.5668934240362812,123.0,1,331,331,False,ok,False,False,
adaptive,interactive-short-2,short,2,0,0,0,0,d41d8cd98f00b204e9800998ecf8427e,17,0.0,,0,,,True,unsupported,False,True,"Invalid SPARQL endpoint response from http://localhost:3001/sparql (HTTP status 400):
Query operation processing failed: none of the configured actors were able to handle the operation type nodes
    Error messages of failing actors:
        Actor urn:comunica:default:query-operation/actors#source does not accept the operation nodes.
"
adaptive,interactive-short-2,short,2,1,0,0,0,d41d8cd98f00b204e9800998ecf8427e,11,0.0,,0,,,True,unsupported,False,True,"Invalid SPARQL endpoint response from http://localhost:3001/sparql (HTTP status 400):
Query operation processing failed: none of the configured actors were able to handle the operation type nodes
    Error messages of failing actors:
        Actor urn:comunica:default:query-operation/actors#source does not accept the operation nodes.
"
adaptive,interactive-short-2,short,2,2,0,0,0,d41d8cd98f00b204e9800998ecf8427e,12,0.0,,0,,,True,unsupported,False,True,"Invalid SPARQL endpoint response from http://localhost:3001/sparql (HTTP status 400):
Query operation processing failed: none of the configured actors were able to handle the operation type nodes
    Error messages of failing actors:
        Actor urn:comunica:default:query-operation/actors#source does not accept the operation nodes.
"
adaptive,interactive-short-2,short,2,3,0,0,0,d41d8cd98f00b204e9800998ecf8427e,11,0.0,,0,,,True,unsupported,False,True,"Invalid SPARQL endpoint response from http://localhost:3001/sparql (HTTP status 400):
Query operation processing failed: none of the configured actors were able to handle the operation type nodes
    Error messages of failing actors:
        Actor urn:comunica:default:query-operation/actors#source does not accept the operation nodes.
"
adaptive,interactive-short-2,short,2,4,0,0,0,d41d8cd98f00b204e9800998ecf8427e,45,0.0,,0,,,True,unsupported,False,True,"Invalid SPARQL endpoint response from http://localhost:3001/sparql (HTTP status 400):
Query operation processing failed: none of the configured actors were able to handle the operation type nodes
    Error messages of failing actors:
        Actor urn:comunica:default:query-operation/actors#source does not accept the operation nodes.
"
adaptive,interactive-short-2,short,2,0,1,0,0,d41d8cd98f00b204e9800998ecf8427e,10,0.0,,0,,,True,unsupported,False,True,"Invalid SPARQL endpoint response from http://localhost:3001/sparql (HTTP status 400):
Query operation processing failed: none of the configured actors were able to handle the operation type nodes
    Error messages of failing actors:
        Actor urn:comunica:default:query-operation/actors#source does not accept the operation nodes.
"
adaptive,interactive-short-2,short,2,1,1,0,0,d41d8cd98f00b204e9800998ecf8427e,17,0.0,,0,,,True,unsupported,False,True,"Invalid SPARQL endpoint response from http://localhost:3001/sparql (HTTP status 400):
Query operation processing failed: none of the configured actors were able to handle the operation type nodes
    Error messages of failing actors:
        Actor urn:comunica:default:query-operation/actors#source does not accept the operation nodes.
"
adaptive,interactive-short-2,short,2,2,1,0,0,d41d8cd98f00b204e9800998ecf8427e,20,0.0,,0,,,True,unsupported,False,True,"Invalid SPARQL endpoint response from http://localhost:3001/sparql (HTTP status 400):
Query operation processing failed: none of the configured actors were able to handle the operation type nodes
    Error messages of failing actors:
        Actor urn:comunica:default:query-operation/actors#source does not accept the operation nodes.
"
adaptive,interactive-short-2,short,2,3,1,0,0,d41d8cd98f00b204e9800998ecf8427e,11,0.0,,0,,,True,unsupported,False,True,"Invalid SPARQL endpoint response from http://localhost:3001/sparql (HTTP status 400):
Query operation processing failed: none of the configured actors were able to handle the operation type nodes
    Error messages of failing actors:
        Actor urn:comunica:default:query-operation/actors#source does not accept the operation nodes.
"
adaptive,interactive-short-2,short,2,4,1,0,0,d41d8cd98f00b204e9800998ecf8427e,19,0.0,,0,,,True,unsupported,False,True,"Invalid SPARQL endpoint response from http://localhost:3001/sparql (HTTP status 400):
Query operation processing failed: none of the configured actors were able to handle the operation type nodes
    Error messages of failing actors:
        Actor urn:comunica:default:query-operation/actors#source does not accept the operation nodes.
"
adaptive,interactive-short-2,short,2,0,2,0,0,d41d8cd98f00b204e9800998ecf8427e,48,0.0,,0,,,True,unsupported,False,True,"Invalid SPARQL endpoint response from http://localhost:3001/sparql (HTTP status 400):
Query operation processing failed: none of the configured actors were able to handle the operation type nodes
    Error messages of failing actors:
        Actor urn:comunica:default:query-operation/actors#source does not accept the operation nodes.
"
adaptive,interactive-short-2,short,2,1,2,0,0,d41d8cd98f00b204e9800998ecf8427e,22,0.0,,0,,,True,unsupported,False,True,"Invalid SPARQL endpoint response from http://localhost:3001/sparql (HTTP status 400):
Query operation processing failed: none of the configured actors were able to handle the operation type nodes
    Error messages of failing actors:
        Actor urn:comunica:default:query-operation/actors#source does not accept the operation nodes.
"
adaptive,interactive-short-2,short,2,2,2,0,0,d41d8cd98f00b204e9800998ecf8427e,42,0.0,,0,,,True,unsupported,False,True,"Invalid SPARQL endpoint response from http://localhost:3001/sparql (HTTP status 400):
Query operation processing failed: none of the configured actors were able to handle the operation type nodes
    Error messages of failing actors:
        Actor urn:comunica:default:query-operation/actors#source does not accept the operation nodes.
"
adaptive,interactive-short-2,short,2,3,2,0,0,d41d8cd98f00b204e9800998ecf8427e,387,0.0,,0,,,True,unsupported,False,True,"Invalid SPARQL endpoint response from http://localhost:3001/sparql (HTTP status 400):
Query operation processing failed: none of the configured actors were able to handle the operation type nodes
    Error messages of failing actors:
        Actor urn:comunica:default:query-operation/actors#source does not accept the operation nodes.
"
adaptive,interactive-short-2,short,2,4,2,0,0,d41d8cd98f00b204e9800998ecf8427e,22,0.0,,0,,,True,unsupported,False,True,"Invalid SPARQL endpoint response from http://localhost:3001/sparql (HTTP status 400):
Query operation processing failed: none of the configured actors were able to handle the operation type nodes
    Error messages of failing actors:
        Actor urn:comunica:default:query-operation/actors#source does not accept the operation nodes.
"
adaptive,interactive-short-2,short,2,0,3,0,0,d41d8cd98f00b204e9800998ecf8427e,53,0.0,,0,,,True,unsupported,False,True,"Invalid SPARQL endpoint response from http://localhost:3001/sparql (HTTP status 400):
Query operation processing failed: none of the configured actors were able to handle the operation type nodes
    Error messages of failing actors:
        Actor urn:comunica:default:query-operation/actors#source does not accept the operation nodes.
"
adaptive,interactive-short-2,short,2,1,3,0,0,d41d8cd98f00b204e9800998ecf8427e,27,0.0,,0,,,True,unsupported,False,True,"Invalid SPARQL endpoint response from http://localhost:3001/sparql (HTTP status 400):
Query operation processing failed: none of the configured actors were able to handle the operation type nodes
    Error messages of failing actors:
        Actor urn:comunica:default:query-operation/actors#source does not accept the operation nodes.
"
adaptive,interactive-short-2,short,2,2,3,0,0,d41d8cd98f00b204e9800998ecf8427e,25,0.0,,0,,,True,unsupported,False,True,"Invalid SPARQL endpoint response from http://localhost:3001/sparql (HTTP status 400):
Query operation processing failed: none of the configured actors were able to handle the operation type nodes
    Error messages of failing actors:
        Actor urn:comunica:default:query-operation/actors#source does not accept the operation nodes.
"
adaptive,interactive-short-2,short,2,3,3,0,0,d41d8cd98f00b204e9800998ecf8427e,58,0.0,,0,,,True,unsupported,False,True,"Invalid SPARQL endpoint response from http://localhost:3001/sparql (HTTP status 400):
Query operation processing failed: none of the configured actors were able to handle the operation type nodes
    Error messages of failing actors:
        Actor urn:comunica:default:query-operation/actors#source does not accept the operation nodes.
"
adaptive,interactive-short-2,short,2,4,3,0,0,d41d8cd98f00b204e9800998ecf8427e,701,0.0,,0,,,True,unsupported,False,True,"Invalid SPARQL endpoint response from http://localhost:3001/sparql (HTTP status 400):
Query operation processing failed: none of the configured actors were able to handle the operation type nodes
    Error messages of failing actors:
        Actor urn:comunica:default:query-operation/actors#source does not accept the operation nodes.
"
adaptive,interactive-short-2,short,2,0,4,0,0,d41d8cd98f00b204e9800998ecf8427e,68,0.0,,0,,,True,unsupported,False,True,"Invalid SPARQL endpoint response from http://localhost:3001/sparql (HTTP status 400):
Query operation processing failed: none of the configured actors were able to handle the operation type nodes
    Error messages of failing actors:
        Actor urn:comunica:default:query-operation/actors#source does not accept the operation nodes.
"
adaptive,interactive-short-2,short,2,1,4,0,0,d41d8cd98f00b204e9800998ecf8427e,77,0.0,,0,,,True,unsupported,False,True,"Invalid SPARQL endpoint response from http://localhost:3001/sparql (HTTP status 400):
Query operation processing failed: none of the configured actors were able to handle the operation type nodes
    Error messages of failing actors:
        Actor urn:comunica:default:query-operation/actors#source does not accept the operation nodes.
"
adaptive,interactive-short-2,short,2,2,4,0,0,d41d8cd98f00b204e9800998ecf8427e,86,0.0,,0,,,True,unsupported,False,True,"Invalid SPARQL endpoint response from http://localhost:3001/sparql (HTTP status 400):
Query operation processing failed: none of the configured actors were able to handle the operation type nodes
    Error messages of failing actors:
        Actor urn:comunica:default:query-operation/actors#source does not accept the operation nodes.
"
adaptive,interactive-short-2,short,2,3,4,0,0,d41d8cd98f00b204e9800998ecf8427e,306,0.0,,0,,,True,unsupported,False,True,"Invalid SPARQL endpoint response from http://localhost:3001/sparql (HTTP status 400):
Query operation processing failed: none of the configured actors were able to handle the operation type nodes
    Error messages of failing actors:
        Actor urn:comunica:default:query-operation/actors#source does not accept the operation nodes.
"
adaptive,interactive-short-2,short,2,4,4,0,0,d41d8cd98f00b204e9800998ecf8427e,65,0.0,,0,,,True,unsupported,False,True,"Invalid SPARQL endpoint response from http://localhost:3001/sparql (HTTP status 400):
Query operation processing failed: none of the configured actors were able to handle the operation type nodes
    Error messages of failing actors:
        Actor urn:comunica:default:query-operation/actors#source does not accept the operation nodes.
"
adaptive,interactive-short-2,short,2,0,5,0,0,d41d8cd98f00b204e9800998ecf8427e,53,0.0,,0,,,True,unsupported,False,True,"Invalid SPARQL endpoint response from http://localhost:3001/sparql (HTTP status 400):
Query operation processing failed: none of the configured actors were able to handle the operation type nodes
    Error messages of failing actors:
        Actor urn:comunica:default:query-operation/actors#source does not accept the operation nodes.
"
adaptive,interactive-short-2,short,2,1,5,0,0,d41d8cd98f00b204e9800998ecf8427e,52,0.0,,0,,,True,unsupported,False,True,"Invalid SPARQL endpoint response from http://localhost:3001/sparql (HTTP status 400):
Query operation processing failed: none of the configured actors were able to handle the operation type nodes
    Error messages of failing actors:
        Actor urn:comunica:default:query-operation/actors#source does not accept the operation nodes.
"
adaptive,interactive-short-2,short,2,2,5,0,0,d41d8cd98f00b204e9800998ecf8427e,31,0.0,,0,,,True,unsupported,False,True,"Invalid SPARQL endpoint response from http://localhost:3001/sparql (HTTP status 400):
Query operation processing failed: none of the configured actors were able to handle the operation type nodes
    Error messages of failing actors:
        Actor urn:comunica:default:query-operation/actors#source does not accept the operation nodes.
"
adaptive,interactive-short-2,short,2,3,5,0,0,d41d8cd98f00b204e9800998ecf8427e,21,0.0,,0,,,True,unsupported,False,True,"Invalid SPARQL endpoint response from http://localhost:3001/sparql (HTTP status 400):
Query operation processing failed: none of the configured actors were able to handle the operation type nodes
    Error messages of failing actors:
        Actor urn:comunica:default:query-operation/actors#source does not accept the operation nodes.
"
adaptive,interactive-short-2,short,2,4,5,0,0,d41d8cd98f00b204e9800998ecf8427e,14,0.0,,0,,,True,unsupported,False,True,"Invalid SPARQL endpoint response from http://localhost:3001/sparql (HTTP status 400):
Query operation processing failed: none of the configured actors were able to handle the operation type nodes
    Error messages of failing actors:
        Actor urn:comunica:default:query-operation/actors#source does not accept the operation nodes.
"
adaptive,interactive-short-3,short,3,0,0,6,6,94a7afc7ea99f34470fdee44220596fb,300074,0.019995067883255464,,6,4662,8788,True,timeout,True,False,"Unexpected ""!"" at position 0 in state STOP"
adaptive,interactive-short-3,short,3,1,0,14,14,7c3b87cdebbe1f728ae9572c33af5445,300107,0.04665002815662413,,14,1822,5577,True,timeout,True,False,"Unexpected ""!"" at position 0 in state STOP"
adaptive,interactive-short-3,short,3,2,0,4,4,0db89652e8b79b87e98cc7bf5022ef43,300110,0.013328446236379993,,4,1566,1566,True,timeout,True,False,"Unexpected ""!"" at position 0 in state STOP"
adaptive,interactive-short-3,short,3,3,0,22,22,6661f58650b557e11764a3d453197934,300112,0.07330596577277816,,22,2031,2336,True,timeout,True,False,"Unexpected ""!"" at position 0 in state STOP"
adaptive,interactive-short-3,short,3,4,0,12,12,9392d28525000f64038275b0a6a5fa4e,300110,0.03998533870913998,,12,1376,2750,True,timeout,True,False,"Unexpected ""!"" at position 0 in state STOP"
adaptive,interactive-short-3,short,3,0,1,6,6,94a7afc7ea99f34470fdee44220596fb,300111,0.019992602736987317,,6,1734,2061,True,timeout,True,False,"Unexpected ""!"" at position 0 in state STOP"
adaptive,interactive-short-3,short,3,1,1,14,14,7c3b87cdebbe1f728ae9572c33af5445,300110,0.046649561827329974,,14,2088,2189,True,timeout,True,False,"Unexpected ""!"" at position 0 in state STOP"
adaptive,interactive-short-3,short,3,2,1,4,4,0db89652e8b79b87e98cc7bf5022ef43,300105,0.013328668299428532,,4,1288,1521,True,timeout,True,False,"Unexpected ""!"" at position 0 in state STOP"
adaptive,interactive-short-3,short,3,3,1,23,23,2663fa1e89522c1f3da366097ea519b9,300111,0.07663831049178471,,23,2340,10366,True,timeout,True,False,"Unexpected ""!"" at position 0 in state STOP"
adaptive,interactive-short-3,short,3,4,1,13,13,446e14ad3193384b4f54a9204b1b601f,300110,0.043317450268234976,,13,1360,13625,True,timeout,True,False,"Unexpected ""!"" at position 0 in state STOP"
adaptive,interactive-short-3,short,3,0,2,6,6,94a7afc7ea99f34470fdee44220596fb,300071,0.01999526778662383,,6,2395,2454,True,timeout,True,False,"Unexpected ""!"" at position 0 in state STOP"
adaptive,interactive-short-3,short,3,1,2,14,14,7c3b87cdebbe1f728ae9572c33af5445,300112,0.04664925094631337,,14,1811,2131,True,timeout,True,False,"Unexpected ""!"" at position 0 in state STOP"
adaptive,interactive-short-3,short,3,2,2,4,4,0db89652e8b79b87e98cc7bf5022ef43,300114,0.013328268591268653,,4,1248,1914,True,timeout,True,False,"Unexpected ""!"" at position 0 in state STOP"
adaptive,interactive-short-3,short,3,3,2,22,22,6661f58650b557e11764a3d453197934,300108,0.07330694283391312,,22,1826,2571,True,timeout,True,False,"Unexpected ""!"" at position 0 in state STOP"
adaptive,interactive-short-3,short,3,4,2,13,13,6a97c367ed15ce3daa2d173909ed4735,300037,0.043327989547955754,,13,1595,16097,True,timeout,True,False,"Unexpected ""!"" at position 0 in state STOP"
adaptive,interactive-short-3,short,3,0,3,6,6,94a7afc7ea99f34470fdee44220596fb,300112,0.019992536119848588,,6,1847,2252,True,timeout,True,False,"Unexpected ""!"" at position 0 in state STOP"
adaptive,interactive-short-3,short,3,1,3,14,14,7c3b87cdebbe1f728ae9572c33af5445,300108,0.04664987271249017,,14,1758,2247,True,timeout,True,False,"Unexpected ""!"" at position 0 in state STOP"
adaptive,interactive-short-3,short,3,2,3,4,4,0db89652e8b79b87e98cc7bf5022ef43,300119,0.013328046541538522,,4,1265,1265,True,timeout,True,False,"Unexpected ""!"" at position 0 in state STOP"
adaptive,interactive-short-3,short,3,3,3,23,23,2663fa1e89522c1f3da366097ea519b9,300108,0.076639076599091,,23,1987,22873,True,timeout,True,False,"Unexpected ""!"" at position 0 in state STOP"
adaptive,interactive-short-3,short,3,4,3,13,13,5c422614e6d724656e2652cce041ec84,300108,0.0433177389473123,,13,3394,30326,True,timeout,True,False,"Unexpected ""!"" at position 0 in state STOP"
adaptive,interactive-short-3,short,3,0,4,6,6,94a7afc7ea99f34470fdee44220596fb,300123,0.019991803360622146,,6,1809,1810,True,timeout,True,False,"Unexpected ""!"" at position 0 in state STOP"
adaptive,interactive-short-3,short,3,1,4,14,14,7c3b87cdebbe1f728ae9572c33af5445,300113,0.04664909550735889,,14,1651,2206,True,timeout,True,False,"Unexpected ""!"" at position 0 in state STOP"
adaptive,interactive-short-3,short,3,2,4,4,4,0db89652e8b79b87e98cc7bf5022ef43,300113,0.013328313002102542,,4,1242,1539,True,timeout,True,False,"Unexpected ""!"" at position 0 in state STOP"
adaptive,interactive-short-3,short,3,3,4,22,22,6661f58650b557e11764a3d453197934,300111,0.07330621003562016,,22,1740,2855,True,timeout,True,False,"Unexpected ""!"" at position 0 in state STOP"
adaptive,interactive-short-3,short,3,4,4,15,15,e517ae211a5a194d17b1f67a82b7d78c,300729,0.04987879452929382,,15,1869,8734,True,timeout,True,False,"Unexpected ""!"" at position 0 in state STOP"
adaptive,interactive-short-3,short,3,0,5,6,6,94a7afc7ea99f34470fdee44220596fb,300030,0.019998000199980003,,6,1056,1975,True,timeout,True,False,"Unexpected ""!"" at position 0 in state STOP"
adaptive,interactive-short-3,short,3,1,5,14,14,7c3b87cdebbe1f728ae9572c33af5445,300108,0.04664987271249017,,14,1772,2248,True,timeout,True,False,"Unexpected ""!"" at position 0 in state STOP"
adaptive,interactive-short-3,short,3,2,5,4,4,0db89652e8b79b87e98cc7bf5022ef43,300113,0.013328313002102542,,4,1170,1459,True,timeout,True,False,"Unexpected ""!"" at position 0 in state STOP"
adaptive,interactive-short-3,short,3,3,5,23,23,2663fa1e89522c1f3da366097ea519b9,300109,0.07663882122828707,,23,2299,9290,True,timeout,True,False,"Unexpected ""!"" at position 0 in state STOP"
adaptive,interactive-short-3,short,3,4,5,13,13,5c422614e6d724656e2652cce041ec84,300043,0.04332712311235389,,13,2378,6878,True,timeout,True,False,"Unexpected ""!"" at position 0 in state STOP"
adaptive,interactive-short-4,short,4,0,0,1,1,be952defdc6bff97ab1d2bd30503bd7a,361,2.770083102493075,3.0,1,242,242,False,ok,False,False,
adaptive,interactive-short-4,short,4,1,0,1,1,c7f96e08adf5efcc4ad5302bc4ebe30f,252,3.9682539682539684,3.0,1,132,132,False,ok,False,False,
adaptive,interactive-short-4,short,4,2,0,1,1,b14fe4f20ab576f2bf485f4d72fc2332,827,1.2091898428053205,27.0,1,263,263,False,ok,False,False,
adaptive,interactive-short-4,short,4,3,0,1,1,c114679689014713f0be71d73de99a0b,1012,0.9881422924901185,37.0,1,297,297,False,ok,False,False,
adaptive,interactive-short-4,short,4,4,0,1,1,c93535a997dcc3e3b4e497b89e662936,244,4.098360655737705,3.0,1,135,135,False,ok,False,False,
adaptive,interactive-short-4,short,4,0,1,1,1,be952defdc6bff97ab1d2bd30503bd7a,216,4.62962962962963,3.0,1,105,105,False,ok,False,False,
adaptive,interactive-short-4,short,4,1,1,1,1,c7f96e08adf5efcc4ad5302bc4ebe30f,222,4.504504504504505,3.0,1,119,119,False,ok,False,False,
adaptive,interactive-short-4,short,4,2,1,1,1,b14fe4f20ab576f2bf485f4d72fc2332,499,2.004008016032064,27.0,1,157,157,False,ok,False,False,
adaptive,interactive-short-4,short,4,3,1,1,1,c114679689014713f0be71d73de99a0b,751,1.3315579227696406,37.0,1,195,195,False,ok,False,False,
adaptive,interactive-short-4,short,4,4,1,1,1,c93535a997dcc3e3b4e497b89e662936,241,4.149377593360996,3.0,1,129,129,False,ok,False,False,
adaptive,interactive-short-4,short,4,0,2,1,1,be952defdc6bff97ab1d2bd30503bd7a,214,4.672897196261682,3.0,1,104,104,False,ok,False,False,
adaptive,interactive-short-4,short,4,1,2,1,1,c7f96e08adf5efcc4ad5302bc4ebe30f,226,4.424778761061947,3.0,1,115,115,False,ok,False,False,
adaptive,interactive-short-4,short,4,2,2,1,1,b14fe4f20ab576f2bf485f4d72fc2332,540,1.8518518518518516,27.0,1,164,164,False,ok,False,False,
adaptive,interactive-short-4,short,4,3,2,1,1,c114679689014713f0be71d73de99a0b,634,1.5772870662460567,37.0,1,188,188,False,ok,False,False,
adaptive,interactive-short-4,short,4,4,2,1,1,c93535a997dcc3e3b4e497b89e662936,227,4.405286343612334,3.0,1,116,116,False,ok,False,False,
adaptive,interactive-short-4,short,4,0,3,1,1,be952defdc6bff97ab1d2bd30503bd7a,230,4.3478260869565215,3.0,1,116,116,False,ok,False,False,
adaptive,interactive-short-4,short,4,1,3,1,1,c7f96e08adf5efcc4ad5302bc4ebe30f,225,4.444444444444445,3.0,1,119,119,False,ok,False,False,
adaptive,interactive-short-4,short,4,2,3,1,1,b14fe4f20ab576f2bf485f4d72fc2332,471,2.1231422505307855,27.0,1,156,156,False,ok,False,False,
adaptive,interactive-short-4,short,4,3,3,1,1,c114679689014713f0be71d73de99a0b,617,1.6207455429497568,37.0,1,187,187,False,ok,False,False,
adaptive,interactive-short-4,short,4,4,3,1,1,c93535a997dcc3e3b4e497b89e662936,224,4.464285714285714,3.0,1,109,109,False,ok,False,False,
adaptive,interactive-short-4,short,4,0,4,1,1,be952defdc6bff97ab1d2bd30503bd7a,214,4.672897196261682,3.0,1,110,110,False,ok,False,False,
adaptive,interactive-short-4,short,4,1,4,1,1,c7f96e08adf5efcc4ad5302bc4ebe30f,213,4.694835680751174,3.0,1,106,106,False,ok,False,False,
adaptive,interactive-short-4,short,4,2,4,1,1,b14fe4f20ab576f2bf485f4d72fc2332,474,2.109704641350211,27.0,1,147,147,False,ok,False,False,
adaptive,interactive-short-4,short,4,3,4,1,1,c114679689014713f0be71d73de99a0b,606,1.6501650165016502,37.0,1,182,182,False,ok,False,False,
adaptive,interactive-short-4,short,4,4,4,1,1,c93535a997dcc3e3b4e497b89e662936,224,4.464285714285714,3.0,1,116,116,False,ok,False,False,
adaptive,interactive-short-4,short,4,0,5,1,1,be952defdc6bff97ab1d2bd30503bd7a,211,4.739336492890995,3.0,1,109,109,False,ok,False,False,
adaptive,interactive-short-4,short,4,1,5,1,1,c7f96e08adf5efcc4ad5302bc4ebe30f,228,4.385964912280701,3.0,1,120,120,False,ok,False,False,
adaptive,interactive-short-4,short,4,2,5,1,1,b14fe4f20ab576f2bf485f4d72fc2332,517,1.9342359767891681,27.0,1,155,155,False,ok,False,False,
adaptive,interactive-short-4,short,4,3,5,1,1,c114679689014713f0be71d73de99a0b,810,1.2345679012345678,37.0,1,176,176,False,ok,False,False,
adaptive,interactive-short-4,short,4,4,5,1,1,c93535a997dcc3e3b4e497b89e662936,207,4.830917874396135,3.0,1,103,103,False,ok,False,False,
adaptive,interactive-short-5,short,5,0,0,1,1,dc0e41612718b8e8febbfed0b6a81235,7006,0.14273479874393377,560.0,1,355,355,False,ok,False,False,
adaptive,interactive-short-5,short,5,1,0,1,1,503ee1b279b823f2e5e6c3c7ad09348a,12288,0.08138020833333333,1142.0,1,359,359,False,ok,False,False,
adaptive,interactive-short-5,short,5,2,0,1,1,f5c7036bdd812461f2fb5aae6b3ae925,46332,0.02158335491668825,4602.0,1,445,445,False,ok,False,False,
adaptive,interactive-short-5,short,5,3,0,1,1,34828ddcb65169a440f3b93e10833a13,1432,0.6983240223463687,76.0,1,404,404,False,ok,False,False,
adaptive,interactive-short-5,short,5,4,0,1,1,85635c1632159d9ccdaa8e67a0da19e7,5664,0.1765536723163842,506.0,1,352,352,False,ok,False,False,
adaptive,interactive-short-5,short,5,0,1,1,1,dc0e41612718b8e8febbfed0b6a81235,6092,0.16414970453053185,560.0,1,320,320,False,ok,False,False,
adaptive,interactive-short-5,short,5,1,1,1,1,503ee1b279b823f2e5e6c3c7ad09348a,14180,0.07052186177715092,1142.0,1,375,375,False,ok,False,False,
adaptive,interactive-short-5,short,5,2,1,1,1,f5c7036bdd812461f2fb5aae6b3ae925,46657,0.021433011123732776,4602.0,1,454,454,False,ok,False,False,
adaptive,interactive-short-5,short,5,3,1,1,1,34828ddcb65169a440f3b93e10833a13,1459,0.6854009595613434,76.0,1,402,402,False,ok,False,False,
adaptive,interactive-short-5,short,5,4,1,1,1,85635c1632159d9ccdaa8e67a0da19e7,5802,0.1723543605653223,506.0,1,371,371,False,ok,False,False,
adaptive,interactive-short-5,short,5,0,2,1,1,dc0e41612718b8e8febbfed0b6a81235,6228,0.16056518946692358,560.0,1,346,346,False,ok,False,False,
adaptive,interactive-short-5,short,5,1,2,1,1,503ee1b279b823f2e5e6c3c7ad09348a,12617,0.0792581437742728,1142.0,1,363,363,False,ok,False,False,
adaptive,interactive-short-5,short,5,2,2,1,1,f5c7036bdd812461f2fb5aae6b3ae925,46696,0.021415110501970192,4602.0,1,457,457,False,ok,False,False,
adaptive,interactive-short-5,short,5,3,2,1,1,34828ddcb65169a440f3b93e10833a13,1449,0.6901311249137336,76.0,1,423,423,False,ok,False,False,
adaptive,interactive-short-5,short,5,4,2,1,1,85635c1632159d9ccdaa8e67a0da19e7,5467,0.18291567587342236,506.0,1,333,333,False,ok,False,False,
adaptive,interactive-short-5,short,5,0,3,1,1,dc0e41612718b8e8febbfed0b6a81235,6062,0.1649620587264929,560.0,1,334,334,False,ok,False,False,
adaptive,interactive-short-5,short,5,1,3,1,1,503ee1b279b823f2e5e6c3c7ad09348a,12512,0.079923273657289,1142.0,1,352,352,False,ok,False,False,
adaptive,interactive-short-5,short,5,2,3,1,1,f5c7036bdd812461f2fb5aae6b3ae925,47246,0.021165812978876517,4602.0,1,451,451,False,ok,False,False,
adaptive,interactive-short-5,short,5,3,3,1,1,34828ddcb65169a440f3b93e10833a13,1475,0.6779661016949152,76.0,1,425,425,False,ok,False,False,
adaptive,interactive-short-5,short,5,4,3,1,1,85635c1632159d9ccdaa8e67a0da19e7,5682,0.1759943681802182,506.0,1,361,361,False,ok,False,False,
adaptive,interactive-short-5,short,5,0,4,1,1,dc0e41612718b8e8febbfed0b6a81235,6096,0.16404199475065617,560.0,1,349,349,False,ok,False,False,
adaptive,interactive-short-5,short,5,1,4,1,1,503ee1b279b823f2e5e6c3c7ad09348a,12378,0.08078849571820973,1142.0,1,364,364,False,ok,False,False,
adaptive,interactive-short-5,short,5,2,4,1,1,f5c7036bdd812461f2fb5aae6b3ae925,47927,0.020865065620631378,4602.0,1,442,442,False,ok,False,False,
adaptive,interactive-short-5,short,5,3,4,1,1,34828ddcb65169a440f3b93e10833a13,1509,0.6626905235255136,76.0,1,448,448,False,ok,False,False,
adaptive,interactive-short-5,short,5,4,4,1,1,85635c1632159d9ccdaa8e67a0da19e7,5866,0.17047391749062393,506.0,1,352,352,False,ok,False,False,
adaptive,interactive-short-5,short,5,0,5,1,1,dc0e41612718b8e8febbfed0b6a81235,6199,0.16131634134537828,560.0,1,327,327,False,ok,False,False,
adaptive,interactive-short-5,short,5,1,5,1,1,503ee1b279b823f2e5e6c3c7ad09348a,12734,0.0785299198994817,1142.0,1,349,349,False,ok,False,False,
adaptive,interactive-short-5,short,5,2,5,1,1,f5c7036bdd812461f2fb5aae6b3ae925,49217,0.02031818274173558,4602.0,1,470,470,False,ok,False,False,
adaptive,interactive-short-5,short,5,3,5,1,1,34828ddcb65169a440f3b93e10833a13,1565,0.6389776357827476,76.0,1,395,395,False,ok,False,False,
adaptive,interactive-short-5,short,5,4,5,1,1,85635c1632159d9ccdaa8e67a0da19e7,5819,0.17185083347654237,506.0,1,353,353,False,ok,False,False,
adaptive,interactive-short-6,short,6,0,0,1,1,ba304a277e0c6fae635de35002222d91,300612,0.0033265471770920654,,1,453,453,True,timeout,True,False,terminated
adaptive,interactive-short-6,short,6,1,0,1,1,e849f1a14477da933bfaa5ee561efce8,300109,0.0033321226620994376,,1,752,752,True,timeout,True,False,"Unexpected ""!"" at position 0 in state STOP"
adaptive,interactive-short-6,short,6,2,0,0,0,d41d8cd98f00b204e9800998ecf8427e,300112,0.0,,0,,,True,timeout,True,True,"Unexpected ""!"" at position 0 in state STOP"
adaptive,interactive-short-6,short,6,3,0,0,0,d41d8cd98f00b204e9800998ecf8427e,300112,0.0,,0,,,True,timeout,True,True,"Unexpected ""!"" at position 0 in state STOP"
adaptive,interactive-short-6,short,6,4,0,0,0,d41d8cd98f00b204e9800998ecf8427e,300108,0.0,,0,,,True,timeout,True,True,"Unexpected ""!"" at position 0 in state STOP"
adaptive,interactive-short-6,short,6,0,1,1,1,ba304a277e0c6fae635de35002222d91,300110,0.003332111559094998,,1,699,699,True,timeout,True,False,"Unexpected ""!"" at position 0 in state STOP"
adaptive,interactive-short-6,short,6,1,1,1,1,e849f1a14477da933bfaa5ee561efce8,300111,0.0033321004561645525,,1,1008,1008,True,timeout,True,False,"Unexpected ""!"" at position 0 in state STOP"
adaptive,interactive-short-6,short,6,2,1,0,0,d41d8cd98f00b204e9800998ecf8427e,300110,0.0,,0,,,True,timeout,True,True,"Unexpected ""!"" at position 0 in state STOP"
adaptive,interactive-short-6,short,6,3,1,0,0,d41d8cd98f00b204e9800998ecf8427e,300110,0.0,,0,,,True,timeout,True,True,"Unexpected ""!"" at position 0 in state STOP"
adaptive,interactive-short-6,short,6,4,1,0,0,d41d8cd98f00b204e9800998ecf8427e,300111,0.0,,0,,,True,timeout,True,True,"Unexpected ""!"" at position 0 in state STOP"
adaptive,interactive-short-6,short,6,0,2,1,1,ba304a277e0c6fae635de35002222d91,300145,0.0033317230005497347,,1,717,717,True,timeout,True,False,"Unexpected ""!"" at position 0 in state STOP"
adaptive,interactive-short-6,short,6,1,2,1,1,e849f1a14477da933bfaa5ee561efce8,300130,0.003331889514543698,,1,856,856,True,timeout,True,False,"Unexpected ""!"" at position 0 in state STOP"
adaptive,interactive-short-6,short,6,2,2,0,0,d41d8cd98f00b204e9800998ecf8427e,300117,0.0,,0,,,True,timeout,True,True,"Unexpected ""!"" at position 0 in state STOP"
adaptive,interactive-short-6,short,6,3,2,0,0,d41d8cd98f00b204e9800998ecf8427e,300112,0.0,,0,,,True,timeout,True,True,"Unexpected ""!"" at position 0 in state STOP"
adaptive,interactive-short-6,short,6,4,2,0,0,d41d8cd98f00b204e9800998ecf8427e,300107,0.0,,0,,,True,timeout,True,True,"Unexpected ""!"" at position 0 in state STOP"
adaptive,interactive-short-6,short,6,0,3,1,1,ba304a277e0c6fae635de35002222d91,300109,0.0033321226620994376,,1,719,719,True,timeout,True,False,"Unexpected ""!"" at position 0 in state STOP"
adaptive,interactive-short-6,short,6,1,3,1,1,e849f1a14477da933bfaa5ee561efce8,300110,0.003332111559094998,,1,888,888,True,timeout,True,False,"Unexpected ""!"" at position 0 in state STOP"
adaptive,interactive-short-6,short,6,2,3,0,0,d41d8cd98f00b204e9800998ecf8427e,300106,0.0,,0,,,True,timeout,True,True,"Unexpected ""!"" at position 0 in state STOP"
adaptive,interactive-short-6,short,6,3,3,0,0,d41d8cd98f00b204e9800998ecf8427e,300109,0.0,,0,,,True,timeout,True,True,"Unexpected ""!"" at position 0 in state STOP"
adaptive,interactive-short-6,short,6,4,3,0,0,d41d8cd98f00b204e9800998ecf8427e,300110,0.0,,0,,,True,timeout,True,True,"Unexpected ""!"" at position 0 in state STOP"
adaptive,interactive-short-6,short,6,0,4,1,1,ba304a277e0c6fae635de35002222d91,300026,0.0033330444694793116,,1,682,682,True,timeout,True,False,"Unexpected ""!"" at position 0 in state STOP"
adaptive,interactive-short-6,short,6,1,4,1,1,e849f1a14477da933bfaa5ee561efce8,300108,0.003332133765177869,,1,862,862,True,timeout,True,False,"Unexpected ""!"" at position 0 in state STOP"
adaptive,interactive-short-6,short,6,2,4,0,0,d41d8cd98f00b204e9800998ecf8427e,300110,0.0,,0,,,True,timeout,True,True,"Unexpected ""!"" at position 0 in state STOP"
adaptive,interactive-short-6,short,6,3,4,0,0,d41d8cd98f00b204e9800998ecf8427e,300109,0.0,,0,,,True,timeout,True,True,"Unexpected ""!"" at position 0 in state STOP"
adaptive,interactive-short-6,short,6,4,4,0,0,d41d8cd98f00b204e9800998ecf8427e,300108,0.0,,0,,,True,timeout,True,True,"Unexpected ""!"" at position 0 in state STOP"
adaptive,interactive-short-6,short,6,0,5,1,1,ba304a277e0c6fae635de35002222d91,300110,0.003332111559094998,,1,676,676,True,timeout,True,False,"Unexpected ""!"" at position 0 in state STOP"
adaptive,interactive-short-6,short,6,1,5,1,1,e849f1a14477da933bfaa5ee561efce8,301476,0.0033170136262919768,,1,852,852,True,timeout,True,False,terminated
adaptive,interactive-short-6,short,6,2,5,0,0,d41d8cd98f00b204e9800998ecf8427e,300109,0.0,,0,,,True,timeout,True,True,"Unexpected ""!"" at position 0 in state STOP"
adaptive,interactive-short-6,short,6,3,5,0,0,d41d8cd98f00b204e9800998ecf8427e,300076,0.0,,0,,,True,timeout,True,True,"Unexpected ""!"" at position 0 in state STOP"
adaptive,interactive-short-6,short,6,4,5,0,0,d41d8cd98f00b204e9800998ecf8427e,300109,0.0,,0,,,True,timeout,True,True,"Unexpected ""!"" at position 0 in state STOP"
adaptive,interactive-short-7,short,7,0,0,0,0,d41d8cd98f00b204e9800998ecf8427e,300109,0.0,,0,,,True,timeout,True,True,"Unexpected ""!"" at position 0 in state STOP"
adaptive,interactive-short-7,short,7,1,0,0,0,d41d8cd98f00b204e9800998ecf8427e,300111,0.0,,0,,,True,timeout,True,True,"Unexpected ""!"" at position 0 in state STOP"
adaptive,interactive-short-7,short,7,2,0,0,0,d41d8cd98f00b204e9800998ecf8427e,300612,0.0,,0,,,True,timeout,True,True,terminated
adaptive,interactive-short-7,short,7,3,0,0,0,d41d8cd98f00b204e9800998ecf8427e,300108,0.0,,0,,,True,timeout,True,True,"Unexpected ""!"" at position 0 in state STOP"
adaptive,interactive-short-7,short,7,4,0,0,0,d41d8cd98f00b204e9800998ecf8427e,300111,0.0,,0,,,True,timeout,True,True,"Unexpected ""!"" at position 0 in state STOP"
adaptive,interactive-short-7,short,7,0,1,0,0,d41d8cd98f00b204e9800998ecf8427e,300110,0.0,,0,,,True,timeout,True,True,"Unexpected ""!"" at position 0 in state STOP"
adaptive,interactive-short-7,short,7,1,1,0,0,d41d8cd98f00b204e9800998ecf8427e,300087,0.0,,0,,,True,timeout,True,True,"Unexpected ""!"" at position 0 in state STOP"
adaptive,interactive-short-7,short,7,2,1,0,0,d41d8cd98f00b204e9800998ecf8427e,300033,0.0,,0,,,True,timeout,True,True,"Unexpected ""!"" at position 0 in state STOP"
adaptive,interactive-short-7,short,7,3,1,0,0,d41d8cd98f00b204e9800998ecf8427e,300108,0.0,,0,,,True,timeout,True,True,"Unexpected ""!"" at position 0 in state STOP"
adaptive,interactive-short-7,short,7,4,1,0,0,d41d8cd98f00b204e9800998ecf8427e,300089,0.0,,0,,,True,timeout,True,True,"Unexpected ""!"" at position 0 in state STOP"
adaptive,interactive-short-7,short,7,0,2,0,0,d41d8cd98f00b204e9800998ecf8427e,300110,0.0,,0,,,True,timeout,True,True,"Unexpected ""!"" at position 0 in state STOP"
adaptive,interactive-short-7,short,7,1,2,0,0,d41d8cd98f00b204e9800998ecf8427e,300613,0.0,,0,,,True,timeout,True,True,terminated
adaptive,interactive-short-7,short,7,2,2,0,0,d41d8cd98f00b204e9800998ecf8427e,300110,0.0,,0,,,True,timeout,True,True,"Unexpected ""!"" at position 0 in state STOP"
adaptive,interactive-short-7,short,7,3,2,0,0,d41d8cd98f00b204e9800998ecf8427e,300615,0.0,,0,,,True,timeout,True,True,terminated
adaptive,interactive-short-7,short,7,4,2,0,0,d41d8cd98f00b204e9800998ecf8427e,300110,0.0,,0,,,True,timeout,True,True,"Unexpected ""!"" at position 0 in state STOP"
adaptive,interactive-short-7,short,7,0,3,0,0,d41d8cd98f00b204e9800998ecf8427e,300111,0.0,,0,,,True,timeout,True,True,"Unexpected ""!"" at position 0 in state STOP"
adaptive,interactive-short-7,short,7,1,3,0,0,d41d8cd98f00b204e9800998ecf8427e,300088,0.0,,0,,,True,timeout,True,True,"Unexpected ""!"" at position 0 in state STOP"
adaptive,interactive-short-7,short,7,2,3,0,0,d41d8cd98f00b204e9800998ecf8427e,300113,0.0,,0,,,True,timeout,True,True,"Unexpected ""!"" at position 0 in state STOP"
adaptive,interactive-short-7,short,7,3,3,0,0,d41d8cd98f00b204e9800998ecf8427e,300112,0.0,,0,,,True,timeout,True,True,"Unexpected ""!"" at position 0 in state STOP"
adaptive,interactive-short-7,short,7,4,3,0,0,d41d8cd98f00b204e9800998ecf8427e,300109,0.0,,0,,,True,timeout,True,True,"Unexpected ""!"" at position 0 in state STOP"
adaptive,interactive-short-7,short,7,0,4,0,0,d41d8cd98f00b204e9800998ecf8427e,300114,0.0,,0,,,True,timeout,True,True,"Unexpected ""!"" at position 0 in state STOP"
adaptive,interactive-short-7,short,7,1,4,0,0,d41d8cd98f00b204e9800998ecf8427e,300108,0.0,,0,,,True,timeout,True,True,"Unexpected ""!"" at position 0 in state STOP"
adaptive,interactive-short-7,short,7,2,4,0,0,d41d8cd98f00b204e9800998ecf8427e,300108,0.0,,0,,,True,timeout,True,True,"Unexpected ""!"" at position 0 in state STOP"
adaptive,interactive-short-7,short,7,3,4,0,0,d41d8cd98f00b204e9800998ecf8427e,300108,0.0,,0,,,True,timeout,True,True,"Unexpected ""!"" at position 0 in state STOP"
adaptive,interactive-short-7,short,7,4,4,0,0,d41d8cd98f00b204e9800998ecf8427e,300113,0.0,,0,,,True,timeout,True,True,"Unexpected ""!"" at position 0 in state STOP"
adaptive,interactive-short-7,short,7,0,5,0,0,d41d8cd98f00b204e9800998ecf8427e,300112,0.0,,0,,,True,timeout,True,True,"Unexpected ""!"" at position 0 in state STOP"
adaptive,interactive-short-7,short,7,1,5,0,0,d41d8cd98f00b204e9800998ecf8427e,300110,0.0,,0,,,True,timeout,True,True,"Unexpected ""!"" at position 0 in state STOP"
adaptive,interactive-short-7,short,7,2,5,0,0,d41d8cd98f00b204e9800998ecf8427e,300109,0.0,,0,,,True,timeout,True,True,"Unexpected ""!"" at position 0 in state STOP"
adaptive,interactive-short-7,short,7,3,5,0,0,d41d8cd98f00b204e9800998ecf8427e,300106,0.0,,0,,,True,timeout,True,True,"Unexpected ""!"" at position 0 in state STOP"
adaptive,interactive-short-7,short,7,4,5,0,0,d41d8cd98f00b204e9800998ecf8427e,300021,0.0,,0,,,True,timeout,True,True,"Unexpected ""!"" at position 0 in state STOP"
default,interactive-discover-1,discover,1,0,0,6,6,d632b8166f912f4afd062d64186f2dc6,5267,1.139168407062844,103.0,6,1562,5079,False,ok,False,False,
default,interactive-discover-1,discover,1,1,0,4,4,e00f199d535cd1710bf9be67f04f39e4,2133,1.875293014533521,101.0,4,560,565,False,ok,False,False,
default,interactive-discover-1,discover,1,2,0,1,1,c4499554f796e968a069e67a8f5d9d1c,1787,0.5595970900951315,87.0,1,488,488,False,ok,False,False,
default,interactive-discover-1,discover,1,3,0,14,14,6c0a9fe8be642ee232c10c9996912b97,2283,6.132282084975909,61.0,14,578,635,False,ok,False,False,
default,interactive-discover-1,discover,1,4,0,8,8,7536d3a2c1abc2a9ac92b1860efa3282,3319,2.4103645676408556,91.0,8,825,947,False,ok,False,False,
default,interactive-discover-1,discover,1,0,1,6,6,d632b8166f912f4afd062d64186f2dc6,3122,1.9218449711723256,103.0,6,1292,3023,False,ok,False,False,
default,interactive-discover-1,discover,1,1,1,4,4,e00f199d535cd1710bf9be67f04f39e4,1546,2.5873221216041395,101.0,4,517,521,False,ok,False,False,
default,interactive-discover-1,discover,1,2,1,1,1,c4499554f796e968a069e67a8f5d9d1c,1485,0.6734006734006733,87.0,1,527,527,False,ok,False,False,
default,interactive-discover-1,discover,1,3,1,14,14,6c0a9fe8be642ee232c10c9996912b97,1674,8.363201911589009,61.0,14,657,769,False,ok,False,False,
default,interactive-discover-1,discover,1,4,1,8,8,7536d3a2c1abc2a9ac92b1860efa3282,2674,2.9917726252804786,91.0,8,873,1065,False,ok,False,False,
default,interactive-discover-1,discover,1,0,2,6,6,d632b8166f912f4afd062d64186f2dc6,2868,2.092050209205021,103.0,6,916,2771,False,ok,False,False,
default,interactive-discover-1,discover,1,1,2,4,4,e00f199d535cd1710bf9be67f04f39e4,1553,2.5756600128783003,101.0,4,445,485,False,ok,False,False,
default,interactive-discover-1,discover,1,2,2,1,1,c4499554f796e968a069e67a8f5d9d1c,1327,0.7535795026375283,87.0,1,446,446,False,ok,False,False,
default,interactive-discover-1,discover,1,3,2,14,14,6c0a9fe8be642ee232c10c9996912b97,1646,8.50546780072904,61.0,14,518,1122,False,ok,False,False,
default,interactive-discover-1,discover,1,4,2,8,8,7536d3a2c1abc2a9ac92b1860efa3282,2891,2.767208578346593,91.0,8,789,1086,False,ok,False,False,
default,interactive-discover-1,discover,1,0,3,6,6,d632b8166f912f4afd062d64186f2dc6,2888,2.0775623268698062,103.0,6,791,2631,False,ok,False,False,
default,interactive-discover-1,discover,1,1,3,4,4,e00f199d535cd1710bf9be67f04f39e4,1514,2.642007926023778,101.0,4,431,447,False,ok,False,False,
default,interactive-discover-1,discover,1,2,3,1,1,c4499554f796e968a069e67a8f5d9d1c,1264,0.7911392405063291,87.0,1,516,516,False,ok,False,False,
default,interactive-discover-1,discover,1,3,3,14,14,6c0a9fe8be642ee232c10c9996912b97,1495,9.364548494983277,61.0,14,464,567,False,ok,False,False,
default,interactive-discover-1,discover,1,4,3,8,8,7536d3a2c1abc2a9ac92b1860efa3282,2492,3.2102728731942216,91.0,8,667,877,False,ok,False,False,
default,interactive-discover-1,discover,1,0,4,6,6,d632b8166f912f4afd062d64186f2dc6,2876,2.086230876216968,103.0,6,1157,2766,False,ok,False,False,
default,interactive-discover-1,discover,1,1,4,4,4,e00f199d535cd1710bf9be67f04f39e4,1430,2.7972027972027975,101.0,4,523,563,False,ok,False,False,
default,interactive-discover-1,discover,1,2,4,1,1,c4499554f796e968a069e67a8f5d9d1c,1292,0.7739938080495355,87.0,1,473,473,False,ok,False,False,
default,interactive-discover-1,discover,1,3,4,14,14,6c0a9fe8be642ee232c10c9996912b97,1624,8.620689655172413,61.0,14,461,552,False,ok,False,False,
default,interactive-discover-1,discover,1,4,4,8,8,7536d3a2c1abc2a9ac92b1860efa3282,2716,2.945508100147275,91.0,8,857,997,False,ok,False,False,
default,interactive-discover-1,discover,1,0,5,6,6,d632b8166f912f4afd062d64186f2dc6,2602,2.3059185242121445,103.0,6,913,2500,False,ok,False,False,
default,interactive-discover-1,discover,1,1,5,4,4,e00f199d535cd1710bf9be67f04f39e4,1376,2.906976744186047,101.0,4,462,556,False,ok,False,False,
default,interactive-discover-1,discover,1,2,5,1,1,c4499554f796e968a069e67a8f5d9d1c,1315,0.7604562737642586,87.0,1,462,462,False,ok,False,False,
default,interactive-discover-1,discover,1,3,5,14,14,6c0a9fe8be642ee232c10c9996912b97,1427,9.810791871058164,61.0,14,468,503,False,ok,False,False,
default,interactive-discover-1,discover,1,4,5,8,8,7536d3a2c1abc2a9ac92b1860efa3282,2685,2.97951582867784,91.0,8,871,939,False,ok,False,False,
default,interactive-discover-2,discover,2,0,0,66,66,18ff3becda1d7305aaa0da5860ca7511,3388,19.48051948051948,103.0,66,1166,3388,False,ok,False,False,
default,interactive-discover-2,discover,2,1,0,46,46,f6a5ba863b07324a44f8e492bf9ab0e1,1246,36.91813804173355,101.0,46,462,1030,False,ok,False,False,
default,interactive-discover-2,discover,2,2,0,32,32,113587781a953fec190d8e3339b06c26,1168,27.397260273972606,87.0,32,445,730,False,ok,False,False,
default,interactive-discover-2,discover,2,3,0,198,198,23320e2cdf40e8165aa7fdff74171184,1734,114.18685121107266,61.0,198,432,1734,False,ok,False,False,
default,interactive-discover-2,discover,2,4,0,98,98,a7ea80830c1f3358609f53e0ce62fd9a,2925,33.504273504273506,91.0,98,905,2924,False,ok,False,False,
default,interactive-discover-2,discover,2,0,1,66,66,18ff3becda1d7305aaa0da5860ca7511,2724,24.22907488986784,103.0,66,1021,2724,False,ok,False,False,
default,interactive-discover-2,discover,2,1,1,46,46,f6a5ba863b07324a44f8e492bf9ab0e1,1284,35.82554517133956,101.0,46,434,887,False,ok,False,False,
default,interactive-discover-2,discover,2,2,1,32,32,113587781a953fec190d8e3339b06c26,1099,29.117379435850776,87.0,32,432,720,False,ok,False,False,
default,interactive-discover-2,discover,2,3,1,198,198,23320e2cdf40e8165aa7fdff74171184,1786,110.86226203807391,61.0,198,447,1786,False,ok,False,False,
default,interactive-discover-2,discover,2,4,1,98,98,a7ea80830c1f3358609f53e0ce62fd9a,3209,30.539108756622,91.0,98,965,2205,False,ok,False,False,
default,interactive-discover-2,discover,2,0,2,66,66,18ff3becda1d7305aaa0da5860ca7511,2806,23.521026372059872,103.0,66,1051,2806,False,ok,False,False,
default,interactive-discover-2,discover,2,1,2,46,46,f6a5ba863b07324a44f8e492bf9ab0e1,1240,37.096774193548384,101.0,46,478,1011,False,ok,False,False,
default,interactive-discover-2,discover,2,2,2,32,32,113587781a953fec190d8e3339b06c26,1089,29.38475665748393,87.0,32,411,922,False,ok,False,False,
default,interactive-discover-2,discover,2,3,2,198,198,23320e2cdf40e8165aa7fdff74171184,1746,113.4020618556701,61.0,198,654,1745,False,ok,False,False,
default,interactive-discover-2,discover,2,4,2,98,98,a7ea80830c1f3358609f53e0ce62fd9a,2970,32.996632996633,91.0,98,1007,2969,False,ok,False,False,
default,interactive-discover-2,discover,2,0,3,66,66,18ff3becda1d7305aaa0da5860ca7511,2731,24.166971805199562,103.0,66,1017,2731,False,ok,False,False,
default,interactive-discover-2,discover,2,1,3,46,46,f6a5ba863b07324a44f8e492bf9ab0e1,1237,37.18674211802748,101.0,46,473,1033,False,ok,False,False,
default,interactive-discover-2,discover,2,2,3,32,32,113587781a953fec190d8e3339b06c26,1128,28.368794326241137,87.0,32,423,739,False,ok,False,False,
default,interactive-discover-2,discover,2,3,3,198,198,23320e2cdf40e8165aa7fdff74171184,1802,109.87791342952275,61.0,198,799,1801,False,ok,False,False,
default,interactive-discover-2,discover,2,4,3,98,98,a7ea80830c1f3358609f53e0ce62fd9a,2909,33.68855276727398,91.0,98,1348,2011,False,ok,False,False,
default,interactive-discover-2,discover,2,0,4,66,66,18ff3becda1d7305aaa0da5860ca7511,2710,24.354243542435423,103.0,66,1030,2710,False,ok,False,False,
default,interactive-discover-2,discover,2,1,4,46,46,f6a5ba863b07324a44f8e492bf9ab0e1,1188,38.72053872053872,101.0,46,413,1080,False,ok,False,False,
default,interactive-discover-2,discover,2,2,4,32,32,113587781a953fec190d8e3339b06c26,1097,29.17046490428441,87.0,32,412,695,False,ok,False,False,
default,interactive-discover-2,discover,2,3,4,198,198,23320e2cdf40e8165aa7fdff74171184,2189,90.45226130653266,61.0,198,992,2189,False,ok,False,False,
default,interactive-discover-2,discover,2,4,4,98,98,a7ea80830c1f3358609f53e0ce62fd9a,2671,36.69037813552977,91.0,98,928,1784,False,ok,False,False,
default,interactive-discover-2,discover,2,0,5,66,66,18ff3becda1d7305aaa0da5860ca7511,2573,25.650991061018267,103.0,66,921,2573,False,ok,False,False,
default,interactive-discover-2,discover,2,1,5,46,46,f6a5ba863b07324a44f8e492bf9ab0e1,1220,37.704918032786885,101.0,46,444,889,False,ok,False,False,
default,interactive-discover-2,discover,2,2,5,32,32,113587781a953fec190d8e3339b06c26,1117,28.64816472694718,87.0,32,419,690,False,ok,False,False,
default,interactive-discover-2,discover,2,3,5,198,198,23320e2cdf40e8165aa7fdff74171184,2198,90.08189262966333,61.0,198,1296,2197,False,ok,False,False,
default,interactive-discover-2,discover,2,4,5,98,98,a7ea80830c1f3358609f53e0ce62fd9a,2660,36.84210526315789,91.0,98,946,1801,False,ok,False,False,
default,interactive-discover-3,discover,3,0,0,68,68,e9f9c6f077dd7a85180d21221150597a,96956,0.7013490655555097,355.0,68,96954,96955,False,ok,False,False,
default,interactive-discover-3,discover,3,1,0,66,66,bf39c452faf678539dd6bec9f8931c5e,99133,0.6657722453673348,357.0,66,99131,99133,False,ok,False,False,
default,interactive-discover-3,discover,3,2,0,54,54,c6f1026b5b378b95fed1b609efe82a86,83367,0.6477383137212566,255.0,54,83365,83366,False,ok,False,False,
default,interactive-discover-3,discover,3,3,0,196,196,3103aacb8c0b38645fd73f8b05191c84,166945,1.1740393542783552,473.0,196,166934,166944,False,ok,False,False,
default,interactive-discover-3,discover,3,4,0,0,0,d41d8cd98f00b204e9800998ecf8427e,300108,0.0,,0,,,True,timeout,True,True,"Unexpected ""!"" at position 0 in state STOP"
default,interactive-discover-3,discover,3,0,1,68,68,e9f9c6f077dd7a85180d21221150597a,97449,0.6978009009841045,355.0,68,97448,97449,False,ok,False,False,
default,interactive-discover-3,discover,3,1,1,66,66,bf39c452faf678539dd6bec9f8931c5e,94356,0.6994785705201577,357.0,66,94353,94355,False,ok,False,False,
default,interactive-discover-3,discover,3,2,1,54,54,c6f1026b5b378b95fed1b609efe82a86,81053,0.6662307379122303,255.0,54,81051,81052,False,ok,False,False,
default,interactive-discover-3,discover,3,3,1,196,196,3103aacb8c0b38645fd73f8b05191c84,164261,1.193222980500545,473.0,196,164172,164260,False,ok,False,False,
default,interactive-discover-3,discover,3,4,1,137,137,922f2cfc8273304ad1f823de44367223,110385,1.2411106581510167,393.0,137,110308,110385,False,ok,False,False,
default,interactive-discover-3,discover,3,0,2,68,68,e9f9c6f077dd7a85180d21221150597a,99649,0.6823952071771919,355.0,68,99647,99649,False,ok,False,False,
default,interactive-discover-3,discover,3,1,2,66,66,bf39c452faf678539dd6bec9f8931c5e,100535,0.6564877903217785,357.0,66,100533,100535,False,ok,False,False,
default,interactive-discover-3,discover,3,2,2,54,54,c6f1026b5b378b95fed1b609efe82a86,81685,0.6610760849605191,255.0,54,81683,81684,False,ok,False,False,
default,interactive-discover-3,discover,3,3,2,196,196,3103aacb8c0b38645fd73f8b05191c84,160317,1.2225777677975511,473.0,196,160307,160317,False,ok,False,False,
default,interactive-discover-3,discover,3,4,2,137,137,922f2cfc8273304ad1f823de44367223,115800,1.1830742659758204,393.0,137,115706,115800,False,ok,False,False,
default,interactive-discover-3,discover,3,0,3,68,68,e9f9c6f077dd7a85180d21221150597a,96825,0.702297960237542,355.0,68,96823,96824,False,ok,False,False,
default,interactive-discover-3,discover,3,1,3,66,66,bf39c452faf678539dd6bec9f8931c5e,98061,0.673050448190412,357.0,66,98058,98061,False,ok,False,False,
default,interactive-discover-3,discover,3,2,3,54,54,c6f1026b5b378b95fed1b609efe82a86,79190,0.6819042808435408,255.0,54,79187,79189,False,ok,False,False,
default,interactive-discover-3,discover,3,3,3,0,0,d41d8cd98f00b204e9800998ecf8427e,300106,0.0,,0,,,True,timeout,True,True,"Unexpected ""!"" at position 0 in state STOP"
default,interactive-discover-3,discover,3,4,3,137,137,922f2cfc8273304ad1f823de44367223,112153,1.2215455672162134,393.0,137,112150,112152,False,ok,False,False,
default,interactive-discover-3,discover,3,0,4,68,68,e9f9c6f077dd7a85180d21221150597a,97697,0.6960295607848757,355.0,68,97695,97696,False,ok,False,False,
default,interactive-discover-3,discover,3,1,4,66,66,bf39c452faf678539dd6bec9f8931c5e,98026,0.6732907595943933,357.0,66,98024,98026,False,ok,False,False,
default,interactive-discover-3,discover,3,2,4,54,54,c6f1026b5b378b95fed1b609efe82a86,83385,0.6475984889368591,255.0,54,83383,83384,False,ok,False,False,
default,interactive-discover-3,discover,3,3,4,196,196,3103aacb8c0b38645fd73f8b05191c84,163758,1.196888090963495,473.0,196,163755,163758,False,ok,False,False,
default,interactive-discover-3,discover,3,4,4,137,137,922f2cfc8273304ad1f823de44367223,116195,1.1790524549249108,393.0,137,116188,116194,False,ok,False,False,
default,interactive-discover-3,discover,3,0,5,68,68,e9f9c6f077dd7a85180d21221150597a,103612,0.6562946376867544,355.0,68,103611,103612,False,ok,False,False,
default,interactive-discover-3,discover,3,1,5,66,66,bf39c452faf678539dd6bec9f8931c5e,95639,0.6900950449084579,357.0,66,95636,95638,False,ok,False,False,
default,interactive-discover-3,discover,3,2,5,54,54,c6f1026b5b378b95fed1b609efe82a86,79528,0.6790061362036012,255.0,54,79526,79527,False,ok,False,False,
default,interactive-discover-3,discover,3,3,5,196,196,3103aacb8c0b38645fd73f8b05191c84,161515,1.2135095811534533,473.0,196,161502,161514,False,ok,False,False,
default,interactive-discover-3,discover,3,4,5,137,137,922f2cfc8273304ad1f823de44367223,117188,1.169061678670171,393.0,137,117184,117187,False,ok,False,False,
default,interactive-discover-4,discover,4,0,0,5,5,3112eede040aaa01aedc457789eed356,3838,1.3027618551328817,135.0,5,3838,3838,False,ok,False,False,
default,interactive-discover-4,discover,4,1,0,3,3,cd6f381a6281527b1dbda2f21a1a702a,1618,1.8541409147095178,109.0,3,1617,1617,False,ok,False,False,
default,interactive-discover-4,discover,4,2,0,3,3,ed1ebad4adf97e9e94be0ca88af2d8bb,1426,2.103786816269285,95.0,3,1425,1425,False,ok,False,False,
default,interactive-discover-4,discover,4,3,0,3,3,16a10be88d7ff874026ce66a4e993ecb,1748,1.7162471395881007,71.0,3,1747,1747,False,ok,False,False,
default,interactive-discover-4,discover,4,4,0,7,7,d0ef3bb68aa278a8f97f329adee97dd8,2701,2.5916327286190297,131.0,7,2701,2701,False,ok,False,False,
default,interactive-discover-4,discover,4,0,1,5,5,3112eede040aaa01aedc457789eed356,2463,2.0300446609825418,135.0,5,2463,2463,False,ok,False,False,
default,interactive-discover-4,discover,4,1,1,3,3,cd6f381a6281527b1dbda2f21a1a702a,1275,2.3529411764705883,109.0,3,1275,1275,False,ok,False,False,
default,interactive-discover-4,discover,4,2,1,3,3,ed1ebad4adf97e9e94be0ca88af2d8bb,1109,2.7051397655545535,95.0,3,1108,1108,False,ok,False,False,
default,interactive-discover-4,discover,4,3,1,3,3,16a10be88d7ff874026ce66a4e993ecb,1587,1.890359168241966,71.0,3,1586,1586,False,ok,False,False,
default,interactive-discover-4,discover,4,4,1,7,7,d0ef3bb68aa278a8f97f329adee97dd8,2345,2.9850746268656714,131.0,7,2345,2345,False,ok,False,False,
default,interactive-discover-4,discover,4,0,2,5,5,3112eede040aaa01aedc457789eed356,2490,2.008032128514056,135.0,5,2490,2490,False,ok,False,False,
default,interactive-discover-4,discover,4,1,2,3,3,cd6f381a6281527b1dbda2f21a1a702a,1357,2.210759027266028,109.0,3,1356,1356,False,ok,False,False,
default,interactive-discover-4,discover,4,2,2,3,3,ed1ebad4adf97e9e94be0ca88af2d8bb,1127,2.6619343389529724,95.0,3,1127,1127,False,ok,False,False,
default,interactive-discover-4,discover,4,3,2,3,3,16a10be88d7ff874026ce66a4e993ecb,1472,2.0380434782608696,71.0,3,1471,1471,False,ok,False,False,
default,interactive-discover-4,discover,4,4,2,7,7,d0ef3bb68aa278a8f97f329adee97dd8,2249,3.1124944419742104,131.0,7,2248,2248,False,ok,False,False,
default,interactive-discover-4,discover,4,0,3,5,5,3112eede040aaa01aedc457789eed356,2364,2.1150592216582065,135.0,5,2363,2364,False,ok,False,False,
default,interactive-discover-4,discover,4,1,3,3,3,cd6f381a6281527b1dbda2f21a1a702a,1253,2.394253790901836,109.0,3,1253,1253,False,ok,False,False,
default,interactive-discover-4,discover,4,2,3,3,3,ed1ebad4adf97e9e94be0ca88af2d8bb,1019,2.9440628066732093,95.0,3,1019,1019,False,ok,False,False,
default,interactive-discover-4,discover,4,3,3,3,3,16a10be88d7ff874026ce66a4e993ecb,1505,1.993355481727575,71.0,3,1505,1505,False,ok,False,False,
default,interactive-discover-4,discover,4,4,3,7,7,d0ef3bb68aa278a8f97f329adee97dd8,2213,3.1631269769543606,131.0,7,2213,2213,False,ok,False,False,
default,interactive-discover-4,discover,4,0,4,5,5,3112eede040aaa01aedc457789eed356,2301,2.17296827466319,135.0,5,2301,2301,False,ok,False,False,
default,interactive-discover-4,discover,4,1,4,3,3,cd6f381a6281527b1dbda2f21a1a702a,1268,2.365930599369085,109.0,3,1268,1268,False,ok,False,False,
default,interactive-discover-4,discover,4,2,4,3,3,ed1ebad4adf97e9e94be0ca88af2d8bb,1057,2.838221381267739,95.0,3,1057,1057,False,ok,False,False,
default,interactive-discover-4,discover,4,3,4,3,3,16a10be88d7ff874026ce66a4e993ecb,1473,2.0366598778004072,71.0,3,1473,1473,False,ok,False,False,
default,interactive-discover-4,discover,4,4,4,7,7,d0ef3bb68aa278a8f97f329adee97dd8,2302,3.040834057341442,131.0,7,2301,2301,False,ok,False,False,
default,interactive-discover-4,discover,4,0,5,5,5,3112eede040aaa01aedc457789eed356,2132,2.345215759849906,135.0,5,2131,2131,False,ok,False,False,
default,interactive-discover-4,discover,4,1,5,3,3,cd6f381a6281527b1dbda2f21a1a702a,1201,2.497918401332223,109.0,3,1201,1201,False,ok,False,False,
default,interactive-discover-4,discover,4,2,5,3,3,ed1ebad4adf97e9e94be0ca88af2d8bb,1074,2.793296089385475,95.0,3,1074,1074,False,ok,False,False,
default,interactive-discover-4,discover,4,3,5,3,3,16a10be88d7ff874026ce66a4e993ecb,1483,2.0229265003371544,71.0,3,1483,1483,False,ok,False,False,
default,interactive-discover-4,discover,4,4,5,7,7,d0ef3bb68aa278a8f97f329adee97dd8,2176,3.2169117647058822,131.0,7,2175,2176,False,ok,False,False,
default,interactive-discover-5,discover,5,0,0,15,15,cab888487e7572de37a55f0e8c3ec060,1701,8.818342151675484,103.0,15,804,1694,False,ok,False,False,
default,interactive-discover-5,discover,5,1,0,3,3,7fc43bb183e4fb0238576536413c6c45,1120,2.6785714285714284,101.0,3,539,774,False,ok,False,False,
default,interactive-discover-5,discover,5,2,0,3,3,2543010e761cb36b6f0c3e103e58af43,1011,2.967359050445104,87.0,3,547,685,False,ok,False,False,
default,interactive-discover-5,discover,5,3,0,4,4,76fc6cfa5c07ff3011e9f2d7ac2ae7e0,1089,3.6730945821854912,61.0,4,601,975,False,ok,False,False,
default,interactive-discover-5,discover,5,4,0,20,20,880a30fb8a9114b4807acb78d9e7d141,1454,13.75515818431912,91.0,20,498,1428,False,ok,False,False,
default,interactive-discover-5,discover,5,0,1,15,15,cab888487e7572de37a55f0e8c3ec060,1355,11.07011070110701,103.0,15,656,1354,False,ok,False,False,
default,interactive-discover-5,discover,5,1,1,3,3,7fc43bb183e4fb0238576536413c6c45,1103,2.71985494106981,101.0,3,529,958,False,ok,False,False,
default,interactive-discover-5,discover,5,2,1,3,3,2543010e761cb36b6f0c3e103e58af43,997,3.0090270812437314,87.0,3,522,542,False,ok,False,False,
default,interactive-discover-5,discover,5,3,1,4,4,76fc6cfa5c07ff3011e9f2d7ac2ae7e0,986,4.056795131845842,61.0,4,572,986,False,ok,False,False,
default,interactive-discover-5,discover,5,4,1,20,20,880a30fb8a9114b4807acb78d9e7d141,1396,14.326647564469916,91.0,20,476,1384,False,ok,False,False,
default,interactive-discover-5,discover,5,0,2,15,15,cab888487e7572de37a55f0e8c3ec060,1696,8.84433962264151,103.0,15,442,1695,False,ok,False,False,
default,interactive-discover-5,discover,5,1,2,3,3,7fc43bb183e4fb0238576536413c6c45,1207,2.485501242750621,101.0,3,539,681,False,ok,False,False,
default,interactive-discover-5,discover,5,2,2,3,3,2543010e761cb36b6f0c3e103e58af43,1000,3.0,87.0,3,515,755,False,ok,False,False,
default,interactive-discover-5,discover,5,3,2,4,4,76fc6cfa5c07ff3011e9f2d7ac2ae7e0,985,4.060913705583756,61.0,4,555,644,False,ok,False,False,
default,interactive-discover-5,discover,5,4,2,20,20,880a30fb8a9114b4807acb78d9e7d141,1401,14.275517487508923,91.0,20,663,1400,False,ok,False,False,
default,interactive-discover-5,discover,5,0,3,15,15,cab888487e7572de37a55f0e8c3ec060,1334,11.244377811094452,103.0,15,447,1333,False,ok,False,False,
default,interactive-discover-5,discover,5,1,3,3,3,7fc43bb183e4fb0238576536413c6c45,1115,2.690582959641256,101.0,3,521,688,False,ok,False,False,
default,interactive-discover-5,discover,5,2,3,3,3,2543010e761cb36b6f0c3e103e58af43,1002,2.9940119760479043,87.0,3,553,791,False,ok,False,False,
default,interactive-discover-5,discover,5,3,3,4,4,76fc6cfa5c07ff3011e9f2d7ac2ae7e0,1007,3.97219463753724,61.0,4,557,598,False,ok,False,False,
default,interactive-discover-5,discover,5,4,3,20,20,880a30fb8a9114b4807acb78d9e7d141,1566,12.77139208173691,91.0,20,611,1552,False,ok,False,False,
default,interactive-discover-5,discover,5,0,4,15,15,cab888487e7572de37a55f0e8c3ec060,1652,9.079903147699758,103.0,15,490,1651,False,ok,False,False,
default,interactive-discover-5,discover,5,1,4,3,3,7fc43bb183e4fb0238576536413c6c45,1102,2.722323049001815,101.0,3,539,626,False,ok,False,False,
default,interactive-discover-5,discover,5,2,4,3,3,2543010e761cb36b6f0c3e103e58af43,2418,1.2406947890818858,87.0,3,1645,2062,False,ok,False,False,
default,interactive-discover-5,discover,5,3,4,4,4,76fc6cfa5c07ff3011e9f2d7ac2ae7e0,1075,3.7209302325581395,61.0,4,538,994,False,ok,False,False,
default,interactive-discover-5,discover,5,4,4,20,20,880a30fb8a9114b4807acb78d9e7d141,1774,11.273957158962796,91.0,20,646,1321,False,ok,False,False,
default,interactive-discover-5,discover,5,0,5,15,15,cab888487e7572de37a55f0e8c3ec060,1770,8.474576271186441,103.0,15,495,1770,False,ok,False,False,
default,interactive-discover-5,discover,5,1,5,3,3,7fc43bb183e4fb0238576536413c6c45,1182,2.5380710659898478,101.0,3,518,826,False,ok,False,False,
default,interactive-discover-5,discover,5,2,5,3,3,2543010e761cb36b6f0c3e103e58af43,969,3.0959752321981426,87.0,3,500,586,False,ok,False,False,
default,interactive-discover-5,discover,5,3,5,4,4,76fc6cfa5c07ff3011e9f2d7ac2ae7e0,984,4.065040650406504,61.0,4,534,590,False,ok,False,False,
default,interactive-discover-5,discover,5,4,5,20,20,880a30fb8a9114b4807acb78d9e7d141,2087,9.583133684714902,91.0,20,462,1109,False,ok,False,False,
default,interactive-discover-6,discover,6,0,0,33,33,240c19f39eed1e3ac67718ff57b63a0d,300079,0.10997104095921408,,33,1311,37231,True,timeout,True,False,"Unexpected ""!"" at position 0 in state STOP"
default,interactive-discover-6,discover,6,1,0,1,1,cd3466cc43b32ce51d8f13d5516f2ef2,2550,0.3921568627450981,101.0,1,2264,2264,False,ok,False,False,
default,interactive-discover-6,discover,6,2,0,1,1,29960679941029d6a70f26d6904d3728,1581,0.6325110689437066,87.0,1,1400,1400,False,ok,False,False,
default,interactive-discover-6,discover,6,3,0,2,2,dda32920d34bcd8a1bf9ed13c89c4b4d,300012,0.00666640001066624,,2,1579,1585,True,timeout,True,False,"Unexpected ""!"" at position 0 in state STOP"
default,interactive-discover-6,discover,6,4,0,27,27,613936d3d666a311d54e99e3a8f9cdad,5663,4.76779092353876,91.0,27,3407,5419,False,ok,False,False,
default,interactive-discover-6,discover,6,0,1,33,33,240c19f39eed1e3ac67718ff57b63a0d,300012,0.10999560017599296,,33,2219,14413,True,timeout,True,False,"Unexpected ""!"" at position 0 in state STOP"
default,interactive-discover-6,discover,6,1,1,1,1,cd3466cc43b32ce51d8f13d5516f2ef2,2671,0.3743916136278548,101.0,1,2438,2438,False,ok,False,False,
default,interactive-discover-6,discover,6,2,1,1,1,29960679941029d6a70f26d6904d3728,1579,0.6333122229259025,87.0,1,1565,1565,False,ok,False,False,
default,interactive-discover-6,discover,6,3,1,2,2,dda32920d34bcd8a1bf9ed13c89c4b4d,139503,0.014336609248546628,10467.0,2,1668,1678,False,ok,False,False,
default,interactive-discover-6,discover,6,4,1,27,27,613936d3d666a311d54e99e3a8f9cdad,3877,6.964147536755224,91.0,27,1993,3877,False,ok,False,False,
default,interactive-discover-6,discover,6,0,2,33,33,240c19f39eed1e3ac67718ff57b63a0d,300107,0.10996078065489974,,33,1874,50777,True,timeout,True,False,"Unexpected ""!"" at position 0 in state STOP"
default,interactive-discover-6,discover,6,1,2,1,1,cd3466cc43b32ce51d8f13d5516f2ef2,2528,0.39556962025316456,101.0,1,2514,2514,False,ok,False,False,
default,interactive-discover-6,discover,6,2,2,1,1,29960679941029d6a70f26d6904d3728,1600,0.625,87.0,1,1493,1493,False,ok,False,False,
default,interactive-discover-6,discover,6,3,2,2,2,dda32920d34bcd8a1bf9ed13c89c4b4d,300010,0.006666444451851605,,2,1508,1509,True,timeout,True,False,"Unexpected ""!"" at position 0 in state STOP"
default,interactive-discover-6,discover,6,4,2,27,27,613936d3d666a311d54e99e3a8f9cdad,6513,4.145555043758637,91.0,27,4093,6174,False,ok,False,False,
default,interactive-discover-6,discover,6,0,3,33,33,240c19f39eed1e3ac67718ff57b63a0d,300012,0.10999560017599296,,33,2799,23360,True,timeout,True,False,"Unexpected ""!"" at position 0 in state STOP"
default,interactive-discover-6,discover,6,1,3,1,1,cd3466cc43b32ce51d8f13d5516f2ef2,2669,0.37467216185837393,101.0,1,2293,2293,False,ok,False,False,
default,interactive-discover-6,discover,6,2,3,1,1,29960679941029d6a70f26d6904d3728,1608,0.6218905472636815,87.0,1,1502,1502,False,ok,False,False,
default,interactive-discover-6,discover,6,3,3,2,2,dda32920d34bcd8a1bf9ed13c89c4b4d,300010,0.006666444451851605,,2,1493,1509,True,timeout,True,False,"Unexpected ""!"" at position 0 in state STOP"
default,interactive-discover-6,discover,6,4,3,27,27,613936d3d666a311d54e99e3a8f9cdad,5698,4.738504738504738,91.0,27,2992,5533,False,ok,False,False,
default,interactive-discover-6,discover,6,0,4,33,33,240c19f39eed1e3ac67718ff57b63a0d,300012,0.10999560017599296,,33,2456,16839,True,timeout,True,False,"Unexpected ""!"" at position 0 in state STOP"
default,interactive-discover-6,discover,6,1,4,1,1,cd3466cc43b32ce51d8f13d5516f2ef2,2733,0.3658982802780827,101.0,1,1893,1893,False,ok,False,False,
default,interactive-discover-6,discover,6,2,4,1,1,29960679941029d6a70f26d6904d3728,1517,0.6591957811470007,87.0,1,1392,1392,False,ok,False,False,
default,interactive-discover-6,discover,6,3,4,2,2,dda32920d34bcd8a1bf9ed13c89c4b4d,300010,0.006666444451851605,,2,1321,1365,True,timeout,True,False,"Unexpected ""!"" at position 0 in state STOP"
default,interactive-discover-6,discover,6,4,4,27,27,613936d3d666a311d54e99e3a8f9cdad,5708,4.7302032235459,91.0,27,3771,5708,False,ok,False,False,
default,interactive-discover-6,discover,6,0,5,33,33,240c19f39eed1e3ac67718ff57b63a0d,300011,0.10999596681455012,,33,2395,24495,True,timeout,True,False,"Unexpected ""!"" at position 0 in state STOP"
default,interactive-discover-6,discover,6,1,5,1,1,cd3466cc43b32ce51d8f13d5516f2ef2,2593,0.3856536829926726,101.0,1,2414,2414,False,ok,False,False,
default,interactive-discover-6,discover,6,2,5,1,1,29960679941029d6a70f26d6904d3728,1686,0.5931198102016607,87.0,1,1469,1469,False,ok,False,False,
default,interactive-discover-6,discover,6,3,5,2,2,dda32920d34bcd8a1bf9ed13c89c4b4d,300012,0.00666640001066624,,2,1520,2829,True,timeout,True,False,"Unexpected ""!"" at position 0 in state STOP"
default,interactive-discover-6,discover,6,4,5,27,27,613936d3d666a311d54e99e3a8f9cdad,6306,4.281636536631779,91.0,27,3721,6306,False,ok,False,False,
default,interactive-discover-7,discover,7,0,0,1,1,f56a157457e1eb9b6878c540d54eec98,300014,0.003333177785036698,,1,5706,5706,True,timeout,True,False,"Unexpected ""!"" at position 0 in state STOP"
default,interactive-discover-7,discover,7,1,0,1,1,75ab2bd12ac1e16dcc02f8c9e8d97308,2656,0.3765060240963855,101.0,1,2643,2643,False,ok,False,False,
default,interactive-discover-7,discover,7,2,0,1,1,faf54113a5297c559416a2dd78b9cc86,1669,0.5991611743559018,87.0,1,1653,1653,False,ok,False,False,
default,interactive-discover-7,discover,7,3,0,1,1,f3ca7f0b9ca7d5740a3318e4be0d03ac,300011,0.003333211115592428,,1,1564,1564,True,timeout,True,False,"Unexpected ""!"" at position 0 in state STOP"
default,interactive-discover-7,discover,7,4,0,1,1,3ee14484ce425fdbae40700cdd59c0d2,6111,0.16363933889707086,91.0,1,4198,4198,False,ok,False,False,
default,interactive-discover-7,discover,7,0,1,2,2,d8614c4f7b4fe0cc2f1623d07244cf20,300012,0.00666640001066624,,2,3018,68777,True,timeout,True,False,"Unexpected ""!"" at position 0 in state STOP"
default,interactive-discover-7,discover,7,1,1,1,1,75ab2bd12ac1e16dcc02f8c9e8d97308,2991,0.33433634236041454,101.0,1,2902,2902,False,ok,False,False,
default,interactive-discover-7,discover,7,2,1,1,1,faf54113a5297c559416a2dd78b9cc86,1595,0.6269592476489029,87.0,1,1523,1523,False,ok,False,False,
default,interactive-discover-7,discover,7,3,1,1,1,f3ca7f0b9ca7d5740a3318e4be0d03ac,300012,0.00333320000533312,,1,1631,1631,True,timeout,True,False,"Unexpected ""!"" at position 0 in state STOP"
default,interactive-discover-7,discover,7,4,1,1,1,3ee14484ce425fdbae40700cdd59c0d2,6848,0.14602803738317757,91.0,1,4434,4434,False,ok,False,False,
default,interactive-discover-7,discover,7,0,2,1,1,f56a157457e1eb9b6878c540d54eec98,300013,0.003333188895147877,,1,3272,3272,True,timeout,True,False,"Unexpected ""!"" at position 0 in state STOP"
default,interactive-discover-7,discover,7,1,2,1,1,75ab2bd12ac1e16dcc02f8c9e8d97308,2394,0.4177109440267335,101.0,1,1890,1890,False,ok,False,False,
default,interactive-discover-7,discover,7,2,2,1,1,faf54113a5297c559416a2dd78b9cc86,1580,0.6329113924050632,87.0,1,1576,1576,False,ok,False,False,
default,interactive-discover-7,discover,7,3,2,1,1,f3ca7f0b9ca7d5740a3318e4be0d03ac,300011,0.003333211115592428,,1,3008,3008,True,timeout,True,False,"Unexpected ""!"" at position 0 in state STOP"
default,interactive-discover-7,discover,7,4,2,1,1,3ee14484ce425fdbae40700cdd59c0d2,6039,0.16559032952475577,91.0,1,3438,3438,False,ok,False,False,
default,interactive-discover-7,discover,7,0,3,1,1,f56a157457e1eb9b6878c540d54eec98,300010,0.0033332222259258026,,1,2070,2070,True,timeout,True,False,"Unexpected ""!"" at position 0 in state STOP"
default,interactive-discover-7,discover,7,1,3,1,1,75ab2bd12ac1e16dcc02f8c9e8d97308,2775,0.3603603603603604,101.0,1,2774,2774,False,ok,False,False,
default,interactive-discover-7,discover,7,2,3,1,1,faf54113a5297c559416a2dd78b9cc86,1611,0.6207324643078833,87.0,1,1611,1611,False,ok,False,False,
default,interactive-discover-7,discover,7,3,3,1,1,f3ca7f0b9ca7d5740a3318e4be0d03ac,300012,0.00333320000533312,,1,1629,1629,True,timeout,True,False,"Unexpected ""!"" at position 0 in state STOP"
default,interactive-discover-7,discover,7,4,3,1,1,3ee14484ce425fdbae40700cdd59c0d2,5955,0.16792611251049538,91.0,1,3438,3438,False,ok,False,False,
default,interactive-discover-7,discover,7,0,4,2,2,d8614c4f7b4fe0cc2f1623d07244cf20,300016,0.006666311130073062,,2,1392,105392,True,timeout,True,False,"Unexpected ""!"" at position 0 in state STOP"
default,interactive-discover-7,discover,7,1,4,1,1,75ab2bd12ac1e16dcc02f8c9e8d97308,2673,0.37411148522259635,101.0,1,2650,2650,False,ok,False,False,
default,interactive-discover-7,discover,7,2,4,1,1,faf54113a5297c559416a2dd78b9cc86,1602,0.6242197253433208,87.0,1,1598,1598,False,ok,False,False,
default,interactive-discover-7,discover,7,3,4,1,1,f3ca7f0b9ca7d5740a3318e4be0d03ac,300012,0.00333320000533312,,1,2962,2962,True,timeout,True,False,"Unexpected ""!"" at position 0 in state STOP"
default,interactive-discover-7,discover,7,4,4,1,1,3ee14484ce425fdbae40700cdd59c0d2,6364,0.15713387806411064,91.0,1,3141,3141,False,ok,False,False,
default,interactive-discover-7,discover,7,0,5,2,2,d8614c4f7b4fe0cc2f1623d07244cf20,300014,0.006666355570073396,,2,2683,137789,True,timeout,True,False,"Unexpected ""!"" at position 0 in state STOP"
default,interactive-discover-7,discover,7,1,5,1,1,75ab2bd12ac1e16dcc02f8c9e8d97308,2685,0.37243947858473,101.0,1,2578,2578,False,ok,False,False,
default,interactive-discover-7,discover,7,2,5,1,1,faf54113a5297c559416a2dd78b9cc86,1594,0.6273525721455457,87.0,1,1491,1491,False,ok,False,False,
default,interactive-discover-7,discover,7,3,5,1,1,f3ca7f0b9ca7d5740a3318e4be0d03ac,300012,0.00333320000533312,,1,3039,3039,True,timeout,True,False,"Unexpected ""!"" at position 0 in state STOP"
default,interactive-discover-7,discover,7,4,5,1,1,3ee14484ce425fdbae40700cdd59c0d2,6224,0.16066838046272494,91.0,1,3509,3509,False,ok,False,False,
default,interactive-discover-8,discover,8,0,0,10,10,4b20d690aedced775a0388c1cf2d3c36,10697,0.9348415443582313,33.0,10,7878,10171,False,ok,False,False,
default,interactive-discover-8,discover,8,1,0,10,10,94c08ac69169941707291254297ea93a,7785,1.2845215157353886,31.0,10,844,7372,False,ok,False,False,
default,interactive-discover-8,discover,8,2,0,10,10,3576737d99d5db141cc483627030e4a9,30776,0.3249285157265402,66.0,10,654,29952,False,ok,False,False,
default,interactive-discover-8,discover,8,3,0,10,10,2ef5138ab25b49ea390e459465d4d1c7,45288,0.2208090443384561,44.0,10,30000,42401,False,ok,False,False,
default,interactive-discover-8,discover,8,4,0,10,10,beefd514c448ebff0716dc42693fdcf1,19421,0.5149065444621801,39.0,10,10601,18445,False,ok,False,False,
default,interactive-discover-8,discover,8,0,1,10,10,6e0556f5f0292e1072cb49e9c81104dd,8619,1.160227404571296,36.0,10,6723,8263,False,ok,False,False,
default,interactive-discover-8,discover,8,1,1,10,10,274c1a7526f7a435e29ae642db14f5e7,6322,1.5817779183802594,29.0,10,4408,5880,False,ok,False,False,
default,interactive-discover-8,discover,8,2,1,10,10,3576737d99d5db141cc483627030e4a9,29598,0.3378606662612339,66.0,10,654,28788,False,ok,False,False,
default,interactive-discover-8,discover,8,3,1,10,10,ab85bee9584fba5f31c2a6c1ab8780c7,54297,0.18417223787686246,44.0,10,34005,51993,False,ok,False,False,
default,interactive-discover-8,discover,8,4,1,10,10,23c130de23bea69938bb4f437757e794,18496,0.5406574394463668,38.0,10,13295,17216,False,ok,False,False,
default,interactive-discover-8,discover,8,0,2,10,10,6de458b391c32b212e7929ae0ffc458b,8164,1.224889759921607,32.0,10,6255,7759,False,ok,False,False,
default,interactive-discover-8,discover,8,1,2,10,10,94c08ac69169941707291254297ea93a,7358,1.359064963305246,31.0,10,3388,6781,False,ok,False,False,
default,interactive-discover-8,discover,8,2,2,10,10,3576737d99d5db141cc483627030e4a9,30064,0.3326237360298031,66.0,10,736,29257,False,ok,False,False,
default,interactive-discover-8,discover,8,3,2,10,10,2ef5138ab25b49ea390e459465d4d1c7,54569,0.18325422859132473,44.0,10,34077,52468,False,ok,False,False,
default,interactive-discover-8,discover,8,4,2,10,10,23c130de23bea69938bb4f437757e794,22136,0.4517528008673654,46.0,10,17322,21067,False,ok,False,False,
default,interactive-discover-8,discover,8,0,3,10,10,6de458b391c32b212e7929ae0ffc458b,8111,1.2328936012822092,31.0,10,6389,7747,False,ok,False,False,
default,interactive-discover-8,discover,8,1,3,10,10,274c1a7526f7a435e29ae642db14f5e7,7842,1.2751849018107626,31.0,10,3963,7394,False,ok,False,False,
default,interactive-discover-8,discover,8,2,3,10,10,3576737d99d5db141cc483627030e4a9,29442,0.3396508389375722,65.0,10,492,28699,False,ok,False,False,
default,interactive-discover-8,discover,8,3,3,10,10,2ef5138ab25b49ea390e459465d4d1c7,41840,0.2390057361376673,41.0,10,31320,39668,False,ok,False,False,
default,interactive-discover-8,discover,8,4,3,10,10,23c130de23bea69938bb4f437757e794,21203,0.4716313729189266,46.0,10,16878,20397,False,ok,False,False,
default,interactive-discover-8,discover,8,0,4,10,10,851da6e3388e03fb83d9ff722f47b01a,7713,1.2965123816932451,30.0,10,6009,7270,False,ok,False,False,
default,interactive-discover-8,discover,8,1,4,10,10,94c08ac69169941707291254297ea93a,8850,1.1299435028248588,35.0,10,5108,8399,False,ok,False,False,
default,interactive-discover-8,discover,8,2,4,10,10,3576737d99d5db141cc483627030e4a9,28622,0.34938159457759765,64.0,10,503,27767,False,ok,False,False,
default,interactive-discover-8,discover,8,3,4,10,10,2ef5138ab25b49ea390e459465d4d1c7,46131,0.2167739697817086,45.0,10,31042,44041,False,ok,False,False,
default,interactive-discover-8,discover,8,4,4,10,10,beefd514c448ebff0716dc42693fdcf1,24442,0.4091318222731364,44.0,10,14990,23569,False,ok,False,False,
default,interactive-discover-8,discover,8,0,5,10,10,6e0556f5f0292e1072cb49e9c81104dd,7971,1.2545477355413372,36.0,10,6123,7597,False,ok,False,False,
default,interactive-discover-8,discover,8,1,5,10,10,94c08ac69169941707291254297ea93a,6024,1.6600265604249669,29.0,10,827,5690,False,ok,False,False,
default,interactive-discover-8,discover,8,2,5,10,10,3576737d99d5db141cc483627030e4a9,26710,0.3743916136278547,65.0,10,474,25855,False,ok,False,False,
default,interactive-discover-8,discover,8,3,5,10,10,2ef5138ab25b49ea390e459465d4d1c7,47204,0.21184645369036523,44.0,10,28405,40290,False,ok,False,False,
default,interactive-discover-8,discover,8,4,5,10,10,23c130de23bea69938bb4f437757e794,20529,0.48711578742267037,45.0,10,16268,19810,False,ok,False,False,
default,interactive-short-1,short,1,0,0,1,1,6b641713c69378408c911f18ba9ba38b,6934,0.1442169022209403,106.0,1,880,880,False,ok,False,False,
default,interactive-short-1,short,1,1,0,1,1,f02ab3570928d3fc74a51ceb7a4a39ac,1998,0.5005005005005005,103.0,1,337,337,False,ok,False,False,
default,interactive-short-1,short,1,2,0,1,1,ff4ea17b4281fdba2a7a842efe3a722a,1317,0.7593014426727411,89.0,1,358,358,False,ok,False,False,
default,interactive-short-1,short,1,3,0,1,1,64191c6d5f502dc3f35888f44214ade1,1208,0.8278145695364238,63.0,1,349,349,False,ok,False,False,
default,interactive-short-1,short,1,4,0,1,1,d8972c3dd7a9ab1cc6d9b0773f1037c3,1496,0.6684491978609626,93.0,1,346,346,False,ok,False,False,
default,interactive-short-1,short,1,0,1,1,1,6b641713c69378408c911f18ba9ba38b,1558,0.6418485237483954,105.0,1,339,339,False,ok,False,False,
default,interactive-short-1,short,1,1,1,1,1,f02ab3570928d3fc74a51ceb7a4a39ac,1213,0.8244023083264632,103.0,1,332,332,False,ok,False,False,
default,interactive-short-1,short,1,2,1,1,1,ff4ea17b4281fdba2a7a842efe3a722a,1097,0.9115770282588879,89.0,1,354,354,False,ok,False,False,
default,interactive-short-1,short,1,3,1,1,1,64191c6d5f502dc3f35888f44214ade1,1149,0.8703220191470844,63.0,1,319,319,False,ok,False,False,
default,interactive-short-1,short,1,4,1,1,1,d8972c3dd7a9ab1cc6d9b0773f1037c3,1441,0.6939625260235947,93.0,1,320,320,False,ok,False,False,
default,interactive-short-1,short,1,0,2,1,1,6b641713c69378408c911f18ba9ba38b,1527,0.6548788474132285,105.0,1,328,328,False,ok,False,False,
default,interactive-short-1,short,1,1,2,1,1,f02ab3570928d3fc74a51ceb7a4a39ac,1218,0.8210180623973727,103.0,1,356,356,False,ok,False,False,
default,interactive-short-1,short,1,2,2,1,1,ff4ea17b4281fdba2a7a842efe3a722a,1142,0.8756567425569177,89.0,1,321,321,False,ok,False,False,
default,interactive-short-1,short,1,3,2,1,1,64191c6d5f502dc3f35888f44214ade1,1089,0.9182736455463728,63.0,1,301,301,False,ok,False,False,
default,interactive-short-1,short,1,4,2,1,1,d8972c3dd7a9ab1cc6d9b0773f1037c3,1386,0.7215007215007215,93.0,1,354,354,False,ok,False,False,
default,interactive-short-1,short,1,0,3,1,1,6b641713c69378408c911f18ba9ba38b,1550,0.6451612903225806,105.0,1,302,302,False,ok,False,False,
default,interactive-short-1,short,1,1,3,1,1,f02ab3570928d3fc74a51ceb7a4a39ac,1270,0.7874015748031495,103.0,1,345,345,False,ok,False,False,
default,interactive-short-1,short,1,2,3,1,1,ff4ea17b4281fdba2a7a842efe3a722a,1575,0.6349206349206349,89.0,1,342,342,False,ok,False,False,
default,interactive-short-1,short,1,3,3,1,1,64191c6d5f502dc3f35888f44214ade1,1088,0.9191176470588235,63.0,1,324,324,False,ok,False,False,
default,interactive-short-1,short,1,4,3,1,1,d8972c3dd7a9ab1cc6d9b0773f1037c3,1600,0.625,93.0,1,333,333,False,ok,False,False,
default,interactive-short-1,short,1,0,4,1,1,6b641713c69378408c911f18ba9ba38b,1505,0.6644518272425249,105.0,1,317,317,False,ok,False,False,
default,interactive-short-1,short,1,1,4,1,1,f02ab3570928d3fc74a51ceb7a4a39ac,1243,0.8045052292839903,103.0,1,350,350,False,ok,False,False,
default,interactive-short-1,short,1,2,4,1,1,ff4ea17b4281fdba2a7a842efe3a722a,1100,0.9090909090909091,89.0,1,328,328,False,ok,False,False,
default,interactive-short-1,short,1,3,4,1,1,64191c6d5f502dc3f35888f44214ade1,1044,0.9578544061302682,63.0,1,350,350,False,ok,False,False,
default,interactive-short-1,short,1,4,4,1,1,d8972c3dd7a9ab1cc6d9b0773f1037c3,1434,0.697350069735007,93.0,1,361,361,False,ok,False,False,
default,interactive-short-1,short,1,0,5,1,1,6b641713c69378408c911f18ba9ba38b,1485,0.6734006734006733,105.0,1,318,318,False,ok,False,False,
default,interactive-short-1,short,1,1,5,1,1,f02ab3570928d3fc74a51ceb7a4a39ac,1238,0.8077544426494346,103.0,1,349,349,False,ok,False,False,
default,interactive-short-1,short,1,2,5,1,1,ff4ea17b4281fdba2a7a842efe3a722a,1110,0.9009009009009008,89.0,1,309,309,False,ok,False,False,
default,interactive-short-1,short,1,3,5,1,1,64191c6d5f502dc3f35888f44214ade1,1136,0.8802816901408451,63.0,1,338,338,False,ok,False,False,
default,interactive-short-1,short,1,4,5,1,1,d8972c3dd7a9ab1cc6d9b0773f1037c3,1401,0.7137758743754461,93.0,1,330,330,False,ok,False,False,
default,interactive-short-2,short,2,0,0,0,0,d41d8cd98f00b204e9800998ecf8427e,17,0.0,,0,,,True,unsupported,False,True,"Invalid SPARQL endpoint response from http://localhost:3001/sparql (HTTP status 400):
Query operation processing failed: none of the configured actors were able to handle the operation type nodes
    Error messages of failing actors:
        Actor urn:comunica:default:query-operation/actors#source does not accept the operation nodes.
"
default,interactive-short-2,short,2,1,0,0,0,d41d8cd98f00b204e9800998ecf8427e,9,0.0,,0,,,True,unsupported,False,True,"Invalid SPARQL endpoint response from http://localhost:3001/sparql (HTTP status 400):
Query operation processing failed: none of the configured actors were able to handle the operation type nodes
    Error messages of failing actors:
        Actor urn:comunica:default:query-operation/actors#source does not accept the operation nodes.
"
default,interactive-short-2,short,2,2,0,0,0,d41d8cd98f00b204e9800998ecf8427e,9,0.0,,0,,,True,unsupported,False,True,"Invalid SPARQL endpoint response from http://localhost:3001/sparql (HTTP status 400):
Query operation processing failed: none of the configured actors were able to handle the operation type nodes
    Error messages of failing actors:
        Actor urn:comunica:default:query-operation/actors#source does not accept the operation nodes.
"
default,interactive-short-2,short,2,3,0,0,0,d41d8cd98f00b204e9800998ecf8427e,9,0.0,,0,,,True,unsupported,False,True,"Invalid SPARQL endpoint response from http://localhost:3001/sparql (HTTP status 400):
Query operation processing failed: none of the configured actors were able to handle the operation type nodes
    Error messages of failing actors:
        Actor urn:comunica:default:query-operation/actors#source does not accept the operation nodes.
"
default,interactive-short-2,short,2,4,0,0,0,d41d8cd98f00b204e9800998ecf8427e,9,0.0,,0,,,True,unsupported,False,True,"Invalid SPARQL endpoint response from http://localhost:3001/sparql (HTTP status 400):
Query operation processing failed: none of the configured actors were able to handle the operation type nodes
    Error messages of failing actors:
        Actor urn:comunica:default:query-operation/actors#source does not accept the operation nodes.
"
default,interactive-short-2,short,2,0,1,0,0,d41d8cd98f00b204e9800998ecf8427e,17,0.0,,0,,,True,unsupported,False,True,"Invalid SPARQL endpoint response from http://localhost:3001/sparql (HTTP status 400):
Query operation processing failed: none of the configured actors were able to handle the operation type nodes
    Error messages of failing actors:
        Actor urn:comunica:default:query-operation/actors#source does not accept the operation nodes.
"
default,interactive-short-2,short,2,1,1,0,0,d41d8cd98f00b204e9800998ecf8427e,9,0.0,,0,,,True,unsupported,False,True,"Invalid SPARQL endpoint response from http://localhost:3001/sparql (HTTP status 400):
Query operation processing failed: none of the configured actors were able to handle the operation type nodes
    Error messages of failing actors:
        Actor urn:comunica:default:query-operation/actors#source does not accept the operation nodes.
"
default,interactive-short-2,short,2,2,1,0,0,d41d8cd98f00b204e9800998ecf8427e,9,0.0,,0,,,True,unsupported,False,True,"Invalid SPARQL endpoint response from http://localhost:3001/sparql (HTTP status 400):
Query operation processing failed: none of the configured actors were able to handle the operation type nodes
    Error messages of failing actors:
        Actor urn:comunica:default:query-operation/actors#source does not accept the operation nodes.
"
default,interactive-short-2,short,2,3,1,0,0,d41d8cd98f00b204e9800998ecf8427e,34,0.0,,0,,,True,unsupported,False,True,"Invalid SPARQL endpoint response from http://localhost:3001/sparql (HTTP status 400):
Query operation processing failed: none of the configured actors were able to handle the operation type nodes
    Error messages of failing actors:
        Actor urn:comunica:default:query-operation/actors#source does not accept the operation nodes.
"
default,interactive-short-2,short,2,4,1,0,0,d41d8cd98f00b204e9800998ecf8427e,10,0.0,,0,,,True,unsupported,False,True,"Invalid SPARQL endpoint response from http://localhost:3001/sparql (HTTP status 400):
Query operation processing failed: none of the configured actors were able to handle the operation type nodes
    Error messages of failing actors:
        Actor urn:comunica:default:query-operation/actors#source does not accept the operation nodes.
"
default,interactive-short-2,short,2,0,2,0,0,d41d8cd98f00b204e9800998ecf8427e,57,0.0,,0,,,True,unsupported,False,True,"Invalid SPARQL endpoint response from http://localhost:3001/sparql (HTTP status 400):
Query operation processing failed: none of the configured actors were able to handle the operation type nodes
    Error messages of failing actors:
        Actor urn:comunica:default:query-operation/actors#source does not accept the operation nodes.
"
default,interactive-short-2,short,2,1,2,0,0,d41d8cd98f00b204e9800998ecf8427e,9,0.0,,0,,,True,unsupported,False,True,"Invalid SPARQL endpoint response from http://localhost:3001/sparql (HTTP status 400):
Query operation processing failed: none of the configured actors were able to handle the operation type nodes
    Error messages of failing actors:
        Actor urn:comunica:default:query-operation/actors#source does not accept the operation nodes.
"
default,interactive-short-2,short,2,2,2,0,0,d41d8cd98f00b204e9800998ecf8427e,12,0.0,,0,,,True,unsupported,False,True,"Invalid SPARQL endpoint response from http://localhost:3001/sparql (HTTP status 400):
Query operation processing failed: none of the configured actors were able to handle the operation type nodes
    Error messages of failing actors:
        Actor urn:comunica:default:query-operation/actors#source does not accept the operation nodes.
"
default,interactive-short-2,short,2,3,2,0,0,d41d8cd98f00b204e9800998ecf8427e,50,0.0,,0,,,True,unsupported,False,True,"Invalid SPARQL endpoint response from http://localhost:3001/sparql (HTTP status 400):
Query operation processing failed: none of the configured actors were able to handle the operation type nodes
    Error messages of failing actors:
        Actor urn:comunica:default:query-operation/actors#source does not accept the operation nodes.
"
default,interactive-short-2,short,2,4,2,0,0,d41d8cd98f00b204e9800998ecf8427e,11,0.0,,0,,,True,unsupported,False,True,"Invalid SPARQL endpoint response from http://localhost:3001/sparql (HTTP status 400):
Query operation processing failed: none of the configured actors were able to handle the operation type nodes
    Error messages of failing actors:
        Actor urn:comunica:default:query-operation/actors#source does not accept the operation nodes.
"
default,interactive-short-2,short,2,0,3,0,0,d41d8cd98f00b204e9800998ecf8427e,51,0.0,,0,,,True,unsupported,False,True,"Invalid SPARQL endpoint response from http://localhost:3001/sparql (HTTP status 400):
Query operation processing failed: none of the configured actors were able to handle the operation type nodes
    Error messages of failing actors:
        Actor urn:comunica:default:query-operation/actors#source does not accept the operation nodes.
"
default,interactive-short-2,short,2,1,3,0,0,d41d8cd98f00b204e9800998ecf8427e,14,0.0,,0,,,True,unsupported,False,True,"Invalid SPARQL endpoint response from http://localhost:3001/sparql (HTTP status 400):
Query operation processing failed: none of the configured actors were able to handle the operation type nodes
    Error messages of failing actors:
        Actor urn:comunica:default:query-operation/actors#source does not accept the operation nodes.
"
default,interactive-short-2,short,2,2,3,0,0,d41d8cd98f00b204e9800998ecf8427e,51,0.0,,0,,,True,unsupported,False,True,"Invalid SPARQL endpoint response from http://localhost:3001/sparql (HTTP status 400):
Query operation processing failed: none of the configured actors were able to handle the operation type nodes
    Error messages of failing actors:
        Actor urn:comunica:default:query-operation/actors#source does not accept the operation nodes.
"
default,interactive-short-2,short,2,3,3,0,0,d41d8cd98f00b204e9800998ecf8427e,34,0.0,,0,,,True,unsupported,False,True,"Invalid SPARQL endpoint response from http://localhost:3001/sparql (HTTP status 400):
Query operation processing failed: none of the configured actors were able to handle the operation type nodes
    Error messages of failing actors:
        Actor urn:comunica:default:query-operation/actors#source does not accept the operation nodes.
"
default,interactive-short-2,short,2,4,3,0,0,d41d8cd98f00b204e9800998ecf8427e,50,0.0,,0,,,True,unsupported,False,True,"Invalid SPARQL endpoint response from http://localhost:3001/sparql (HTTP status 400):
Query operation processing failed: none of the configured actors were able to handle the operation type nodes
    Error messages of failing actors:
        Actor urn:comunica:default:query-operation/actors#source does not accept the operation nodes.
"
default,interactive-short-2,short,2,0,4,0,0,d41d8cd98f00b204e9800998ecf8427e,55,0.0,,0,,,True,unsupported,False,True,"Invalid SPARQL endpoint response from http://localhost:3001/sparql (HTTP status 400):
Query operation processing failed: none of the configured actors were able to handle the operation type nodes
    Error messages of failing actors:
        Actor urn:comunica:default:query-operation/actors#source does not accept the operation nodes.
"
default,interactive-short-2,short,2,1,4,0,0,d41d8cd98f00b204e9800998ecf8427e,43,0.0,,0,,,True,unsupported,False,True,"Invalid SPARQL endpoint response from http://localhost:3001/sparql (HTTP status 400):
Query operation processing failed: none of the configured actors were able to handle the operation type nodes
    Error messages of failing actors:
        Actor urn:comunica:default:query-operation/actors#source does not accept the operation nodes.
"
default,interactive-short-2,short,2,2,4,0,0,d41d8cd98f00b204e9800998ecf8427e,34,0.0,,0,,,True,unsupported,False,True,"Invalid SPARQL endpoint response from http://localhost:3001/sparql (HTTP status 400):
Query operation processing failed: none of the configured actors were able to handle the operation type nodes
    Error messages of failing actors:
        Actor urn:comunica:default:query-operation/actors#source does not accept the operation nodes.
"
default,interactive-short-2,short,2,3,4,0,0,d41d8cd98f00b204e9800998ecf8427e,417,0.0,,0,,,True,unsupported,False,True,"Invalid SPARQL endpoint response from http://localhost:3001/sparql (HTTP status 400):
Query operation processing failed: none of the configured actors were able to handle the operation type nodes
    Error messages of failing actors:
        Actor urn:comunica:default:query-operation/actors#source does not accept the operation nodes.
"
default,interactive-short-2,short,2,4,4,0,0,d41d8cd98f00b204e9800998ecf8427e,13,0.0,,0,,,True,unsupported,False,True,"Invalid SPARQL endpoint response from http://localhost:3001/sparql (HTTP status 400):
Query operation processing failed: none of the configured actors were able to handle the operation type nodes
    Error messages of failing actors:
        Actor urn:comunica:default:query-operation/actors#source does not accept the operation nodes.
"
default,interactive-short-2,short,2,0,5,0,0,d41d8cd98f00b204e9800998ecf8427e,171,0.0,,0,,,True,unsupported,False,True,"Invalid SPARQL endpoint response from http://localhost:3001/sparql (HTTP status 400):
Query operation processing failed: none of the configured actors were able to handle the operation type nodes
    Error messages of failing actors:
        Actor urn:comunica:default:query-operation/actors#source does not accept the operation nodes.
"
default,interactive-short-2,short,2,1,5,0,0,d41d8cd98f00b204e9800998ecf8427e,66,0.0,,0,,,True,unsupported,False,True,"Invalid SPARQL endpoint response from http://localhost:3001/sparql (HTTP status 400):
Query operation processing failed: none of the configured actors were able to handle the operation type nodes
    Error messages of failing actors:
        Actor urn:comunica:default:query-operation/actors#source does not accept the operation nodes.
"
default,interactive-short-2,short,2,2,5,0,0,d41d8cd98f00b204e9800998ecf8427e,26,0.0,,0,,,True,unsupported,False,True,"Invalid SPARQL endpoint response from http://localhost:3001/sparql (HTTP status 400):
Query operation processing failed: none of the configured actors were able to handle the operation type nodes
    Error messages of failing actors:
        Actor urn:comunica:default:query-operation/actors#source does not accept the operation nodes.
"
default,interactive-short-2,short,2,3,5,0,0,d41d8cd98f00b204e9800998ecf8427e,98,0.0,,0,,,True,unsupported,False,True,"Invalid SPARQL endpoint response from http://localhost:3001/sparql (HTTP status 400):
Query operation processing failed: none of the configured actors were able to handle the operation type nodes
    Error messages of failing actors:
        Actor urn:comunica:default:query-operation/actors#source does not accept the operation nodes.
"
default,interactive-short-2,short,2,4,5,0,0,d41d8cd98f00b204e9800998ecf8427e,467,0.0,,0,,,True,unsupported,False,True,"Invalid SPARQL endpoint response from http://localhost:3001/sparql (HTTP status 400):
Query operation processing failed: none of the configured actors were able to handle the operation type nodes
    Error messages of failing actors:
        Actor urn:comunica:default:query-operation/actors#source does not accept the operation nodes.
"
default,interactive-short-3,short,3,0,0,0,0,d41d8cd98f00b204e9800998ecf8427e,300225,0.0,,0,,,True,timeout,True,True,"Unexpected ""!"" at position 0 in state STOP"
default,interactive-short-3,short,3,1,0,0,0,d41d8cd98f00b204e9800998ecf8427e,300647,0.0,,0,,,True,timeout,True,True,terminated
default,interactive-short-3,short,3,2,0,0,0,d41d8cd98f00b204e9800998ecf8427e,300609,0.0,,0,,,True,timeout,True,True,terminated
default,interactive-short-3,short,3,3,0,0,0,d41d8cd98f00b204e9800998ecf8427e,300185,0.0,,0,,,True,timeout,True,True,"Unexpected ""!"" at position 0 in state STOP"
default,interactive-short-3,short,3,4,0,0,0,d41d8cd98f00b204e9800998ecf8427e,300155,0.0,,0,,,True,timeout,True,True,"Unexpected ""!"" at position 0 in state STOP"
default,interactive-short-3,short,3,0,1,0,0,d41d8cd98f00b204e9800998ecf8427e,300216,0.0,,0,,,True,timeout,True,True,"Unexpected ""!"" at position 0 in state STOP"
default,interactive-short-3,short,3,1,1,0,0,d41d8cd98f00b204e9800998ecf8427e,300091,0.0,,0,,,True,timeout,True,True,"Unexpected ""!"" at position 0 in state STOP"
default,interactive-short-3,short,3,2,1,0,0,d41d8cd98f00b204e9800998ecf8427e,300234,0.0,,0,,,True,timeout,True,True,"Unexpected ""!"" at position 0 in state STOP"
default,interactive-short-3,short,3,3,1,0,0,d41d8cd98f00b204e9800998ecf8427e,300657,0.0,,0,,,True,timeout,True,True,terminated
default,interactive-short-3,short,3,4,1,0,0,d41d8cd98f00b204e9800998ecf8427e,300204,0.0,,0,,,True,timeout,True,True,"Unexpected ""!"" at position 0 in state STOP"
default,interactive-short-3,short,3,0,2,0,0,d41d8cd98f00b204e9800998ecf8427e,300265,0.0,,0,,,True,timeout,True,True,"Unexpected ""!"" at position 0 in state STOP"
default,interactive-short-3,short,3,1,2,0,0,d41d8cd98f00b204e9800998ecf8427e,300664,0.0,,0,,,True,timeout,True,True,terminated
default,interactive-short-3,short,3,2,2,0,0,d41d8cd98f00b204e9800998ecf8427e,300135,0.0,,0,,,True,timeout,True,True,"Unexpected ""!"" at position 0 in state STOP"
default,interactive-short-3,short,3,3,2,0,0,d41d8cd98f00b204e9800998ecf8427e,300075,0.0,,0,,,True,timeout,True,True,"Unexpected ""!"" at position 0 in state STOP"
default,interactive-short-3,short,3,4,2,0,0,d41d8cd98f00b204e9800998ecf8427e,300120,0.0,,0,,,True,timeout,True,True,"Unexpected ""!"" at position 0 in state STOP"
default,interactive-short-3,short,3,0,3,0,0,d41d8cd98f00b204e9800998ecf8427e,300246,0.0,,0,,,True,timeout,True,True,"Unexpected ""!"" at position 0 in state STOP"
default,interactive-short-3,short,3,1,3,0,0,d41d8cd98f00b204e9800998ecf8427e,300107,0.0,,0,,,True,timeout,True,True,"Unexpected ""!"" at position 0 in state STOP"
default,interactive-short-3,short,3,2,3,0,0,d41d8cd98f00b204e9800998ecf8427e,300156,0.0,,0,,,True,timeout,True,True,"Unexpected ""!"" at position 0 in state STOP"
default,interactive-short-3,short,3,3,3,0,0,d41d8cd98f00b204e9800998ecf8427e,300664,0.0,,0,,,True,timeout,True,True,terminated
default,interactive-short-3,short,3,4,3,0,0,d41d8cd98f00b204e9800998ecf8427e,300144,0.0,,0,,,True,timeout,True,True,"Unexpected ""!"" at position 0 in state STOP"
default,interactive-short-3,short,3,0,4,0,0,d41d8cd98f00b204e9800998ecf8427e,300656,0.0,,0,,,True,timeout,True,True,terminated
default,interactive-short-3,short,3,1,4,0,0,d41d8cd98f00b204e9800998ecf8427e,300203,0.0,,0,,,True,timeout,True,True,"Unexpected ""!"" at position 0 in state STOP"
default,interactive-short-3,short,3,2,4,0,0,d41d8cd98f00b204e9800998ecf8427e,300645,0.0,,0,,,True,timeout,True,True,terminated
default,interactive-short-3,short,3,3,4,0,0,d41d8cd98f00b204e9800998ecf8427e,300157,0.0,,0,,,True,timeout,True,True,"Unexpected ""!"" at position 0 in state STOP"
default,interactive-short-3,short,3,4,4,0,0,d41d8cd98f00b204e9800998ecf8427e,300236,0.0,,0,,,True,timeout,True,True,"Unexpected ""!"" at position 0 in state STOP"
default,interactive-short-3,short,3,0,5,0,0,d41d8cd98f00b204e9800998ecf8427e,300212,0.0,,0,,,True,timeout,True,True,"Unexpected ""!"" at position 0 in state STOP"
default,interactive-short-3,short,3,1,5,0,0,d41d8cd98f00b204e9800998ecf8427e,300133,0.0,,0,,,True,timeout,True,True,"Unexpected ""!"" at position 0 in state STOP"
default,interactive-short-3,short,3,2,5,0,0,d41d8cd98f00b204e9800998ecf8427e,300129,0.0,,0,,,True,timeout,True,True,"Unexpected ""!"" at position 0 in state STOP"
default,interactive-short-3,short,3,3,5,0,0,d41d8cd98f00b204e9800998ecf8427e,300116,0.0,,0,,,True,timeout,True,True,"Unexpected ""!"" at position 0 in state STOP"
default,interactive-short-3,short,3,4,5,0,0,d41d8cd98f00b204e9800998ecf8427e,300277,0.0,,0,,,True,timeout,True,True,"Unexpected ""!"" at position 0 in state STOP"
default,interactive-short-4,short,4,0,0,1,1,be952defdc6bff97ab1d2bd30503bd7a,355,2.8169014084507045,3.0,1,244,244,False,ok,False,False,
default,interactive-short-4,short,4,1,0,1,1,c7f96e08adf5efcc4ad5302bc4ebe30f,287,3.4843205574912894,3.0,1,158,158,False,ok,False,False,
default,interactive-short-4,short,4,2,0,1,1,b14fe4f20ab576f2bf485f4d72fc2332,767,1.303780964797914,27.0,1,256,256,False,ok,False,False,
default,interactive-short-4,short,4,3,0,1,1,c114679689014713f0be71d73de99a0b,1239,0.8071025020177562,37.0,1,303,303,False,ok,False,False,
default,interactive-short-4,short,4,4,0,1,1,c93535a997dcc3e3b4e497b89e662936,235,4.25531914893617,3.0,1,132,132,False,ok,False,False,
default,interactive-short-4,short,4,0,1,1,1,be952defdc6bff97ab1d2bd30503bd7a,212,4.716981132075472,3.0,1,104,104,False,ok,False,False,
default,interactive-short-4,short,4,1,1,1,1,c7f96e08adf5efcc4ad5302bc4ebe30f,230,4.3478260869565215,3.0,1,120,120,False,ok,False,False,
default,interactive-short-4,short,4,2,1,1,1,b14fe4f20ab576f2bf485f4d72fc2332,540,1.8518518518518516,27.0,1,172,172,False,ok,False,False,
default,interactive-short-4,short,4,3,1,1,1,c114679689014713f0be71d73de99a0b,955,1.0471204188481675,37.0,1,200,200,False,ok,False,False,
default,interactive-short-4,short,4,4,1,1,1,c93535a997dcc3e3b4e497b89e662936,232,4.310344827586206,3.0,1,109,109,False,ok,False,False,
default,interactive-short-4,short,4,0,2,1,1,be952defdc6bff97ab1d2bd30503bd7a,214,4.672897196261682,3.0,1,110,110,False,ok,False,False,
default,interactive-short-4,short,4,1,2,1,1,c7f96e08adf5efcc4ad5302bc4ebe30f,229,4.366812227074235,3.0,1,114,114,False,ok,False,False,
default,interactive-short-4,short,4,2,2,1,1,b14fe4f20ab576f2bf485f4d72fc2332,490,2.0408163265306123,27.0,1,155,155,False,ok,False,False,
default,interactive-short-4,short,4,3,2,1,1,c114679689014713f0be71d73de99a0b,678,1.4749262536873156,37.0,1,184,184,False,ok,False,False,
default,interactive-short-4,short,4,4,2,1,1,c93535a997dcc3e3b4e497b89e662936,234,4.273504273504273,3.0,1,119,119,False,ok,False,False,
default,interactive-short-4,short,4,0,3,1,1,be952defdc6bff97ab1d2bd30503bd7a,216,4.62962962962963,3.0,1,112,112,False,ok,False,False,
default,interactive-short-4,short,4,1,3,1,1,c7f96e08adf5efcc4ad5302bc4ebe30f,215,4.651162790697675,3.0,1,109,109,False,ok,False,False,
default,interactive-short-4,short,4,2,3,1,1,b14fe4f20ab576f2bf485f4d72fc2332,460,2.1739130434782608,27.0,1,152,152,False,ok,False,False,
default,interactive-short-4,short,4,3,3,1,1,c114679689014713f0be71d73de99a0b,636,1.572327044025157,37.0,1,183,183,False,ok,False,False,
default,interactive-short-4,short,4,4,3,1,1,c93535a997dcc3e3b4e497b89e662936,214,4.672897196261682,3.0,1,108,108,False,ok,False,False,
default,interactive-short-4,short,4,0,4,1,1,be952defdc6bff97ab1d2bd30503bd7a,217,4.6082949308755765,3.0,1,117,117,False,ok,False,False,
default,interactive-short-4,short,4,1,4,1,1,c7f96e08adf5efcc4ad5302bc4ebe30f,219,4.566210045662101,3.0,1,108,108,False,ok,False,False,
default,interactive-short-4,short,4,2,4,1,1,b14fe4f20ab576f2bf485f4d72fc2332,475,2.1052631578947367,27.0,1,150,150,False,ok,False,False,
default,interactive-short-4,short,4,3,4,1,1,c114679689014713f0be71d73de99a0b,667,1.4992503748125936,37.0,1,186,186,False,ok,False,False,
default,interactive-short-4,short,4,4,4,1,1,c93535a997dcc3e3b4e497b89e662936,226,4.424778761061947,3.0,1,108,108,False,ok,False,False,
default,interactive-short-4,short,4,0,5,1,1,be952defdc6bff97ab1d2bd30503bd7a,203,4.926108374384236,3.0,1,99,99,False,ok,False,False,
default,interactive-short-4,short,4,1,5,1,1,c7f96e08adf5efcc4ad5302bc4ebe30f,223,4.484304932735426,3.0,1,117,117,False,ok,False,False,
default,interactive-short-4,short,4,2,5,1,1,b14fe4f20ab576f2bf485f4d72fc2332,513,1.949317738791423,27.0,1,145,145,False,ok,False,False,
default,interactive-short-4,short,4,3,5,1,1,c114679689014713f0be71d73de99a0b,651,1.5360983102918586,37.0,1,189,189,False,ok,False,False,
default,interactive-short-4,short,4,4,5,1,1,c93535a997dcc3e3b4e497b89e662936,219,4.566210045662101,3.0,1,118,118,False,ok,False,False,
default,interactive-short-5,short,5,0,0,1,1,dc0e41612718b8e8febbfed0b6a81235,6419,0.15578750584203147,530.0,1,369,369,False,ok,False,False,
default,interactive-short-5,short,5,1,0,1,1,503ee1b279b823f2e5e6c3c7ad09348a,13581,0.07363228039172373,1112.0,1,353,353,False,ok,False,False,
default,interactive-short-5,short,5,2,0,1,1,f5c7036bdd812461f2fb5aae6b3ae925,45690,0.02188662727073758,4572.0,1,456,456,False,ok,False,False,
default,interactive-short-5,short,5,3,0,1,1,34828ddcb65169a440f3b93e10833a13,951,1.0515247108307046,46.0,1,386,386,False,ok,False,False,
default,interactive-short-5,short,5,4,0,1,1,85635c1632159d9ccdaa8e67a0da19e7,5092,0.1963864886095837,476.0,1,370,370,False,ok,False,False,
default,interactive-short-5,short,5,0,1,1,1,dc0e41612718b8e8febbfed0b6a81235,5659,0.17670966601873123,530.0,1,327,327,False,ok,False,False,
default,interactive-short-5,short,5,1,1,1,1,503ee1b279b823f2e5e6c3c7ad09348a,12490,0.08006405124099279,1112.0,1,362,362,False,ok,False,False,
default,interactive-short-5,short,5,2,1,1,1,f5c7036bdd812461f2fb5aae6b3ae925,46958,0.02129562587844457,4572.0,1,640,640,False,ok,False,False,
default,interactive-short-5,short,5,3,1,1,1,34828ddcb65169a440f3b93e10833a13,1058,0.9451795841209829,46.0,1,442,442,False,ok,False,False,
default,interactive-short-5,short,5,4,1,1,1,85635c1632159d9ccdaa8e67a0da19e7,5230,0.19120458891013384,476.0,1,345,345,False,ok,False,False,
default,interactive-short-5,short,5,0,2,1,1,dc0e41612718b8e8febbfed0b6a81235,5715,0.17497812773403326,530.0,1,336,336,False,ok,False,False,
default,interactive-short-5,short,5,1,2,1,1,503ee1b279b823f2e5e6c3c7ad09348a,11998,0.08334722453742291,1112.0,1,366,366,False,ok,False,False,
default,interactive-short-5,short,5,2,2,1,1,f5c7036bdd812461f2fb5aae6b3ae925,44000,0.022727272727272728,4572.0,1,503,503,False,ok,False,False,
default,interactive-short-5,short,5,3,2,1,1,34828ddcb65169a440f3b93e10833a13,947,1.0559662090813096,46.0,1,402,402,False,ok,False,False,
default,interactive-short-5,short,5,4,2,1,1,85635c1632159d9ccdaa8e67a0da19e7,5051,0.19798059790140565,476.0,1,341,341,False,ok,False,False,
default,interactive-short-5,short,5,0,3,1,1,dc0e41612718b8e8febbfed0b6a81235,5522,0.18109380659181457,530.0,1,329,329,False,ok,False,False,
default,interactive-short-5,short,5,1,3,1,1,503ee1b279b823f2e5e6c3c7ad09348a,12488,0.0800768737988469,1112.0,1,359,359,False,ok,False,False,
default,interactive-short-5,short,5,2,3,1,1,f5c7036bdd812461f2fb5aae6b3ae925,42276,0.0236540826946731,4572.0,1,456,456,False,ok,False,False,
default,interactive-short-5,short,5,3,3,1,1,34828ddcb65169a440f3b93e10833a13,956,1.0460251046025104,46.0,1,428,428,False,ok,False,False,
default,interactive-short-5,short,5,4,3,1,1,85635c1632159d9ccdaa8e67a0da19e7,5085,0.19665683382497542,476.0,1,360,360,False,ok,False,False,
default,interactive-short-5,short,5,0,4,1,1,dc0e41612718b8e8febbfed0b6a81235,5496,0.1819505094614265,530.0,1,348,348,False,ok,False,False,
default,interactive-short-5,short,5,1,4,1,1,503ee1b279b823f2e5e6c3c7ad09348a,11462,0.08724480893386843,1112.0,1,342,342,False,ok,False,False,
default,interactive-short-5,short,5,2,4,1,1,f5c7036bdd812461f2fb5aae6b3ae925,44743,0.02234986478331806,4572.0,1,453,453,False,ok,False,False,
default,interactive-short-5,short,5,3,4,1,1,34828ddcb65169a440f3b93e10833a13,998,1.002004008016032,46.0,1,402,402,False,ok,False,False,
default,interactive-short-5,short,5,4,4,1,1,85635c1632159d9ccdaa8e67a0da19e7,5102,0.1960015680125441,476.0,1,361,361,False,ok,False,False,
default,interactive-short-5,short,5,0,5,1,1,dc0e41612718b8e8febbfed0b6a81235,5591,0.17885888034340905,530.0,1,353,353,False,ok,False,False,
default,interactive-short-5,short,5,1,5,1,1,503ee1b279b823f2e5e6c3c7ad09348a,12173,0.08214901831923109,1112.0,1,361,361,False,ok,False,False,
default,interactive-short-5,short,5,2,5,1,1,f5c7036bdd812461f2fb5aae6b3ae925,42679,0.02343072705546053,4572.0,1,467,467,False,ok,False,False,
default,interactive-short-5,short,5,3,5,1,1,34828ddcb65169a440f3b93e10833a13,997,1.0030090270812437,46.0,1,416,416,False,ok,False,False,
default,interactive-short-5,short,5,4,5,1,1,85635c1632159d9ccdaa8e67a0da19e7,5051,0.19798059790140565,476.0,1,350,350,False,ok,False,False,
default,interactive-short-6,short,6,0,0,1,1,ba304a277e0c6fae635de35002222d91,300106,0.003332155971556717,,1,489,489,True,timeout,True,False,"Unexpected ""!"" at position 0 in state STOP"
default,interactive-short-6,short,6,1,0,1,1,e849f1a14477da933bfaa5ee561efce8,300109,0.0033321226620994376,,1,851,851,True,timeout,True,False,"Unexpected ""!"" at position 0 in state STOP"
default,interactive-short-6,short,6,2,0,0,0,d41d8cd98f00b204e9800998ecf8427e,300108,0.0,,0,,,True,timeout,True,True,"Unexpected ""!"" at position 0 in state STOP"
default,interactive-short-6,short,6,3,0,0,0,d41d8cd98f00b204e9800998ecf8427e,300114,0.0,,0,,,True,timeout,True,True,"Unexpected ""!"" at position 0 in state STOP"
default,interactive-short-6,short,6,4,0,0,0,d41d8cd98f00b204e9800998ecf8427e,300108,0.0,,0,,,True,timeout,True,True,"Unexpected ""!"" at position 0 in state STOP"
default,interactive-short-6,short,6,0,1,1,1,ba304a277e0c6fae635de35002222d91,300021,0.00333310001633219,,1,720,720,True,timeout,True,False,"Unexpected ""!"" at position 0 in state STOP"
default,interactive-short-6,short,6,1,1,1,1,e849f1a14477da933bfaa5ee561efce8,300020,0.0033331111259249386,,1,851,851,True,timeout,True,False,"Unexpected ""!"" at position 0 in state STOP"
default,interactive-short-6,short,6,2,1,0,0,d41d8cd98f00b204e9800998ecf8427e,300110,0.0,,0,,,True,timeout,True,True,"Unexpected ""!"" at position 0 in state STOP"
default,interactive-short-6,short,6,3,1,0,0,d41d8cd98f00b204e9800998ecf8427e,300109,0.0,,0,,,True,timeout,True,True,"Unexpected ""!"" at position 0 in state STOP"
default,interactive-short-6,short,6,4,1,0,0,d41d8cd98f00b204e9800998ecf8427e,300026,0.0,,0,,,True,timeout,True,True,"Unexpected ""!"" at position 0 in state STOP"
default,interactive-short-6,short,6,0,2,1,1,ba304a277e0c6fae635de35002222d91,300109,0.0033321226620994376,,1,714,714,True,timeout,True,False,"Unexpected ""!"" at position 0 in state STOP"
default,interactive-short-6,short,6,1,2,1,1,e849f1a14477da933bfaa5ee561efce8,300109,0.0033321226620994376,,1,844,844,True,timeout,True,False,"Unexpected ""!"" at position 0 in state STOP"
default,interactive-short-6,short,6,2,2,0,0,d41d8cd98f00b204e9800998ecf8427e,300114,0.0,,0,,,True,timeout,True,True,"Unexpected ""!"" at position 0 in state STOP"
default,interactive-short-6,short,6,3,2,0,0,d41d8cd98f00b204e9800998ecf8427e,300080,0.0,,0,,,True,timeout,True,True,"Unexpected ""!"" at position 0 in state STOP"
default,interactive-short-6,short,6,4,2,0,0,d41d8cd98f00b204e9800998ecf8427e,300112,0.0,,0,,,True,timeout,True,True,"Unexpected ""!"" at position 0 in state STOP"
default,interactive-short-6,short,6,0,3,1,1,ba304a277e0c6fae635de35002222d91,300109,0.0033321226620994376,,1,713,713,True,timeout,True,False,"Unexpected ""!"" at position 0 in state STOP"
default,interactive-short-6,short,6,1,3,1,1,e849f1a14477da933bfaa5ee561efce8,300109,0.0033321226620994376,,1,833,833,True,timeout,True,False,"Unexpected ""!"" at position 0 in state STOP"
default,interactive-short-6,short,6,2,3,0,0,d41d8cd98f00b204e9800998ecf8427e,300112,0.0,,0,,,True,timeout,True,True,"Unexpected ""!"" at position 0 in state STOP"
default,interactive-short-6,short,6,3,3,0,0,d41d8cd98f00b204e9800998ecf8427e,300179,0.0,,0,,,True,timeout,True,True,"Unexpected ""!"" at position 0 in state STOP"
default,interactive-short-6,short,6,4,3,0,0,d41d8cd98f00b204e9800998ecf8427e,300108,0.0,,0,,,True,timeout,True,True,"Unexpected ""!"" at position 0 in state STOP"
default,interactive-short-6,short,6,0,4,1,1,ba304a277e0c6fae635de35002222d91,300113,0.0033320782505256354,,1,711,711,True,timeout,True,False,"Unexpected ""!"" at position 0 in state STOP"
default,interactive-short-6,short,6,1,4,1,1,e849f1a14477da933bfaa5ee561efce8,300108,0.003332133765177869,,1,830,830,True,timeout,True,False,"Unexpected ""!"" at position 0 in state STOP"
default,interactive-short-6,short,6,2,4,0,0,d41d8cd98f00b204e9800998ecf8427e,300113,0.0,,0,,,True,timeout,True,True,"Unexpected ""!"" at position 0 in state STOP"
default,interactive-short-6,short,6,3,4,0,0,d41d8cd98f00b204e9800998ecf8427e,300111,0.0,,0,,,True,timeout,True,True,"Unexpected ""!"" at position 0 in state STOP"
default,interactive-short-6,short,6,4,4,0,0,d41d8cd98f00b204e9800998ecf8427e,300109,0.0,,0,,,True,timeout,True,True,"Unexpected ""!"" at position 0 in state STOP"
default,interactive-short-6,short,6,0,5,1,1,ba304a277e0c6fae635de35002222d91,300110,0.003332111559094998,,1,718,718,True,timeout,True,False,"Unexpected ""!"" at position 0 in state STOP"
default,interactive-short-6,short,6,1,5,1,1,e849f1a14477da933bfaa5ee561efce8,300109,0.0033321226620994376,,1,829,829,True,timeout,True,False,"Unexpected ""!"" at position 0 in state STOP"
default,interactive-short-6,short,6,2,5,0,0,d41d8cd98f00b204e9800998ecf8427e,300109,0.0,,0,,,True,timeout,True,True,"Unexpected ""!"" at position 0 in state STOP"
default,interactive-short-6,short,6,3,5,0,0,d41d8cd98f00b204e9800998ecf8427e,300055,0.0,,0,,,True,timeout,True,True,"Unexpected ""!"" at position 0 in state STOP"
default,interactive-short-6,short,6,4,5,0,0,d41d8cd98f00b204e9800998ecf8427e,300112,0.0,,0,,,True,timeout,True,True,"Unexpected ""!"" at position 0 in state STOP"
default,interactive-short-7,short,7,0,0,0,0,d41d8cd98f00b204e9800998ecf8427e,300672,0.0,,0,,,True,timeout,True,True,terminated
default,interactive-short-7,short,7,1,0,0,0,d41d8cd98f00b204e9800998ecf8427e,300114,0.0,,0,,,True,timeout,True,True,"Unexpected ""!"" at position 0 in state STOP"
default,interactive-short-7,short,7,2,0,0,0,d41d8cd98f00b204e9800998ecf8427e,300113,0.0,,0,,,True,timeout,True,True,"Unexpected ""!"" at position 0 in state STOP"
default,interactive-short-7,short,7,3,0,0,0,d41d8cd98f00b204e9800998ecf8427e,300051,0.0,,0,,,True,timeout,True,True,"Unexpected ""!"" at position 0 in state STOP"
default,interactive-short-7,short,7,4,0,0,0,d41d8cd98f00b204e9800998ecf8427e,300112,0.0,,0,,,True,timeout,True,True,"Unexpected ""!"" at position 0 in state STOP"
default,interactive-short-7,short,7,0,1,0,0,d41d8cd98f00b204e9800998ecf8427e,300112,0.0,,0,,,True,timeout,True,True,"Unexpected ""!"" at position 0 in state STOP"
default,interactive-short-7,short,7,1,1,0,0,d41d8cd98f00b204e9800998ecf8427e,300112,0.0,,0,,,True,timeout,True,True,"Unexpected ""!"" at position 0 in state STOP"
default,interactive-short-7,short,7,2,1,0,0,d41d8cd98f00b204e9800998ecf8427e,300112,0.0,,0,,,True,timeout,True,True,"Unexpected ""!"" at position 0 in state STOP"
default,interactive-short-7,short,7,3,1,0,0,d41d8cd98f00b204e9800998ecf8427e,300112,0.0,,0,,,True,timeout,True,True,"Unexpected ""!"" at position 0 in state STOP"
default,interactive-short-7,short,7,4,1,0,0,d41d8cd98f00b204e9800998ecf8427e,300104,0.0,,0,,,True,timeout,True,True,"Unexpected ""!"" at position 0 in state STOP"
default,interactive-short-7,short,7,0,2,0,0,d41d8cd98f00b204e9800998ecf8427e,300113,0.0,,0,,,True,timeout,True,True,"Unexpected ""!"" at position 0 in state STOP"
default,interactive-short-7,short,7,1,2,0,0,d41d8cd98f00b204e9800998ecf8427e,300111,0.0,,0,,,True,timeout,True,True,"Unexpected ""!"" at position 0 in state STOP"
default,interactive-short-7,short,7,2,2,0,0,d41d8cd98f00b204e9800998ecf8427e,300112,0.0,,0,,,True,timeout,True,True,"Unexpected ""!"" at position 0 in state STOP"
default,interactive-short-7,short,7,3,2,0,0,d41d8cd98f00b204e9800998ecf8427e,300657,0.0,,0,,,True,timeout,True,True,terminated
default,interactive-short-7,short,7,4,2,0,0,d41d8cd98f00b204e9800998ecf8427e,300111,0.0,,0,,,True,timeout,True,True,"Unexpected ""!"" at position 0 in state STOP"
default,interactive-short-7,short,7,0,3,0,0,d41d8cd98f00b204e9800998ecf8427e,300143,0.0,,0,,,True,timeout,True,True,"Unexpected ""!"" at position 0 in state STOP"
default,interactive-short-7,short,7,1,3,0,0,d41d8cd98f00b204e9800998ecf8427e,300115,0.0,,0,,,True,timeout,True,True,"Unexpected ""!"" at position 0 in state STOP"
default,interactive-short-7,short,7,2,3,0,0,d41d8cd98f00b204e9800998ecf8427e,300114,0.0,,0,,,True,timeout,True,True,"Unexpected ""!"" at position 0 in state STOP"
default,interactive-short-7,short,7,3,3,0,0,d41d8cd98f00b204e9800998ecf8427e,300113,0.0,,0,,,True,timeout,True,True,"Unexpected ""!"" at position 0 in state STOP"
default,interactive-short-7,short,7,4,3,0,0,d41d8cd98f00b204e9800998ecf8427e,300672,0.0,,0,,,True,timeout,True,True,terminated
default,interactive-short-7,short,7,0,4,0,0,d41d8cd98f00b204e9800998ecf8427e,300111,0.0,,0,,,True,timeout,True,True,"Unexpected ""!"" at position 0 in state STOP"
default,interactive-short-7,short,7,1,4,0,0,d41d8cd98f00b204e9800998ecf8427e,300180,0.0,,0,,,True,timeout,True,True,"Unexpected ""!"" at position 0 in state STOP"
default,interactive-short-7,short,7,2,4,0,0,d41d8cd98f00b204e9800998ecf8427e,300060,0.0,,0,,,True,timeout,True,True,"Unexpected ""!"" at position 0 in state STOP"
default,interactive-short-7,short,7,3,4,0,0,d41d8cd98f00b204e9800998ecf8427e,300031,0.0,,0,,,True,timeout,True,True,"Unexpected ""!"" at position 0 in state STOP"
default,interactive-short-7,short,7,4,4,0,0,d41d8cd98f00b204e9800998ecf8427e,300665,0.0,,0,,,True,timeout,True,True,terminated
default,interactive-short-7,short,7,0,5,0,0,d41d8cd98f00b204e9800998ecf8427e,300113,0.0,,0,,,True,timeout,True,True,"Unexpected ""!"" at position 0 in state STOP"
default,interactive-short-7,short,7,1,5,0,0,d41d8cd98f00b204e9800998ecf8427e,300113,0.0,,0,,,True,timeout,True,True,"Unexpected ""!"" at position 0 in state STOP"
default,interactive-short-7,short,7,2,5,0,0,d41d8cd98f00b204e9800998ecf8427e,300112,0.0,,0,,,True,timeout,True,True,"Unexpected ""!"" at position 0 in state STOP"
default,interactive-short-7,short,7,3,5,0,0,d41d8cd98f00b204e9800998ecf8427e,300112,0.0,,0,,,True,timeout,True,True,"Unexpected ""!"" at position 0 in state STOP"
default,interactive-short-7,short,7,4,5,0,0,d41d8cd98f00b204e9800998ecf8427e,300112,0.0,,0,,,True,timeout,True,True,"Unexpected ""!"" at position 0 in state STOP"
derived-resource-v2,interactive-discover-1,discover,1,0,0,6,6,d632b8166f912f4afd062d64186f2dc6,6306,0.9514747859181731,96.0,6,3845,4126,False,ok,False,False,
derived-resource-v2,interactive-discover-1,discover,1,1,0,4,4,e00f199d535cd1710bf9be67f04f39e4,2307,1.7338534893801474,32.0,4,1646,1681,False,ok,False,False,
derived-resource-v2,interactive-discover-1,discover,1,2,0,1,1,c4499554f796e968a069e67a8f5d9d1c,2048,0.48828125,32.0,1,1507,1507,False,ok,False,False,
derived-resource-v2,interactive-discover-1,discover,1,3,0,14,14,6c0a9fe8be642ee232c10c9996912b97,2128,6.578947368421052,34.0,14,1356,1609,False,ok,False,False,
derived-resource-v2,interactive-discover-1,discover,1,4,0,8,8,7536d3a2c1abc2a9ac92b1860efa3282,2992,2.6737967914438503,84.0,8,1164,1480,False,ok,False,False,
derived-resource-v2,interactive-discover-1,discover,1,0,1,6,6,d632b8166f912f4afd062d64186f2dc6,1977,3.0349013657056143,96.0,6,821,821,False,ok,False,False,
derived-resource-v2,interactive-discover-1,discover,1,1,1,4,4,e00f199d535cd1710bf9be67f04f39e4,1387,2.883922134102379,32.0,4,771,772,False,ok,False,False,
derived-resource-v2,interactive-discover-1,discover,1,2,1,1,1,c4499554f796e968a069e67a8f5d9d1c,1362,0.7342143906020557,32.0,1,782,782,False,ok,False,False,
derived-resource-v2,interactive-discover-1,discover,1,3,1,14,14,6c0a9fe8be642ee232c10c9996912b97,1433,9.769713886950454,34.0,14,808,809,False,ok,False,False,
derived-resource-v2,interactive-discover-1,discover,1,4,1,8,8,7536d3a2c1abc2a9ac92b1860efa3282,1912,4.184100418410042,84.0,8,904,905,False,ok,False,False,
derived-resource-v2,interactive-discover-1,discover,1,0,2,6,6,d632b8166f912f4afd062d64186f2dc6,1895,3.1662269129287597,96.0,6,764,764,False,ok,False,False,
derived-resource-v2,interactive-discover-1,discover,1,1,2,4,4,e00f199d535cd1710bf9be67f04f39e4,1364,2.9325513196480935,32.0,4,777,777,False,ok,False,False,
derived-resource-v2,interactive-discover-1,discover,1,2,2,1,1,c4499554f796e968a069e67a8f5d9d1c,1351,0.7401924500370096,32.0,1,788,788,False,ok,False,False,
derived-resource-v2,interactive-discover-1,discover,1,3,2,14,14,6c0a9fe8be642ee232c10c9996912b97,1376,10.174418604651164,34.0,14,813,814,False,ok,False,False,
derived-resource-v2,interactive-discover-1,discover,1,4,2,8,8,7536d3a2c1abc2a9ac92b1860efa3282,1790,4.4692737430167595,84.0,8,793,793,False,ok,False,False,
derived-resource-v2,interactive-discover-1,discover,1,0,3,6,6,d632b8166f912f4afd062d64186f2dc6,1924,3.1185031185031185,96.0,6,821,821,False,ok,False,False,
derived-resource-v2,interactive-discover-1,discover,1,1,3,4,4,e00f199d535cd1710bf9be67f04f39e4,1336,2.994011976047904,32.0,4,777,777,False,ok,False,False,
derived-resource-v2,interactive-discover-1,discover,1,2,3,1,1,c4499554f796e968a069e67a8f5d9d1c,1293,0.7733952049497294,32.0,1,755,755,False,ok,False,False,
derived-resource-v2,interactive-discover-1,discover,1,3,3,14,14,6c0a9fe8be642ee232c10c9996912b97,1341,10.439970171513796,34.0,14,762,763,False,ok,False,False,
derived-resource-v2,interactive-discover-1,discover,1,4,3,8,8,7536d3a2c1abc2a9ac92b1860efa3282,1743,4.589787722317842,84.0,8,752,753,False,ok,False,False,
derived-resource-v2,interactive-discover-1,discover,1,0,4,6,6,d632b8166f912f4afd062d64186f2dc6,2205,2.7210884353741496,96.0,6,875,876,False,ok,False,False,
derived-resource-v2,interactive-discover-1,discover,1,1,4,4,4,e00f199d535cd1710bf9be67f04f39e4,1330,3.007518796992481,32.0,4,755,755,False,ok,False,False,
derived-resource-v2,interactive-discover-1,discover,1,2,4,1,1,c4499554f796e968a069e67a8f5d9d1c,1282,0.7800312012480499,32.0,1,755,755,False,ok,False,False,
derived-resource-v2,interactive-discover-1,discover,1,3,4,14,14,6c0a9fe8be642ee232c10c9996912b97,1304,10.736196319018404,34.0,14,666,667,False,ok,False,False,
derived-resource-v2,interactive-discover-1,discover,1,4,4,8,8,7536d3a2c1abc2a9ac92b1860efa3282,1686,4.744958481613286,84.0,8,756,757,False,ok,False,False,
derived-resource-v2,interactive-discover-1,discover,1,0,5,6,6,d632b8166f912f4afd062d64186f2dc6,2277,2.635046113306983,96.0,6,1185,1185,False,ok,False,False,
derived-resource-v2,interactive-discover-1,discover,1,1,5,4,4,e00f199d535cd1710bf9be67f04f39e4,1310,3.0534351145038165,32.0,4,798,798,False,ok,False,False,
derived-resource-v2,interactive-discover-1,discover,1,2,5,1,1,c4499554f796e968a069e67a8f5d9d1c,1317,0.7593014426727411,32.0,1,796,796,False,ok,False,False,
derived-resource-v2,interactive-discover-1,discover,1,3,5,14,14,6c0a9fe8be642ee232c10c9996912b97,1322,10.59001512859304,34.0,14,733,734,False,ok,False,False,
derived-resource-v2,interactive-discover-1,discover,1,4,5,8,8,7536d3a2c1abc2a9ac92b1860efa3282,1753,4.563605248146036,84.0,8,779,784,False,ok,False,False,
derived-resource-v2,interactive-discover-2,discover,2,0,0,66,66,18ff3becda1d7305aaa0da5860ca7511,2141,30.826716487622605,,66,908,1531,True,crash,False,False,"Unexpected ""!"" at position 0 in state STOP"
derived-resource-v2,interactive-discover-2,discover,2,1,0,46,46,f6a5ba863b07324a44f8e492bf9ab0e1,2632,17.477203647416413,,46,1424,2251,True,crash,False,False,"Unexpected ""!"" at position 0 in state STOP"
derived-resource-v2,interactive-discover-2,discover,2,2,0,32,32,113587781a953fec190d8e3339b06c26,2303,13.894919669995659,,32,1372,1854,True,crash,False,False,"Unexpected ""!"" at position 0 in state STOP"
derived-resource-v2,interactive-discover-2,discover,2,3,0,198,198,23320e2cdf40e8165aa7fdff74171184,2710,73.06273062730628,,198,1376,2692,True,crash,False,False,"Unexpected ""!"" at position 0 in state STOP"
derived-resource-v2,interactive-discover-2,discover,2,4,0,98,98,a7ea80830c1f3358609f53e0ce62fd9a,2956,33.15290933694181,,98,1485,2416,True,crash,False,False,"Unexpected ""!"" at position 0 in state STOP"
derived-resource-v2,interactive-discover-2,discover,2,0,1,66,66,18ff3becda1d7305aaa0da5860ca7511,2812,23.470839260312946,,66,1467,1970,True,crash,False,False,"Unexpected ""!"" at position 0 in state STOP"
derived-resource-v2,interactive-discover-2,discover,2,1,1,46,46,f6a5ba863b07324a44f8e492bf9ab0e1,1994,23.069207622868607,,46,1206,1256,True,crash,False,False,"Unexpected ""!"" at position 0 in state STOP"
derived-resource-v2,interactive-discover-2,discover,2,2,1,32,32,113587781a953fec190d8e3339b06c26,2007,15.944195316392625,,32,1242,1311,True,crash,False,False,"Unexpected ""!"" at position 0 in state STOP"
derived-resource-v2,interactive-discover-2,discover,2,3,1,198,198,23320e2cdf40e8165aa7fdff74171184,2349,84.2911877394636,,198,1499,2101,True,crash,False,False,"Unexpected ""!"" at position 0 in state STOP"
derived-resource-v2,interactive-discover-2,discover,2,4,1,98,98,a7ea80830c1f3358609f53e0ce62fd9a,2997,32.699366032699366,,98,1456,1681,True,crash,False,False,"Unexpected ""!"" at position 0 in state STOP"
derived-resource-v2,interactive-discover-2,discover,2,0,2,66,66,18ff3becda1d7305aaa0da5860ca7511,2837,23.26401127952062,,66,1424,2015,True,crash,False,False,"Unexpected ""!"" at position 0 in state STOP"
derived-resource-v2,interactive-discover-2,discover,2,1,2,46,46,f6a5ba863b07324a44f8e492bf9ab0e1,1962,23.44546381243629,,46,1404,1477,True,crash,False,False,"Unexpected ""!"" at position 0 in state STOP"
derived-resource-v2,interactive-discover-2,discover,2,2,2,32,32,113587781a953fec190d8e3339b06c26,2231,14.343343792021516,,32,1226,1693,True,crash,False,False,"Unexpected ""!"" at position 0 in state STOP"
derived-resource-v2,interactive-discover-2,discover,2,3,2,198,198,23320e2cdf40e8165aa7fdff74171184,2087,94.87302347867752,,198,1357,1839,True,crash,False,False,"Unexpected ""!"" at position 0 in state STOP"
derived-resource-v2,interactive-discover-2,discover,2,4,2,98,98,a7ea80830c1f3358609f53e0ce62fd9a,2792,35.100286532951294,,98,1618,1796,True,crash,False,False,"Unexpected ""!"" at position 0 in state STOP"
derived-resource-v2,interactive-discover-2,discover,2,0,3,66,66,18ff3becda1d7305aaa0da5860ca7511,2899,22.76647119696447,,66,1379,2092,True,crash,False,False,"Unexpected ""!"" at position 0 in state STOP"
derived-resource-v2,interactive-discover-2,discover,2,1,3,46,46,f6a5ba863b07324a44f8e492bf9ab0e1,1861,24.717893605588394,,46,1320,1408,True,crash,False,False,"Unexpected ""!"" at position 0 in state STOP"
derived-resource-v2,interactive-discover-2,discover,2,2,3,32,32,113587781a953fec190d8e3339b06c26,2260,14.15929203539823,,32,1488,1685,True,crash,False,False,"Unexpected ""!"" at position 0 in state STOP"
derived-resource-v2,interactive-discover-2,discover,2,3,3,198,198,23320e2cdf40e8165aa7fdff74171184,2177,90.95084979329351,,198,1373,1924,True,crash,False,False,"Unexpected ""!"" at position 0 in state STOP"
derived-resource-v2,interactive-discover-2,discover,2,4,3,98,98,a7ea80830c1f3358609f53e0ce62fd9a,2523,38.84264764169639,,98,1391,1693,True,crash,False,False,"Unexpected ""!"" at position 0 in state STOP"
derived-resource-v2,interactive-discover-2,discover,2,0,4,66,66,18ff3becda1d7305aaa0da5860ca7511,3023,21.83261660602051,,66,1589,2156,True,crash,False,False,"Unexpected ""!"" at position 0 in state STOP"
derived-resource-v2,interactive-discover-2,discover,2,1,4,46,46,f6a5ba863b07324a44f8e492bf9ab0e1,1860,24.731182795698924,,46,1311,1356,True,crash,False,False,"Unexpected ""!"" at position 0 in state STOP"
derived-resource-v2,interactive-discover-2,discover,2,2,4,32,32,113587781a953fec190d8e3339b06c26,2211,14.473089099954773,,32,1254,1291,True,crash,False,False,"Unexpected ""!"" at position 0 in state STOP"
derived-resource-v2,interactive-discover-2,discover,2,3,4,198,198,23320e2cdf40e8165aa7fdff74171184,2110,93.83886255924172,,198,1385,1897,True,crash,False,False,"Unexpected ""!"" at position 0 in state STOP"
derived-resource-v2,interactive-discover-2,discover,2,4,4,98,98,a7ea80830c1f3358609f53e0ce62fd9a,2650,36.9811320754717,,98,1668,1854,True,crash,False,False,"Unexpected ""!"" at position 0 in state STOP"
derived-resource-v2,interactive-discover-2,discover,2,0,5,66,66,18ff3becda1d7305aaa0da5860ca7511,2720,24.26470588235294,,66,1535,2064,True,crash,False,False,"Unexpected ""!"" at position 0 in state STOP"
derived-resource-v2,interactive-discover-2,discover,2,1,5,46,46,f6a5ba863b07324a44f8e492bf9ab0e1,1805,25.48476454293629,,46,1283,1334,True,crash,False,False,"Unexpected ""!"" at position 0 in state STOP"
derived-resource-v2,interactive-discover-2,discover,2,2,5,32,32,113587781a953fec190d8e3339b06c26,2060,15.533980582524272,,32,1465,1504,True,crash,False,False,"Unexpected ""!"" at position 0 in state STOP"
derived-resource-v2,interactive-discover-2,discover,2,3,5,198,198,23320e2cdf40e8165aa7fdff74171184,2152,92.00743494423791,,198,1508,1814,True,crash,False,False,"Unexpected ""!"" at position 0 in state STOP"
derived-resource-v2,interactive-discover-2,discover,2,4,5,98,98,a7ea80830c1f3358609f53e0ce62fd9a,2527,38.78116343490304,,98,1360,1681,True,crash,False,False,"Unexpected ""!"" at position 0 in state STOP"
derived-resource-v2,interactive-discover-3,discover,3,0,0,68,68,e9f9c6f077dd7a85180d21221150597a,96978,0.7011899606096228,,68,96962,96965,True,crash,False,False,"Unexpected ""!"" at position 0 in state STOP"
derived-resource-v2,interactive-discover-3,discover,3,1,0,66,66,bf39c452faf678539dd6bec9f8931c5e,98008,0.6734144151497837,,66,97995,98008,True,crash,False,False,"Unexpected ""!"" at position 8918 in state STOP"
derived-resource-v2,interactive-discover-3,discover,3,2,0,54,54,c6f1026b5b378b95fed1b609efe82a86,82484,0.6546724213180739,,54,82476,82483,True,crash,False,False,"Unexpected ""!"" at position 4009 in state STOP"
derived-resource-v2,interactive-discover-3,discover,3,3,0,196,196,3103aacb8c0b38645fd73f8b05191c84,162002,1.2098616066468315,,196,161980,162001,True,crash,False,False,"Unexpected ""!"" at position 12409 in state STOP"
derived-resource-v2,interactive-discover-3,discover,3,4,0,137,137,922f2cfc8273304ad1f823de44367223,111911,1.224187077231014,,137,111893,111910,True,crash,False,False,"Unexpected ""!"" at position 3846 in state STOP"
derived-resource-v2,interactive-discover-3,discover,3,0,1,68,68,e9f9c6f077dd7a85180d21221150597a,95823,0.709641735282761,,68,95820,95823,True,crash,False,False,"Unexpected ""!"" at position 10524 in state STOP"
derived-resource-v2,interactive-discover-3,discover,3,1,1,66,66,bf39c452faf678539dd6bec9f8931c5e,95929,0.6880088398711547,,66,95926,95928,True,crash,False,False,"Unexpected ""!"" at position 10139 in state STOP"
derived-resource-v2,interactive-discover-3,discover,3,2,1,54,54,c6f1026b5b378b95fed1b609efe82a86,73549,0.7342044079457232,,54,73547,73549,True,crash,False,False,"Unexpected ""!"" at position 8368 in state STOP"
derived-resource-v2,interactive-discover-3,discover,3,3,1,196,196,3103aacb8c0b38645fd73f8b05191c84,163715,1.197202455486669,,196,163696,163714,True,crash,False,False,"Unexpected ""!"" at position 4975 in state STOP"
derived-resource-v2,interactive-discover-3,discover,3,4,1,137,137,922f2cfc8273304ad1f823de44367223,113681,1.2051266262612046,,137,113676,113681,True,crash,False,False,"Unexpected ""!"" at position 21059 in state STOP"
derived-resource-v2,interactive-discover-3,discover,3,0,2,68,68,e9f9c6f077dd7a85180d21221150597a,96109,0.7075299919882634,,68,96106,96108,True,crash,False,False,"Unexpected ""!"" at position 10524 in state STOP"
derived-resource-v2,interactive-discover-3,discover,3,1,2,66,66,bf39c452faf678539dd6bec9f8931c5e,96241,0.6857784104487692,,66,96238,96240,True,crash,False,False,"Unexpected ""!"" at position 10139 in state STOP"
derived-resource-v2,interactive-discover-3,discover,3,2,2,54,54,c6f1026b5b378b95fed1b609efe82a86,79582,0.6785453997135031,,54,79580,79582,True,crash,False,False,"Unexpected ""!"" at position 8368 in state STOP"
derived-resource-v2,interactive-discover-3,discover,3,3,2,196,196,3103aacb8c0b38645fd73f8b05191c84,163481,1.1989160819911795,,196,163424,163471,True,crash,False,False,"Unexpected ""!"" at position 0 in state STOP"
derived-resource-v2,interactive-discover-3,discover,3,4,2,137,137,922f2cfc8273304ad1f823de44367223,115817,1.1829006104457895,,137,115768,115817,True,crash,False,False,"Unexpected ""!"" at position 16164 in state STOP"
derived-resource-v2,interactive-discover-3,discover,3,0,3,68,68,e9f9c6f077dd7a85180d21221150597a,100309,0.6779052727073344,,68,100307,100309,True,crash,False,False,"Unexpected ""!"" at position 10524 in state STOP"
derived-resource-v2,interactive-discover-3,discover,3,1,3,66,66,bf39c452faf678539dd6bec9f8931c5e,102187,0.6458747198763052,,66,102185,102187,True,crash,False,False,"Unexpected ""!"" at position 10139 in state STOP"
derived-resource-v2,interactive-discover-3,discover,3,2,3,54,54,c6f1026b5b378b95fed1b609efe82a86,79614,0.6782726656115758,,54,79607,79614,True,crash,False,False,"Unexpected ""!"" at position 2169 in state STOP"
derived-resource-v2,interactive-discover-3,discover,3,3,3,196,196,3103aacb8c0b38645fd73f8b05191c84,164783,1.1894430857552054,,196,164761,164782,True,crash,False,False,"Unexpected ""!"" at position 11177 in state STOP"
derived-resource-v2,interactive-discover-3,discover,3,4,3,137,137,922f2cfc8273304ad1f823de44367223,116908,1.1718616347897493,,137,116881,116907,True,crash,False,False,"Unexpected ""!"" at position 18012 in state STOP"
derived-resource-v2,interactive-discover-3,discover,3,0,4,68,68,e9f9c6f077dd7a85180d21221150597a,96199,0.7068680547614841,,68,96195,96199,True,crash,False,False,"Unexpected ""!"" at position 10524 in state STOP"
derived-resource-v2,interactive-discover-3,discover,3,1,4,66,66,bf39c452faf678539dd6bec9f8931c5e,94250,0.7002652519893899,,66,94247,94249,True,crash,False,False,"Unexpected ""!"" at position 10139 in state STOP"
derived-resource-v2,interactive-discover-3,discover,3,2,4,54,54,c6f1026b5b378b95fed1b609efe82a86,78872,0.6846536159853941,,54,78870,78871,True,crash,False,False,"Unexpected ""!"" at position 8368 in state STOP"
derived-resource-v2,interactive-discover-3,discover,3,3,4,196,196,3103aacb8c0b38645fd73f8b05191c84,153702,1.275194857581554,,196,153677,153702,True,crash,False,False,"Unexpected ""!"" at position 17268 in state STOP"
derived-resource-v2,interactive-discover-3,discover,3,4,4,137,137,922f2cfc8273304ad1f823de44367223,112870,1.213785771241251,,137,112853,112869,True,crash,False,False,"Unexpected ""!"" at position 158 in state STOP"
derived-resource-v2,interactive-discover-3,discover,3,0,5,68,68,e9f9c6f077dd7a85180d21221150597a,98190,0.6925348813524799,,68,98186,98190,True,crash,False,False,"Unexpected ""!"" at position 10524 in state STOP"
derived-resource-v2,interactive-discover-3,discover,3,1,5,66,66,bf39c452faf678539dd6bec9f8931c5e,96821,0.6816702987988144,,66,96819,96821,True,crash,False,False,"Unexpected ""!"" at position 10139 in state STOP"
derived-resource-v2,interactive-discover-3,discover,3,2,5,54,54,c6f1026b5b378b95fed1b609efe82a86,81536,0.6622841444270016,,54,81534,81536,True,crash,False,False,"Unexpected ""!"" at position 8368 in state STOP"
derived-resource-v2,interactive-discover-3,discover,3,3,5,196,196,3103aacb8c0b38645fd73f8b05191c84,162172,1.2085933453370497,,196,162151,162172,True,crash,False,False,"Unexpected ""!"" at position 8051 in state STOP"
derived-resource-v2,interactive-discover-3,discover,3,4,5,137,137,922f2cfc8273304ad1f823de44367223,116438,1.1765918342809047,,137,116421,116438,True,crash,False,False,"Unexpected ""!"" at position 158 in state STOP"
derived-resource-v2,interactive-discover-4,discover,4,0,0,5,5,3112eede040aaa01aedc457789eed356,3139,1.592863969417012,,5,3139,3139,True,crash,False,False,"Unexpected ""!"" at position 761 in state STOP"
derived-resource-v2,interactive-discover-4,discover,4,1,0,3,3,cd6f381a6281527b1dbda2f21a1a702a,2026,1.480750246791708,,3,2025,2026,True,crash,False,False,"Unexpected ""!"" at position 456 in state STOP"
derived-resource-v2,interactive-discover-4,discover,4,2,0,3,3,ed1ebad4adf97e9e94be0ca88af2d8bb,1835,1.6348773841961852,,3,1835,1835,True,crash,False,False,"Unexpected ""!"" at position 455 in state STOP"
derived-resource-v2,interactive-discover-4,discover,4,3,0,3,3,16a10be88d7ff874026ce66a4e993ecb,2303,1.302648719062093,,3,2303,2303,True,crash,False,False,"Unexpected ""!"" at position 456 in state STOP"
derived-resource-v2,interactive-discover-4,discover,4,4,0,7,7,d0ef3bb68aa278a8f97f329adee97dd8,4303,1.6267720195212643,,7,4302,4303,True,crash,False,False,"Unexpected ""!"" at position 1058 in state STOP"
derived-resource-v2,interactive-discover-4,discover,4,0,1,5,5,3112eede040aaa01aedc457789eed356,2717,1.840264998159735,,5,2703,2703,True,crash,False,False,"Unexpected ""!"" at position 0 in state STOP"
derived-resource-v2,interactive-discover-4,discover,4,1,1,3,3,cd6f381a6281527b1dbda2f21a1a702a,1742,1.722158438576349,,3,1742,1742,True,crash,False,False,"Unexpected ""!"" at position 456 in state STOP"
derived-resource-v2,interactive-discover-4,discover,4,2,1,3,3,ed1ebad4adf97e9e94be0ca88af2d8bb,1937,1.5487867836861124,,3,1936,1936,True,crash,False,False,"Unexpected ""!"" at position 455 in state STOP"
derived-resource-v2,interactive-discover-4,discover,4,3,1,3,3,16a10be88d7ff874026ce66a4e993ecb,1923,1.5600624024960998,,3,1923,1923,True,crash,False,False,"Unexpected ""!"" at position 456 in state STOP"
derived-resource-v2,interactive-discover-4,discover,4,4,1,7,7,d0ef3bb68aa278a8f97f329adee97dd8,2665,2.626641651031895,,7,2665,2665,True,crash,False,False,"Unexpected ""!"" at position 1058 in state STOP"
derived-resource-v2,interactive-discover-4,discover,4,0,2,5,5,3112eede040aaa01aedc457789eed356,3708,1.348435814455232,,5,3708,3708,True,crash,False,False,"Unexpected ""!"" at position 761 in state STOP"
derived-resource-v2,interactive-discover-4,discover,4,1,2,3,3,cd6f381a6281527b1dbda2f21a1a702a,1765,1.6997167138810199,,3,1764,1764,True,crash,False,False,"Unexpected ""!"" at position 456 in state STOP"
derived-resource-v2,interactive-discover-4,discover,4,2,2,3,3,ed1ebad4adf97e9e94be0ca88af2d8bb,1730,1.7341040462427746,,3,1730,1730,True,crash,False,False,"Unexpected ""!"" at position 455 in state STOP"
derived-resource-v2,interactive-discover-4,discover,4,3,2,3,3,16a10be88d7ff874026ce66a4e993ecb,2555,1.1741682974559686,,3,2554,2554,True,crash,False,False,"Unexpected ""!"" at position 456 in state STOP"
derived-resource-v2,interactive-discover-4,discover,4,4,2,7,7,d0ef3bb68aa278a8f97f329adee97dd8,2595,2.6974951830443157,,7,2595,2595,True,crash,False,False,"Unexpected ""!"" at position 1058 in state STOP"
derived-resource-v2,interactive-discover-4,discover,4,0,3,5,5,3112eede040aaa01aedc457789eed356,3502,1.4277555682467162,,5,3487,3487,True,crash,False,False,"Unexpected ""!"" at position 0 in state STOP"
derived-resource-v2,interactive-discover-4,discover,4,1,3,3,3,cd6f381a6281527b1dbda2f21a1a702a,1730,1.7341040462427746,,3,1730,1730,True,crash,False,False,"Unexpected ""!"" at position 456 in state STOP"
derived-resource-v2,interactive-discover-4,discover,4,2,3,3,3,ed1ebad4adf97e9e94be0ca88af2d8bb,1718,1.7462165308498254,,3,1717,1717,True,crash,False,False,"Unexpected ""!"" at position 455 in state STOP"
derived-resource-v2,interactive-discover-4,discover,4,3,3,3,3,16a10be88d7ff874026ce66a4e993ecb,1874,1.6008537886872998,,3,1874,1874,True,crash,False,False,"Unexpected ""!"" at position 456 in state STOP"
derived-resource-v2,interactive-discover-4,discover,4,4,3,7,7,d0ef3bb68aa278a8f97f329adee97dd8,3126,2.239283429302623,,7,3125,3126,True,crash,False,False,"Unexpected ""!"" at position 1058 in state STOP"
derived-resource-v2,interactive-discover-4,discover,4,0,4,5,5,3112eede040aaa01aedc457789eed356,2749,1.8188432157148053,,5,2736,2736,True,crash,False,False,"Unexpected ""!"" at position 0 in state STOP"
derived-resource-v2,interactive-discover-4,discover,4,1,4,3,3,cd6f381a6281527b1dbda2f21a1a702a,1781,1.6844469399213926,,3,1780,1780,True,crash,False,False,"Unexpected ""!"" at position 456 in state STOP"
derived-resource-v2,interactive-discover-4,discover,4,2,4,3,3,ed1ebad4adf97e9e94be0ca88af2d8bb,1815,1.6528925619834711,,3,1815,1815,True,crash,False,False,"Unexpected ""!"" at position 455 in state STOP"
derived-resource-v2,interactive-discover-4,discover,4,3,4,3,3,16a10be88d7ff874026ce66a4e993ecb,2073,1.447178002894356,,3,2073,2073,True,crash,False,False,"Unexpected ""!"" at position 456 in state STOP"
derived-resource-v2,interactive-discover-4,discover,4,4,4,7,7,d0ef3bb68aa278a8f97f329adee97dd8,3252,2.1525215252152523,,7,3241,3242,True,crash,False,False,"Unexpected ""!"" at position 0 in state STOP"
derived-resource-v2,interactive-discover-4,discover,4,0,5,5,5,3112eede040aaa01aedc457789eed356,2716,1.840942562592047,,5,2700,2716,True,crash,False,False,"Unexpected ""!"" at position 152 in state STOP"
derived-resource-v2,interactive-discover-4,discover,4,1,5,3,3,cd6f381a6281527b1dbda2f21a1a702a,1777,1.6882386043894204,,3,1777,1777,True,crash,False,False,"Unexpected ""!"" at position 456 in state STOP"
derived-resource-v2,interactive-discover-4,discover,4,2,5,3,3,ed1ebad4adf97e9e94be0ca88af2d8bb,2210,1.3574660633484164,,3,2210,2210,True,crash,False,False,"Unexpected ""!"" at position 455 in state STOP"
derived-resource-v2,interactive-discover-4,discover,4,3,5,3,3,16a10be88d7ff874026ce66a4e993ecb,1913,1.5682174594877156,,3,1913,1913,True,crash,False,False,"Unexpected ""!"" at position 456 in state STOP"
derived-resource-v2,interactive-discover-4,discover,4,4,5,7,7,d0ef3bb68aa278a8f97f329adee97dd8,3453,2.027222704894295,,7,3453,3453,True,crash,False,False,"Unexpected ""!"" at position 1058 in state STOP"
derived-resource-v2,interactive-discover-5,discover,5,0,0,15,15,cab888487e7572de37a55f0e8c3ec060,3043,4.929346040092014,92.0,15,1317,1666,False,ok,False,False,
derived-resource-v2,interactive-discover-5,discover,5,1,0,3,3,7fc43bb183e4fb0238576536413c6c45,1451,2.067539627842867,28.0,3,958,968,False,ok,False,False,
derived-resource-v2,interactive-discover-5,discover,5,2,0,3,3,2543010e761cb36b6f0c3e103e58af43,1198,2.5041736227045077,28.0,3,764,768,False,ok,False,False,
derived-resource-v2,interactive-discover-5,discover,5,3,0,4,4,76fc6cfa5c07ff3011e9f2d7ac2ae7e0,1339,2.9873039581777445,30.0,4,748,754,False,ok,False,False,
derived-resource-v2,interactive-discover-5,discover,5,4,0,20,20,880a30fb8a9114b4807acb78d9e7d141,1727,11.580775911986102,80.0,20,810,975,False,ok,False,False,
derived-resource-v2,interactive-discover-5,discover,5,0,1,15,15,cab888487e7572de37a55f0e8c3ec060,1669,8.987417615338526,92.0,15,771,869,False,ok,False,False,
derived-resource-v2,interactive-discover-5,discover,5,1,1,3,3,7fc43bb183e4fb0238576536413c6c45,1216,2.4671052631578947,28.0,3,797,805,False,ok,False,False,
derived-resource-v2,interactive-discover-5,discover,5,2,1,3,3,2543010e761cb36b6f0c3e103e58af43,1158,2.590673575129534,28.0,3,762,768,False,ok,False,False,
derived-resource-v2,interactive-discover-5,discover,5,3,1,4,4,76fc6cfa5c07ff3011e9f2d7ac2ae7e0,1185,3.375527426160337,30.0,4,764,793,False,ok,False,False,
derived-resource-v2,interactive-discover-5,discover,5,4,1,20,20,880a30fb8a9114b4807acb78d9e7d141,1537,13.012361743656474,80.0,20,767,917,False,ok,False,False,
derived-resource-v2,interactive-discover-5,discover,5,0,2,15,15,cab888487e7572de37a55f0e8c3ec060,1617,9.276437847866418,92.0,15,758,829,False,ok,False,False,
derived-resource-v2,interactive-discover-5,discover,5,1,2,3,3,7fc43bb183e4fb0238576536413c6c45,1146,2.617801047120419,28.0,3,722,732,False,ok,False,False,
derived-resource-v2,interactive-discover-5,discover,5,2,2,3,3,2543010e761cb36b6f0c3e103e58af43,1223,2.452984464431725,28.0,3,761,768,False,ok,False,False,
derived-resource-v2,interactive-discover-5,discover,5,3,2,4,4,76fc6cfa5c07ff3011e9f2d7ac2ae7e0,1142,3.502626970227671,30.0,4,731,762,False,ok,False,False,
derived-resource-v2,interactive-discover-5,discover,5,4,2,20,20,880a30fb8a9114b4807acb78d9e7d141,1636,12.224938875305623,80.0,20,770,855,False,ok,False,False,
derived-resource-v2,interactive-discover-5,discover,5,0,3,15,15,cab888487e7572de37a55f0e8c3ec060,1646,9.113001215066829,92.0,15,783,838,False,ok,False,False,
derived-resource-v2,interactive-discover-5,discover,5,1,3,3,3,7fc43bb183e4fb0238576536413c6c45,1113,2.6954177897574123,28.0,3,708,719,False,ok,False,False,
derived-resource-v2,interactive-discover-5,discover,5,2,3,3,3,2543010e761cb36b6f0c3e103e58af43,1158,2.590673575129534,28.0,3,736,741,False,ok,False,False,
derived-resource-v2,interactive-discover-5,discover,5,3,3,4,4,76fc6cfa5c07ff3011e9f2d7ac2ae7e0,1254,3.189792663476874,30.0,4,799,828,False,ok,False,False,
derived-resource-v2,interactive-discover-5,discover,5,4,3,20,20,880a30fb8a9114b4807acb78d9e7d141,1483,13.486176668914363,80.0,20,758,840,False,ok,False,False,
derived-resource-v2,interactive-discover-5,discover,5,0,4,15,15,cab888487e7572de37a55f0e8c3ec060,1705,8.79765395894428,92.0,15,761,1027,False,ok,False,False,
derived-resource-v2,interactive-discover-5,discover,5,1,4,3,3,7fc43bb183e4fb0238576536413c6c45,1166,2.5728987993138936,28.0,3,744,751,False,ok,False,False,
derived-resource-v2,interactive-discover-5,discover,5,2,4,3,3,2543010e761cb36b6f0c3e103e58af43,1123,2.671415850400712,28.0,3,684,686,False,ok,False,False,
derived-resource-v2,interactive-discover-5,discover,5,3,4,4,4,76fc6cfa5c07ff3011e9f2d7ac2ae7e0,1144,3.4965034965034967,30.0,4,692,715,False,ok,False,False,
derived-resource-v2,interactive-discover-5,discover,5,4,4,20,20,880a30fb8a9114b4807acb78d9e7d141,1509,13.253810470510272,80.0,20,716,784,False,ok,False,False,
derived-resource-v2,interactive-discover-5,discover,5,0,5,15,15,cab888487e7572de37a55f0e8c3ec060,1574,9.529860228716645,92.0,15,708,770,False,ok,False,False,
derived-resource-v2,interactive-discover-5,discover,5,1,5,3,3,7fc43bb183e4fb0238576536413c6c45,1130,2.6548672566371683,28.0,3,731,735,False,ok,False,False,
derived-resource-v2,interactive-discover-5,discover,5,2,5,3,3,2543010e761cb36b6f0c3e103e58af43,1205,2.4896265560165975,28.0,3,763,768,False,ok,False,False,
derived-resource-v2,interactive-discover-5,discover,5,3,5,4,4,76fc6cfa5c07ff3011e9f2d7ac2ae7e0,1198,3.33889816360601,30.0,4,781,785,False,ok,False,False,
derived-resource-v2,interactive-discover-5,discover,5,4,5,20,20,880a30fb8a9114b4807acb78d9e7d141,1475,13.559322033898304,80.0,20,733,779,False,ok,False,False,
derived-resource-v2,interactive-discover-6,discover,6,0,0,33,33,240c19f39eed1e3ac67718ff57b63a0d,131075,0.25176425710471106,11121.0,33,1265,1639,False,ok,False,False,
derived-resource-v2,interactive-discover-6,discover,6,1,0,1,1,cd3466cc43b32ce51d8f13d5516f2ef2,1276,0.7836990595611285,30.0,1,1172,1172,False,ok,False,False,
derived-resource-v2,interactive-discover-6,discover,6,2,0,1,1,29960679941029d6a70f26d6904d3728,1246,0.8025682182985554,30.0,1,1140,1140,False,ok,False,False,
derived-resource-v2,interactive-discover-6,discover,6,3,0,2,2,dda32920d34bcd8a1bf9ed13c89c4b4d,124791,0.016026796804256716,11119.0,2,1157,1180,False,ok,False,False,
derived-resource-v2,interactive-discover-6,discover,6,4,0,27,27,613936d3d666a311d54e99e3a8f9cdad,1724,15.661252900232018,82.0,27,1328,1484,False,ok,False,False,
derived-resource-v2,interactive-discover-6,discover,6,0,1,33,33,240c19f39eed1e3ac67718ff57b63a0d,126145,0.26160371001625116,11121.0,33,1376,1584,False,ok,False,False,
derived-resource-v2,interactive-discover-6,discover,6,1,1,1,1,cd3466cc43b32ce51d8f13d5516f2ef2,1255,0.7968127490039841,30.0,1,1159,1159,False,ok,False,False,
derived-resource-v2,interactive-discover-6,discover,6,2,1,1,1,29960679941029d6a70f26d6904d3728,1224,0.8169934640522876,30.0,1,1118,1118,False,ok,False,False,
derived-resource-v2,interactive-discover-6,discover,6,3,1,2,2,dda32920d34bcd8a1bf9ed13c89c4b4d,127980,0.01562744178777934,11119.0,2,1142,1144,False,ok,False,False,
derived-resource-v2,interactive-discover-6,discover,6,4,1,27,27,613936d3d666a311d54e99e3a8f9cdad,1667,16.196760647870427,82.0,27,1240,1445,False,ok,False,False,
derived-resource-v2,interactive-discover-6,discover,6,0,2,33,33,240c19f39eed1e3ac67718ff57b63a0d,122755,0.26882815363936297,11121.0,33,1159,1614,False,ok,False,False,
derived-resource-v2,interactive-discover-6,discover,6,1,2,1,1,cd3466cc43b32ce51d8f13d5516f2ef2,1225,0.8163265306122448,30.0,1,1123,1123,False,ok,False,False,
derived-resource-v2,interactive-discover-6,discover,6,2,2,1,1,29960679941029d6a70f26d6904d3728,1228,0.8143322475570033,30.0,1,1114,1114,False,ok,False,False,
derived-resource-v2,interactive-discover-6,discover,6,3,2,2,2,dda32920d34bcd8a1bf9ed13c89c4b4d,120553,0.016590213433095816,11119.0,2,1176,1178,False,ok,False,False,
derived-resource-v2,interactive-discover-6,discover,6,4,2,27,27,613936d3d666a311d54e99e3a8f9cdad,1749,15.43739279588336,82.0,27,1351,1503,False,ok,False,False,
derived-resource-v2,interactive-discover-6,discover,6,0,3,33,33,240c19f39eed1e3ac67718ff57b63a0d,126541,0.26078504200219693,11121.0,33,1357,1537,False,ok,False,False,
derived-resource-v2,interactive-discover-6,discover,6,1,3,1,1,cd3466cc43b32ce51d8f13d5516f2ef2,1263,0.7917656373713381,30.0,1,1165,1165,False,ok,False,False,
derived-resource-v2,interactive-discover-6,discover,6,2,3,1,1,29960679941029d6a70f26d6904d3728,1258,0.794912559618442,30.0,1,1156,1156,False,ok,False,False,
derived-resource-v2,interactive-discover-6,discover,6,3,3,2,2,dda32920d34bcd8a1bf9ed13c89c4b4d,123514,0.01619249639716955,11119.0,2,1176,1200,False,ok,False,False,
derived-resource-v2,interactive-discover-6,discover,6,4,3,27,27,613936d3d666a311d54e99e3a8f9cdad,1789,15.092230296254892,82.0,27,1380,1540,False,ok,False,False,
derived-resource-v2,interactive-discover-6,discover,6,0,4,33,33,240c19f39eed1e3ac67718ff57b63a0d,122664,0.2690275875562512,11121.0,33,1197,1671,False,ok,False,False,
derived-resource-v2,interactive-discover-6,discover,6,1,4,1,1,cd3466cc43b32ce51d8f13d5516f2ef2,1278,0.7824726134585289,30.0,1,1163,1163,False,ok,False,False,
derived-resource-v2,interactive-discover-6,discover,6,2,4,1,1,29960679941029d6a70f26d6904d3728,1241,0.8058017727639,30.0,1,1123,1123,False,ok,False,False,
derived-resource-v2,interactive-discover-6,discover,6,3,4,2,2,dda32920d34bcd8a1bf9ed13c89c4b4d,121549,0.016454269471571133,11119.0,2,1165,1188,False,ok,False,False,
derived-resource-v2,interactive-discover-6,discover,6,4,4,27,27,613936d3d666a311d54e99e3a8f9cdad,2242,12.042818911685995,82.0,27,1244,1463,False,ok,False,False,
derived-resource-v2,interactive-discover-6,discover,6,0,5,33,33,240c19f39eed1e3ac67718ff57b63a0d,123846,0.26645995833535197,11121.0,33,1344,1533,False,ok,False,False,
derived-resource-v2,interactive-discover-6,discover,6,1,5,1,1,cd3466cc43b32ce51d8f13d5516f2ef2,1272,0.7861635220125786,30.0,1,1161,1161,False,ok,False,False,
derived-resource-v2,interactive-discover-6,discover,6,2,5,1,1,29960679941029d6a70f26d6904d3728,1241,0.8058017727639,30.0,1,1128,1128,False,ok,False,False,
derived-resource-v2,interactive-discover-6,discover,6,3,5,2,2,dda32920d34bcd8a1bf9ed13c89c4b4d,123232,0.016229550766034797,11119.0,2,1125,1128,False,ok,False,False,
derived-resource-v2,interactive-discover-6,discover,6,4,5,27,27,613936d3d666a311d54e99e3a8f9cdad,1714,15.752625437572929,82.0,27,1325,1465,False,ok,False,False,
derived-resource-v2,interactive-discover-7,discover,7,0,0,2,2,d8614c4f7b4fe0cc2f1623d07244cf20,300098,0.0066644896000639785,,2,1425,30036,True,timeout,True,False,"Unexpected ""!"" at position 0 in state STOP"
derived-resource-v2,interactive-discover-7,discover,7,1,0,1,1,75ab2bd12ac1e16dcc02f8c9e8d97308,2134,0.46860356138706655,32.0,1,2026,2026,False,ok,False,False,
derived-resource-v2,interactive-discover-7,discover,7,2,0,1,1,faf54113a5297c559416a2dd78b9cc86,1777,0.5627462014631401,32.0,1,1672,1672,False,ok,False,False,
derived-resource-v2,interactive-discover-7,discover,7,3,0,2,2,d2faccc09255b3a49e90b46ed45ffe1d,300009,0.006666466672666486,,2,1680,33239,True,timeout,True,False,"Unexpected ""!"" at position 0 in state STOP"
derived-resource-v2,interactive-discover-7,discover,7,4,0,1,1,3ee14484ce425fdbae40700cdd59c0d2,2746,0.3641660597232338,84.0,1,2106,2106,False,ok,False,False,
derived-resource-v2,interactive-discover-7,discover,7,0,1,2,2,d8614c4f7b4fe0cc2f1623d07244cf20,300007,0.006666511114740656,,2,1903,15676,True,timeout,True,False,"Unexpected ""!"" at position 0 in state STOP"
derived-resource-v2,interactive-discover-7,discover,7,1,1,1,1,75ab2bd12ac1e16dcc02f8c9e8d97308,6550,0.15267175572519084,32.0,1,6437,6437,False,ok,False,False,
derived-resource-v2,interactive-discover-7,discover,7,2,1,1,1,faf54113a5297c559416a2dd78b9cc86,1776,0.5630630630630631,32.0,1,1665,1665,False,ok,False,False,
derived-resource-v2,interactive-discover-7,discover,7,3,1,2,2,d2faccc09255b3a49e90b46ed45ffe1d,300013,0.006666377790295754,,2,1741,32234,True,timeout,True,False,"Unexpected ""!"" at position 0 in state STOP"
derived-resource-v2,interactive-discover-7,discover,7,4,1,1,1,3ee14484ce425fdbae40700cdd59c0d2,2784,0.3591954022988506,84.0,1,2067,2067,False,ok,False,False,
derived-resource-v2,interactive-discover-7,discover,7,0,2,2,2,d8614c4f7b4fe0cc2f1623d07244cf20,300007,0.006666511114740656,,2,1505,33515,True,timeout,True,False,"Unexpected ""!"" at position 0 in state STOP"
derived-resource-v2,interactive-discover-7,discover,7,1,2,1,1,75ab2bd12ac1e16dcc02f8c9e8d97308,2103,0.475511174512601,32.0,1,1975,1975,False,ok,False,False,
derived-resource-v2,interactive-discover-7,discover,7,2,2,1,1,faf54113a5297c559416a2dd78b9cc86,1742,0.574052812858783,32.0,1,1640,1640,False,ok,False,False,
derived-resource-v2,interactive-discover-7,discover,7,3,2,2,2,d2faccc09255b3a49e90b46ed45ffe1d,300009,0.006666466672666486,,2,1403,33120,True,timeout,True,False,"Unexpected ""!"" at position 0 in state STOP"
derived-resource-v2,interactive-discover-7,discover,7,4,2,1,1,3ee14484ce425fdbae40700cdd59c0d2,3022,0.3309066843150232,84.0,1,2349,2349,False,ok,False,False,
derived-resource-v2,interactive-discover-7,discover,7,0,3,2,2,d8614c4f7b4fe0cc2f1623d07244cf20,300018,0.006666266690665227,,2,1941,16621,True,timeout,True,False,"Unexpected ""!"" at position 0 in state STOP"
derived-resource-v2,interactive-discover-7,discover,7,1,3,1,1,75ab2bd12ac1e16dcc02f8c9e8d97308,2280,0.4385964912280702,32.0,1,2155,2155,False,ok,False,False,
derived-resource-v2,interactive-discover-7,discover,7,2,3,1,1,faf54113a5297c559416a2dd78b9cc86,1737,0.5757052389176741,32.0,1,1623,1623,False,ok,False,False,
derived-resource-v2,interactive-discover-7,discover,7,3,3,2,2,d2faccc09255b3a49e90b46ed45ffe1d,300008,0.006666488893629504,,2,1684,13033,True,timeout,True,False,"Unexpected ""!"" at position 0 in state STOP"
derived-resource-v2,interactive-discover-7,discover,7,4,3,1,1,3ee14484ce425fdbae40700cdd59c0d2,2892,0.3457814661134163,84.0,1,2237,2237,False,ok,False,False,
derived-resource-v2,interactive-discover-7,discover,7,0,4,2,2,d8614c4f7b4fe0cc2f1623d07244cf20,300008,0.006666488893629504,,2,1897,31623,True,timeout,True,False,"Unexpected ""!"" at position 0 in state STOP"
derived-resource-v2,interactive-discover-7,discover,7,1,4,1,1,75ab2bd12ac1e16dcc02f8c9e8d97308,2345,0.42643923240938164,32.0,1,2223,2223,False,ok,False,False,
derived-resource-v2,interactive-discover-7,discover,7,2,4,1,1,faf54113a5297c559416a2dd78b9cc86,1808,0.5530973451327433,32.0,1,1692,1692,False,ok,False,False,
derived-resource-v2,interactive-discover-7,discover,7,3,4,2,2,d2faccc09255b3a49e90b46ed45ffe1d,300007,0.006666511114740656,,2,1695,42115,True,timeout,True,False,"Unexpected ""!"" at position 0 in state STOP"
derived-resource-v2,interactive-discover-7,discover,7,4,4,1,1,3ee14484ce425fdbae40700cdd59c0d2,2856,0.350140056022409,84.0,1,2215,2215,False,ok,False,False,
derived-resource-v2,interactive-discover-7,discover,7,0,5,2,2,d8614c4f7b4fe0cc2f1623d07244cf20,300010,0.006666444451851605,,2,1920,15690,True,timeout,True,False,"Unexpected ""!"" at position 0 in state STOP"
derived-resource-v2,interactive-discover-7,discover,7,1,5,1,1,75ab2bd12ac1e16dcc02f8c9e8d97308,2072,0.4826254826254826,32.0,1,1965,1965,False,ok,False,False,
derived-resource-v2,interactive-discover-7,discover,7,2,5,1,1,faf54113a5297c559416a2dd78b9cc86,1714,0.5834305717619603,32.0,1,1596,1596,False,ok,False,False,
derived-resource-v2,interactive-discover-7,discover,7,3,5,2,2,d2faccc09255b3a49e90b46ed45ffe1d,300009,0.006666466672666486,,2,1695,11775,True,timeout,True,False,"Unexpected ""!"" at position 0 in state STOP"
derived-resource-v2,interactive-discover-7,discover,7,4,5,1,1,3ee14484ce425fdbae40700cdd59c0d2,2827,0.3537318712415989,84.0,1,2193,2193,False,ok,False,False,
derived-resource-v2,interactive-discover-8,discover,8,0,0,10,10,0e5c3b2c0f3d6cb19a1b6b22b81d8a5d,5583,1.7911517105498835,,10,5004,5583,True,crash,False,False,"Unexpected ""!"" at position 1137 in state STOP"
derived-resource-v2,interactive-discover-8,discover,8,1,0,10,10,af0ebbbe8500f4b123c96deae5cfc3a4,2085,4.796163069544365,,10,2077,2085,True,crash,False,False,"Unexpected ""!"" at position 320 in state STOP"
derived-resource-v2,interactive-discover-8,discover,8,2,0,10,10,14c42de585383255e7cf3757fed29e2e,2004,4.990019960079841,,10,2000,2000,True,crash,False,False,"Unexpected ""!"" at position 0 in state STOP"
derived-resource-v2,interactive-discover-8,discover,8,3,0,10,10,e38f22d76aa8e2ac7b423164567a0f71,4324,2.3126734505087883,,10,3215,4324,True,crash,False,False,"Unexpected ""!"" at position 1523 in state STOP"
derived-resource-v2,interactive-discover-8,discover,8,4,0,10,10,edfc2d7365686735b39f10138c4e8049,2029,4.928536224741252,,10,2015,2016,True,crash,False,False,"Unexpected ""!"" at position 0 in state STOP"
derived-resource-v2,interactive-discover-8,discover,8,0,1,10,10,e57dbe8986a5e3245c930c72a94f6a80,6729,1.486104919007282,,10,5388,6728,True,crash,False,False,"Unexpected ""!"" at position 570 in state STOP"
derived-resource-v2,interactive-discover-8,discover,8,1,1,10,10,af0ebbbe8500f4b123c96deae5cfc3a4,1544,6.476683937823834,,10,1536,1544,True,crash,False,False,"Unexpected ""!"" at position 320 in state STOP"
derived-resource-v2,interactive-discover-8,discover,8,2,1,10,10,14c42de585383255e7cf3757fed29e2e,1526,6.553079947575361,,10,1519,1526,True,crash,False,False,"Unexpected ""!"" at position 404 in state STOP"
derived-resource-v2,interactive-discover-8,discover,8,3,1,10,10,3a18f9bfc79b393d22deeeddfaec8c2e,7029,1.4226774790155072,,10,5777,7029,True,crash,False,False,"Unexpected ""!"" at position 559 in state STOP"
derived-resource-v2,interactive-discover-8,discover,8,4,1,10,10,edfc2d7365686735b39f10138c4e8049,1690,5.9171597633136095,,10,1679,1680,True,crash,False,False,"Unexpected ""!"" at position 0 in state STOP"
derived-resource-v2,interactive-discover-8,discover,8,0,2,10,10,7d9e64e9d465a7e119b78dfdee294ef4,6499,1.5386982612709648,,10,5370,6499,True,crash,False,False,"Unexpected ""!"" at position 390 in state STOP"
derived-resource-v2,interactive-discover-8,discover,8,1,2,10,10,af0ebbbe8500f4b123c96deae5cfc3a4,1552,6.443298969072165,,10,1547,1548,True,crash,False,False,"Unexpected ""!"" at position 0 in state STOP"
derived-resource-v2,interactive-discover-8,discover,8,2,2,10,10,14c42de585383255e7cf3757fed29e2e,1621,6.169031462060457,,10,1614,1615,True,crash,False,False,"Unexpected ""!"" at position 0 in state STOP"
derived-resource-v2,interactive-discover-8,discover,8,3,2,10,10,3a18f9bfc79b393d22deeeddfaec8c2e,3523,2.838489923360772,,10,2141,3523,True,crash,False,False,"Unexpected ""!"" at position 559 in state STOP"
derived-resource-v2,interactive-discover-8,discover,8,4,2,10,10,edfc2d7365686735b39f10138c4e8049,1903,5.254860746190226,,10,1890,1903,True,crash,False,False,"Unexpected ""!"" at position 478 in state STOP"
derived-resource-v2,interactive-discover-8,discover,8,0,3,10,10,7d9e64e9d465a7e119b78dfdee294ef4,6585,1.5186028853454823,,10,5360,6585,True,crash,False,False,"Unexpected ""!"" at position 390 in state STOP"
derived-resource-v2,interactive-discover-8,discover,8,1,3,10,10,af0ebbbe8500f4b123c96deae5cfc3a4,1596,6.265664160401002,,10,1588,1595,True,crash,False,False,"Unexpected ""!"" at position 320 in state STOP"
derived-resource-v2,interactive-discover-8,discover,8,2,3,10,10,14c42de585383255e7cf3757fed29e2e,1522,6.570302233902759,,10,1515,1522,True,crash,False,False,"Unexpected ""!"" at position 404 in state STOP"
derived-resource-v2,interactive-discover-8,discover,8,3,3,10,10,3a18f9bfc79b393d22deeeddfaec8c2e,3362,2.97441998810232,,10,2094,3362,True,crash,False,False,"Unexpected ""!"" at position 559 in state STOP"
derived-resource-v2,interactive-discover-8,discover,8,4,3,10,10,edfc2d7365686735b39f10138c4e8049,1845,5.420054200542006,,10,1827,1827,True,crash,False,False,"Unexpected ""!"" at position 0 in state STOP"
derived-resource-v2,interactive-discover-8,discover,8,0,4,10,10,7d9e64e9d465a7e119b78dfdee294ef4,6531,1.531159087429184,,10,5386,6531,True,crash,False,False,"Unexpected ""!"" at position 390 in state STOP"
derived-resource-v2,interactive-discover-8,discover,8,1,4,10,10,af0ebbbe8500f4b123c96deae5cfc3a4,1459,6.854009595613434,,10,1451,1459,True,crash,False,False,"Unexpected ""!"" at position 320 in state STOP"
derived-resource-v2,interactive-discover-8,discover,8,2,4,10,10,14c42de585383255e7cf3757fed29e2e,1451,6.891798759476223,,10,1447,1447,True,crash,False,False,"Unexpected ""!"" at position 0 in state STOP"
derived-resource-v2,interactive-discover-8,discover,8,3,4,10,10,3a18f9bfc79b393d22deeeddfaec8c2e,3583,2.790957298353335,,10,2209,3582,True,crash,False,False,"Unexpected ""!"" at position 559 in state STOP"
derived-resource-v2,interactive-discover-8,discover,8,4,4,10,10,edfc2d7365686735b39f10138c4e8049,1926,5.192107995846314,,10,1913,1913,True,crash,False,False,"Unexpected ""!"" at position 0 in state STOP"
derived-resource-v2,interactive-discover-8,discover,8,0,5,10,10,7d9e64e9d465a7e119b78dfdee294ef4,6612,1.5124016938898972,,10,5474,6612,True,crash,False,False,"Unexpected ""!"" at position 390 in state STOP"
derived-resource-v2,interactive-discover-8,discover,8,1,5,10,10,af0ebbbe8500f4b123c96deae5cfc3a4,1630,6.134969325153374,,10,1623,1630,True,crash,False,False,"Unexpected ""!"" at position 320 in state STOP"
derived-resource-v2,interactive-discover-8,discover,8,2,5,10,10,14c42de585383255e7cf3757fed29e2e,1554,6.435006435006435,,10,1547,1553,True,crash,False,False,"Unexpected ""!"" at position 404 in state STOP"
derived-resource-v2,interactive-discover-8,discover,8,3,5,10,10,3a18f9bfc79b393d22deeeddfaec8c2e,3382,2.956830277942046,,10,2117,3382,True,crash,False,False,"Unexpected ""!"" at position 559 in state STOP"
derived-resource-v2,interactive-discover-8,discover,8,4,5,10,10,edfc2d7365686735b39f10138c4e8049,1854,5.393743257820928,,10,1838,1839,True,crash,False,False,"Unexpected ""!"" at position 0 in state STOP"
derived-resource-v2,interactive-short-1,short,1,0,0,1,1,6b641713c69378408c911f18ba9ba38b,3181,0.31436655139893116,,1,3056,3056,True,crash,False,False,"Unexpected ""!"" at position 0 in state STOP"
derived-resource-v2,interactive-short-1,short,1,1,0,1,1,f02ab3570928d3fc74a51ceb7a4a39ac,2336,0.42808219178082196,,1,2204,2204,True,crash,False,False,"Unexpected ""!"" at position 0 in state STOP"
derived-resource-v2,interactive-short-1,short,1,2,0,1,1,ff4ea17b4281fdba2a7a842efe3a722a,2276,0.4393673110720563,,1,2140,2140,True,crash,False,False,"Unexpected ""!"" at position 0 in state STOP"
derived-resource-v2,interactive-short-1,short,1,3,0,1,1,64191c6d5f502dc3f35888f44214ade1,2409,0.41511000415110005,,1,2286,2286,True,crash,False,False,"Unexpected ""!"" at position 0 in state STOP"
derived-resource-v2,interactive-short-1,short,1,4,0,1,1,d8972c3dd7a9ab1cc6d9b0773f1037c3,3077,0.32499187520311995,,1,2963,2963,True,crash,False,False,"Unexpected ""!"" at position 0 in state STOP"
derived-resource-v2,interactive-short-1,short,1,0,1,1,1,6b641713c69378408c911f18ba9ba38b,2990,0.33444816053511706,,1,2533,2533,True,crash,False,False,"Unexpected ""!"" at position 0 in state STOP"
derived-resource-v2,interactive-short-1,short,1,1,1,1,1,f02ab3570928d3fc74a51ceb7a4a39ac,2340,0.4273504273504274,,1,2228,2228,True,crash,False,False,"Unexpected ""!"" at position 0 in state STOP"
derived-resource-v2,interactive-short-1,short,1,2,1,1,1,ff4ea17b4281fdba2a7a842efe3a722a,2147,0.4657661853749418,,1,2024,2024,True,crash,False,False,"Unexpected ""!"" at position 0 in state STOP"
derived-resource-v2,interactive-short-1,short,1,3,1,1,1,64191c6d5f502dc3f35888f44214ade1,2429,0.4116920543433512,,1,2285,2285,True,crash,False,False,"Unexpected ""!"" at position 0 in state STOP"
derived-resource-v2,interactive-short-1,short,1,4,1,1,1,d8972c3dd7a9ab1cc6d9b0773f1037c3,2810,0.35587188612099646,,1,2326,2326,True,crash,False,False,"Unexpected ""!"" at position 0 in state STOP"
derived-resource-v2,interactive-short-1,short,1,0,2,1,1,6b641713c69378408c911f18ba9ba38b,3070,0.32573289902280134,,1,2656,2656,True,crash,False,False,"Unexpected ""!"" at position 0 in state STOP"
derived-resource-v2,interactive-short-1,short,1,1,2,1,1,f02ab3570928d3fc74a51ceb7a4a39ac,2304,0.4340277777777778,,1,2171,2171,True,crash,False,False,"Unexpected ""!"" at position 0 in state STOP"
derived-resource-v2,interactive-short-1,short,1,2,2,1,1,ff4ea17b4281fdba2a7a842efe3a722a,2215,0.4514672686230249,,1,2091,2091,True,crash,False,False,"Unexpected ""!"" at position 0 in state STOP"
derived-resource-v2,interactive-short-1,short,1,3,2,1,1,64191c6d5f502dc3f35888f44214ade1,2438,0.4101722723543888,,1,2300,2300,True,crash,False,False,"Unexpected ""!"" at position 0 in state STOP"
derived-resource-v2,interactive-short-1,short,1,4,2,1,1,d8972c3dd7a9ab1cc6d9b0773f1037c3,2835,0.3527336860670194,,1,2569,2569,True,crash,False,False,"Unexpected ""!"" at position 0 in state STOP"
derived-resource-v2,interactive-short-1,short,1,0,3,1,1,6b641713c69378408c911f18ba9ba38b,3034,0.32959789057350036,,1,2648,2648,True,crash,False,False,"Unexpected ""!"" at position 0 in state STOP"
derived-resource-v2,interactive-short-1,short,1,1,3,1,1,f02ab3570928d3fc74a51ceb7a4a39ac,2324,0.43029259896729777,,1,2205,2205,True,crash,False,False,"Unexpected ""!"" at position 0 in state STOP"
derived-resource-v2,interactive-short-1,short,1,2,3,1,1,ff4ea17b4281fdba2a7a842efe3a722a,2254,0.44365572315882873,,1,2131,2131,True,crash,False,False,"Unexpected ""!"" at position 0 in state STOP"
derived-resource-v2,interactive-short-1,short,1,3,3,1,1,64191c6d5f502dc3f35888f44214ade1,2346,0.42625745950554134,,1,2223,2223,True,crash,False,False,"Unexpected ""!"" at position 0 in state STOP"
derived-resource-v2,interactive-short-1,short,1,4,3,1,1,d8972c3dd7a9ab1cc6d9b0773f1037c3,2821,0.35448422545196734,,1,2539,2539,True,crash,False,False,"Unexpected ""!"" at position 0 in state STOP"
derived-resource-v2,interactive-short-1,short,1,0,4,1,1,6b641713c69378408c911f18ba9ba38b,2919,0.34258307639602603,,1,2409,2409,True,crash,False,False,"Unexpected ""!"" at position 0 in state STOP"
derived-resource-v2,interactive-short-1,short,1,1,4,1,1,f02ab3570928d3fc74a51ceb7a4a39ac,2341,0.4271678769756514,,1,2210,2210,True,crash,False,False,"Unexpected ""!"" at position 0 in state STOP"
derived-resource-v2,interactive-short-1,short,1,2,4,1,1,ff4ea17b4281fdba2a7a842efe3a722a,2215,0.4514672686230249,,1,2088,2088,True,crash,False,False,"Unexpected ""!"" at position 0 in state STOP"
derived-resource-v2,interactive-short-1,short,1,3,4,1,1,64191c6d5f502dc3f35888f44214ade1,2437,0.41034058268362744,,1,2292,2292,True,crash,False,False,"Unexpected ""!"" at position 0 in state STOP"
derived-resource-v2,interactive-short-1,short,1,4,4,1,1,d8972c3dd7a9ab1cc6d9b0773f1037c3,2864,0.34916201117318435,,1,2571,2571,True,crash,False,False,"Unexpected ""!"" at position 0 in state STOP"
derived-resource-v2,interactive-short-1,short,1,0,5,1,1,6b641713c69378408c911f18ba9ba38b,3053,0.32754667540124466,,1,2508,2508,True,crash,False,False,"Unexpected ""!"" at position 0 in state STOP"
derived-resource-v2,interactive-short-1,short,1,1,5,1,1,f02ab3570928d3fc74a51ceb7a4a39ac,2325,0.4301075268817204,,1,2193,2193,True,crash,False,False,"Unexpected ""!"" at position 0 in state STOP"
derived-resource-v2,interactive-short-1,short,1,2,5,1,1,ff4ea17b4281fdba2a7a842efe3a722a,2269,0.4407227853680035,,1,2152,2152,True,crash,False,False,"Unexpected ""!"" at position 0 in state STOP"
derived-resource-v2,interactive-short-1,short,1,3,5,1,1,64191c6d5f502dc3f35888f44214ade1,2425,0.4123711340206186,,1,2304,2304,True,crash,False,False,"Unexpected ""!"" at position 0 in state STOP"
derived-resource-v2,interactive-short-1,short,1,4,5,1,1,d8972c3dd7a9ab1cc6d9b0773f1037c3,2837,0.35248501938667604,,1,2372,2372,True,crash,False,False,"Unexpected ""!"" at position 0 in state STOP"
derived-resource-v2,interactive-short-2,short,2,0,0,0,0,d41d8cd98f00b204e9800998ecf8427e,98,0.0,,0,,,True,unsupported,False,True,"Invalid SPARQL endpoint response from http://localhost:3001/sparql (HTTP status 400):
Query operation processing failed: none of the configured actors were able to handle the operation type nodes
    Error messages of failing actors:
        Actor urn:comunica:default:query-operation/actors#source does not accept the operation nodes.
"
derived-resource-v2,interactive-short-2,short,2,1,0,0,0,d41d8cd98f00b204e9800998ecf8427e,23,0.0,,0,,,True,unsupported,False,True,"Invalid SPARQL endpoint response from http://localhost:3001/sparql (HTTP status 400):
Query operation processing failed: none of the configured actors were able to handle the operation type nodes
    Error messages of failing actors:
        Actor urn:comunica:default:query-operation/actors#source does not accept the operation nodes.
"
derived-resource-v2,interactive-short-2,short,2,2,0,0,0,d41d8cd98f00b204e9800998ecf8427e,22,0.0,,0,,,True,unsupported,False,True,"Invalid SPARQL endpoint response from http://localhost:3001/sparql (HTTP status 400):
Query operation processing failed: none of the configured actors were able to handle the operation type nodes
    Error messages of failing actors:
        Actor urn:comunica:default:query-operation/actors#source does not accept the operation nodes.
"
derived-resource-v2,interactive-short-2,short,2,3,0,0,0,d41d8cd98f00b204e9800998ecf8427e,22,0.0,,0,,,True,unsupported,False,True,"Invalid SPARQL endpoint response from http://localhost:3001/sparql (HTTP status 400):
Query operation processing failed: none of the configured actors were able to handle the operation type nodes
    Error messages of failing actors:
        Actor urn:comunica:default:query-operation/actors#source does not accept the operation nodes.
"
derived-resource-v2,interactive-short-2,short,2,4,0,0,0,d41d8cd98f00b204e9800998ecf8427e,20,0.0,,0,,,True,unsupported,False,True,"Invalid SPARQL endpoint response from http://localhost:3001/sparql (HTTP status 400):
Query operation processing failed: none of the configured actors were able to handle the operation type nodes
    Error messages of failing actors:
        Actor urn:comunica:default:query-operation/actors#source does not accept the operation nodes.
"
derived-resource-v2,interactive-short-2,short,2,0,1,0,0,d41d8cd98f00b204e9800998ecf8427e,108,0.0,,0,,,True,unsupported,False,True,"Invalid SPARQL endpoint response from http://localhost:3001/sparql (HTTP status 400):
Query operation processing failed: none of the configured actors were able to handle the operation type nodes
    Error messages of failing actors:
        Actor urn:comunica:default:query-operation/actors#source does not accept the operation nodes.
"
derived-resource-v2,interactive-short-2,short,2,1,1,0,0,d41d8cd98f00b204e9800998ecf8427e,19,0.0,,0,,,True,unsupported,False,True,"Invalid SPARQL endpoint response from http://localhost:3001/sparql (HTTP status 400):
Query operation processing failed: none of the configured actors were able to handle the operation type nodes
    Error messages of failing actors:
        Actor urn:comunica:default:query-operation/actors#source does not accept the operation nodes.
"
derived-resource-v2,interactive-short-2,short,2,2,1,0,0,d41d8cd98f00b204e9800998ecf8427e,169,0.0,,0,,,True,unsupported,False,True,"Invalid SPARQL endpoint response from http://localhost:3001/sparql (HTTP status 400):
Query operation processing failed: none of the configured actors were able to handle the operation type nodes
    Error messages of failing actors:
        Actor urn:comunica:default:query-operation/actors#source does not accept the operation nodes.
"
derived-resource-v2,interactive-short-2,short,2,3,1,0,0,d41d8cd98f00b204e9800998ecf8427e,184,0.0,,0,,,True,unsupported,False,True,"Invalid SPARQL endpoint response from http://localhost:3001/sparql (HTTP status 400):
Query operation processing failed: none of the configured actors were able to handle the operation type nodes
    Error messages of failing actors:
        Actor urn:comunica:default:query-operation/actors#source does not accept the operation nodes.
"
derived-resource-v2,interactive-short-2,short,2,4,1,0,0,d41d8cd98f00b204e9800998ecf8427e,21,0.0,,0,,,True,unsupported,False,True,"Invalid SPARQL endpoint response from http://localhost:3001/sparql (HTTP status 400):
Query operation processing failed: none of the configured actors were able to handle the operation type nodes
    Error messages of failing actors:
        Actor urn:comunica:default:query-operation/actors#source does not accept the operation nodes.
"
derived-resource-v2,interactive-short-2,short,2,0,2,0,0,d41d8cd98f00b204e9800998ecf8427e,43,0.0,,0,,,True,unsupported,False,True,"Invalid SPARQL endpoint response from http://localhost:3001/sparql (HTTP status 400):
Query operation processing failed: none of the configured actors were able to handle the operation type nodes
    Error messages of failing actors:
        Actor urn:comunica:default:query-operation/actors#source does not accept the operation nodes.
"
derived-resource-v2,interactive-short-2,short,2,1,2,0,0,d41d8cd98f00b204e9800998ecf8427e,21,0.0,,0,,,True,unsupported,False,True,"Invalid SPARQL endpoint response from http://localhost:3001/sparql (HTTP status 400):
Query operation processing failed: none of the configured actors were able to handle the operation type nodes
    Error messages of failing actors:
        Actor urn:comunica:default:query-operation/actors#source does not accept the operation nodes.
"
derived-resource-v2,interactive-short-2,short,2,2,2,0,0,d41d8cd98f00b204e9800998ecf8427e,14,0.0,,0,,,True,unsupported,False,True,"Invalid SPARQL endpoint response from http://localhost:3001/sparql (HTTP status 400):
Query operation processing failed: none of the configured actors were able to handle the operation type nodes
    Error messages of failing actors:
        Actor urn:comunica:default:query-operation/actors#source does not accept the operation nodes.
"
derived-resource-v2,interactive-short-2,short,2,3,2,0,0,d41d8cd98f00b204e9800998ecf8427e,54,0.0,,0,,,True,unsupported,False,True,"Invalid SPARQL endpoint response from http://localhost:3001/sparql (HTTP status 400):
Query operation processing failed: none of the configured actors were able to handle the operation type nodes
    Error messages of failing actors:
        Actor urn:comunica:default:query-operation/actors#source does not accept the operation nodes.
"
derived-resource-v2,interactive-short-2,short,2,4,2,0,0,d41d8cd98f00b204e9800998ecf8427e,15,0.0,,0,,,True,unsupported,False,True,"Invalid SPARQL endpoint response from http://localhost:3001/sparql (HTTP status 400):
Query operation processing failed: none of the configured actors were able to handle the operation type nodes
    Error messages of failing actors:
        Actor urn:comunica:default:query-operation/actors#source does not accept the operation nodes.
"
derived-resource-v2,interactive-short-2,short,2,0,3,0,0,d41d8cd98f00b204e9800998ecf8427e,13,0.0,,0,,,True,unsupported,False,True,"Invalid SPARQL endpoint response from http://localhost:3001/sparql (HTTP status 400):
Query operation processing failed: none of the configured actors were able to handle the operation type nodes
    Error messages of failing actors:
        Actor urn:comunica:default:query-operation/actors#source does not accept the operation nodes.
"
derived-resource-v2,interactive-short-2,short,2,1,3,0,0,d41d8cd98f00b204e9800998ecf8427e,111,0.0,,0,,,True,unsupported,False,True,"Invalid SPARQL endpoint response from http://localhost:3001/sparql (HTTP status 400):
Query operation processing failed: none of the configured actors were able to handle the operation type nodes
    Error messages of failing actors:
        Actor urn:comunica:default:query-operation/actors#source does not accept the operation nodes.
"
derived-resource-v2,interactive-short-2,short,2,2,3,0,0,d41d8cd98f00b204e9800998ecf8427e,105,0.0,,0,,,True,unsupported,False,True,"Invalid SPARQL endpoint response from http://localhost:3001/sparql (HTTP status 400):
Query operation processing failed: none of the configured actors were able to handle the operation type nodes
    Error messages of failing actors:
        Actor urn:comunica:default:query-operation/actors#source does not accept the operation nodes.
"
derived-resource-v2,interactive-short-2,short,2,3,3,0,0,d41d8cd98f00b204e9800998ecf8427e,18,0.0,,0,,,True,unsupported,False,True,"Invalid SPARQL endpoint response from http://localhost:3001/sparql (HTTP status 400):
Query operation processing failed: none of the configured actors were able to handle the operation type nodes
    Error messages of failing actors:
        Actor urn:comunica:default:query-operation/actors#source does not accept the operation nodes.
"
derived-resource-v2,interactive-short-2,short,2,4,3,0,0,d41d8cd98f00b204e9800998ecf8427e,12,0.0,,0,,,True,unsupported,False,True,"Invalid SPARQL endpoint response from http://localhost:3001/sparql (HTTP status 400):
Query operation processing failed: none of the configured actors were able to handle the operation type nodes
    Error messages of failing actors:
        Actor urn:comunica:default:query-operation/actors#source does not accept the operation nodes.
"
derived-resource-v2,interactive-short-2,short,2,0,4,0,0,d41d8cd98f00b204e9800998ecf8427e,29,0.0,,0,,,True,unsupported,False,True,"Invalid SPARQL endpoint response from http://localhost:3001/sparql (HTTP status 400):
Query operation processing failed: none of the configured actors were able to handle the operation type nodes
    Error messages of failing actors:
        Actor urn:comunica:default:query-operation/actors#source does not accept the operation nodes.
"
derived-resource-v2,interactive-short-2,short,2,1,4,0,0,d41d8cd98f00b204e9800998ecf8427e,89,0.0,,0,,,True,unsupported,False,True,"Invalid SPARQL endpoint response from http://localhost:3001/sparql (HTTP status 400):
Query operation processing failed: none of the configured actors were able to handle the operation type nodes
    Error messages of failing actors:
        Actor urn:comunica:default:query-operation/actors#source does not accept the operation nodes.
"
derived-resource-v2,interactive-short-2,short,2,2,4,0,0,d41d8cd98f00b204e9800998ecf8427e,88,0.0,,0,,,True,unsupported,False,True,"Invalid SPARQL endpoint response from http://localhost:3001/sparql (HTTP status 400):
Query operation processing failed: none of the configured actors were able to handle the operation type nodes
    Error messages of failing actors:
        Actor urn:comunica:default:query-operation/actors#source does not accept the operation nodes.
"
derived-resource-v2,interactive-short-2,short,2,3,4,0,0,d41d8cd98f00b204e9800998ecf8427e,81,0.0,,0,,,True,unsupported,False,True,"Invalid SPARQL endpoint response from http://localhost:3001/sparql (HTTP status 400):
Query operation processing failed: none of the configured actors were able to handle the operation type nodes
    Error messages of failing actors:
        Actor urn:comunica:default:query-operation/actors#source does not accept the operation nodes.
"
derived-resource-v2,interactive-short-2,short,2,4,4,0,0,d41d8cd98f00b204e9800998ecf8427e,14,0.0,,0,,,True,unsupported,False,True,"Invalid SPARQL endpoint response from http://localhost:3001/sparql (HTTP status 400):
Query operation processing failed: none of the configured actors were able to handle the operation type nodes
    Error messages of failing actors:
        Actor urn:comunica:default:query-operation/actors#source does not accept the operation nodes.
"
derived-resource-v2,interactive-short-2,short,2,0,5,0,0,d41d8cd98f00b204e9800998ecf8427e,85,0.0,,0,,,True,unsupported,False,True,"Invalid SPARQL endpoint response from http://localhost:3001/sparql (HTTP status 400):
Query operation processing failed: none of the configured actors were able to handle the operation type nodes
    Error messages of failing actors:
        Actor urn:comunica:default:query-operation/actors#source does not accept the operation nodes.
"
derived-resource-v2,interactive-short-2,short,2,1,5,0,0,d41d8cd98f00b204e9800998ecf8427e,13,0.0,,0,,,True,unsupported,False,True,"Invalid SPARQL endpoint response from http://localhost:3001/sparql (HTTP status 400):
Query operation processing failed: none of the configured actors were able to handle the operation type nodes
    Error messages of failing actors:
        Actor urn:comunica:default:query-operation/actors#source does not accept the operation nodes.
"
derived-resource-v2,interactive-short-2,short,2,2,5,0,0,d41d8cd98f00b204e9800998ecf8427e,13,0.0,,0,,,True,unsupported,False,True,"Invalid SPARQL endpoint response from http://localhost:3001/sparql (HTTP status 400):
Query operation processing failed: none of the configured actors were able to handle the operation type nodes
    Error messages of failing actors:
        Actor urn:comunica:default:query-operation/actors#source does not accept the operation nodes.
"
derived-resource-v2,interactive-short-2,short,2,3,5,0,0,d41d8cd98f00b204e9800998ecf8427e,14,0.0,,0,,,True,unsupported,False,True,"Invalid SPARQL endpoint response from http://localhost:3001/sparql (HTTP status 400):
Query operation processing failed: none of the configured actors were able to handle the operation type nodes
    Error messages of failing actors:
        Actor urn:comunica:default:query-operation/actors#source does not accept the operation nodes.
"
derived-resource-v2,interactive-short-2,short,2,4,5,0,0,d41d8cd98f00b204e9800998ecf8427e,34,0.0,,0,,,True,unsupported,False,True,"Invalid SPARQL endpoint response from http://localhost:3001/sparql (HTTP status 400):
Query operation processing failed: none of the configured actors were able to handle the operation type nodes
    Error messages of failing actors:
        Actor urn:comunica:default:query-operation/actors#source does not accept the operation nodes.
"
derived-resource-v2,interactive-short-3,short,3,0,0,5,5,b147a5e205e25b4d89119b0ec2c9ea9b,300105,0.016660835374285667,,5,40983,298185,True,timeout,True,False,"Unexpected ""!"" at position 0 in state STOP"
derived-resource-v2,interactive-short-3,short,3,1,0,14,14,7c3b87cdebbe1f728ae9572c33af5445,300108,0.04664987271249017,,14,5755,145043,True,timeout,True,False,"Unexpected ""!"" at position 0 in state STOP"
derived-resource-v2,interactive-short-3,short,3,2,0,4,4,0db89652e8b79b87e98cc7bf5022ef43,300091,0.013329290115331682,,4,7756,15462,True,timeout,True,False,"Unexpected ""!"" at position 0 in state STOP"
derived-resource-v2,interactive-short-3,short,3,3,0,24,24,9442cfc3577bb09a2af0706926b573ba,300109,0.0799709438903865,,24,41148,208980,True,timeout,True,False,"Unexpected ""!"" at position 0 in state STOP"
derived-resource-v2,interactive-short-3,short,3,4,0,18,18,5fa61054ce7b012b2018d5a52416e67b,300111,0.05997780821096194,,18,11886,285388,True,timeout,True,False,"Unexpected ""!"" at position 0 in state STOP"
derived-resource-v2,interactive-short-3,short,3,0,1,6,6,94a7afc7ea99f34470fdee44220596fb,300122,0.019991869972877694,,6,81363,172051,True,timeout,True,False,"Unexpected ""!"" at position 0 in state STOP"
derived-resource-v2,interactive-short-3,short,3,1,1,14,14,7c3b87cdebbe1f728ae9572c33af5445,300112,0.04664925094631337,,14,11843,186442,True,timeout,True,False,"Unexpected ""!"" at position 0 in state STOP"
derived-resource-v2,interactive-short-3,short,3,2,1,2,2,d5e4edb4080a549c03febc351ca3719b,300110,0.006664223118189996,,2,3987,4574,True,timeout,True,False,"Unexpected ""!"" at position 0 in state STOP"
derived-resource-v2,interactive-short-3,short,3,3,1,24,24,9442cfc3577bb09a2af0706926b573ba,300074,0.07998027153302185,,24,33857,244524,True,timeout,True,False,"Unexpected ""!"" at position 0 in state STOP"
derived-resource-v2,interactive-short-3,short,3,4,1,18,18,5fa61054ce7b012b2018d5a52416e67b,300109,0.05997820791778987,,18,6106,275428,True,timeout,True,False,"Unexpected ""!"" at position 0 in state STOP"
derived-resource-v2,interactive-short-3,short,3,0,2,6,6,94a7afc7ea99f34470fdee44220596fb,300110,0.01999266935456999,,6,93501,217088,True,timeout,True,False,"Unexpected ""!"" at position 0 in state STOP"
derived-resource-v2,interactive-short-3,short,3,1,2,14,14,7c3b87cdebbe1f728ae9572c33af5445,300110,0.046649561827329974,,14,5162,142217,True,timeout,True,False,"Unexpected ""!"" at position 0 in state STOP"
derived-resource-v2,interactive-short-3,short,3,2,2,3,3,effc53711d57f098226d374eb727fee4,300121,0.009995968292788576,,3,12208,295571,True,timeout,True,False,"Unexpected ""!"" at position 0 in state STOP"
derived-resource-v2,interactive-short-3,short,3,3,2,24,24,9442cfc3577bb09a2af0706926b573ba,300109,0.0799709438903865,,24,21310,257901,True,timeout,True,False,"Unexpected ""!"" at position 0 in state STOP"
derived-resource-v2,interactive-short-3,short,3,4,2,18,18,5fa61054ce7b012b2018d5a52416e67b,300111,0.05997780821096194,,18,5922,229863,True,timeout,True,False,"Unexpected ""!"" at position 0 in state STOP"
derived-resource-v2,interactive-short-3,short,3,0,3,6,6,94a7afc7ea99f34470fdee44220596fb,300037,0.01999753363751804,,6,61335,242626,True,timeout,True,False,"Unexpected ""!"" at position 0 in state STOP"
derived-resource-v2,interactive-short-3,short,3,1,3,14,14,7c3b87cdebbe1f728ae9572c33af5445,300109,0.04664971726939213,,14,5618,154416,True,timeout,True,False,"Unexpected ""!"" at position 0 in state STOP"
derived-resource-v2,interactive-short-3,short,3,2,3,2,2,d5e4edb4080a549c03febc351ca3719b,300063,0.00666526696060494,,2,21426,22053,True,timeout,True,False,"Unexpected ""!"" at position 0 in state STOP"
derived-resource-v2,interactive-short-3,short,3,3,3,24,24,9442cfc3577bb09a2af0706926b573ba,300110,0.07997067741827996,,24,21905,236077,True,timeout,True,False,"Unexpected ""!"" at position 0 in state STOP"
derived-resource-v2,interactive-short-3,short,3,4,3,18,18,5fa61054ce7b012b2018d5a52416e67b,300110,0.05997800806370997,,18,5650,298028,True,timeout,True,False,"Unexpected ""!"" at position 0 in state STOP"
derived-resource-v2,interactive-short-3,short,3,0,4,6,6,94a7afc7ea99f34470fdee44220596fb,300121,0.01999193658557715,,6,90995,234370,True,timeout,True,False,"Unexpected ""!"" at position 0 in state STOP"
derived-resource-v2,interactive-short-3,short,3,1,4,14,14,7c3b87cdebbe1f728ae9572c33af5445,300045,0.04665966771650919,,14,4883,111161,True,timeout,True,False,"Unexpected ""!"" at position 0 in state STOP"
derived-resource-v2,interactive-short-3,short,3,2,4,2,2,d5e4edb4080a549c03febc351ca3719b,300112,0.006664178706616196,,2,12179,12750,True,timeout,True,False,"Unexpected ""!"" at position 0 in state STOP"
derived-resource-v2,interactive-short-3,short,3,3,4,24,24,9442cfc3577bb09a2af0706926b573ba,300438,0.07988337027939209,,24,21968,236381,True,timeout,True,False,"Unexpected ""!"" at position 0 in state STOP"
derived-resource-v2,interactive-short-3,short,3,4,4,18,18,5fa61054ce7b012b2018d5a52416e67b,300110,0.05997800806370997,,18,6364,291407,True,timeout,True,False,"Unexpected ""!"" at position 0 in state STOP"
derived-resource-v2,interactive-short-3,short,3,0,5,6,6,94a7afc7ea99f34470fdee44220596fb,300110,0.01999266935456999,,6,96109,226269,True,timeout,True,False,"Unexpected ""!"" at position 0 in state STOP"
derived-resource-v2,interactive-short-3,short,3,1,5,14,14,7c3b87cdebbe1f728ae9572c33af5445,300111,0.046649406386303736,,14,4857,154674,True,timeout,True,False,"Unexpected ""!"" at position 0 in state STOP"
derived-resource-v2,interactive-short-3,short,3,2,5,3,3,effc53711d57f098226d374eb727fee4,300119,0.00999603490615389,,3,12015,287537,True,timeout,True,False,"Unexpected ""!"" at position 0 in state STOP"
derived-resource-v2,interactive-short-3,short,3,3,5,24,24,9442cfc3577bb09a2af0706926b573ba,300109,0.0799709438903865,,24,19610,250433,True,timeout,True,False,"Unexpected ""!"" at position 0 in state STOP"
derived-resource-v2,interactive-short-3,short,3,4,5,18,18,5fa61054ce7b012b2018d5a52416e67b,300089,0.05998220527910053,,18,6531,292768,True,timeout,True,False,"Unexpected ""!"" at position 0 in state STOP"
derived-resource-v2,interactive-short-4,short,4,0,0,1,1,be952defdc6bff97ab1d2bd30503bd7a,389,2.570694087403599,4.0,1,241,241,False,ok,False,False,
derived-resource-v2,interactive-short-4,short,4,1,0,1,1,c7f96e08adf5efcc4ad5302bc4ebe30f,267,3.745318352059925,4.0,1,139,139,False,ok,False,False,
derived-resource-v2,interactive-short-4,short,4,2,0,1,1,b14fe4f20ab576f2bf485f4d72fc2332,822,1.2165450121654502,28.0,1,282,282,False,ok,False,False,
derived-resource-v2,interactive-short-4,short,4,3,0,1,1,c114679689014713f0be71d73de99a0b,918,1.0893246187363834,38.0,1,280,280,False,ok,False,False,
derived-resource-v2,interactive-short-4,short,4,4,0,1,1,c93535a997dcc3e3b4e497b89e662936,245,4.081632653061225,4.0,1,128,128,False,ok,False,False,
derived-resource-v2,interactive-short-4,short,4,0,1,1,1,be952defdc6bff97ab1d2bd30503bd7a,221,4.524886877828054,4.0,1,108,108,False,ok,False,False,
derived-resource-v2,interactive-short-4,short,4,1,1,1,1,c7f96e08adf5efcc4ad5302bc4ebe30f,250,4.0,4.0,1,125,125,False,ok,False,False,
derived-resource-v2,interactive-short-4,short,4,2,1,1,1,b14fe4f20ab576f2bf485f4d72fc2332,506,1.976284584980237,28.0,1,161,161,False,ok,False,False,
derived-resource-v2,interactive-short-4,short,4,3,1,1,1,c114679689014713f0be71d73de99a0b,660,1.5151515151515151,38.0,1,205,205,False,ok,False,False,
derived-resource-v2,interactive-short-4,short,4,4,1,1,1,c93535a997dcc3e3b4e497b89e662936,272,3.676470588235294,4.0,1,132,132,False,ok,False,False,
derived-resource-v2,interactive-short-4,short,4,0,2,1,1,be952defdc6bff97ab1d2bd30503bd7a,231,4.329004329004329,4.0,1,115,115,False,ok,False,False,
derived-resource-v2,interactive-short-4,short,4,1,2,1,1,c7f96e08adf5efcc4ad5302bc4ebe30f,247,4.048582995951417,4.0,1,128,128,False,ok,False,False,
derived-resource-v2,interactive-short-4,short,4,2,2,1,1,b14fe4f20ab576f2bf485f4d72fc2332,540,1.8518518518518516,28.0,1,165,165,False,ok,False,False,
derived-resource-v2,interactive-short-4,short,4,3,2,1,1,c114679689014713f0be71d73de99a0b,638,1.567398119122257,38.0,1,187,187,False,ok,False,False,
derived-resource-v2,interactive-short-4,short,4,4,2,1,1,c93535a997dcc3e3b4e497b89e662936,239,4.184100418410042,4.0,1,115,115,False,ok,False,False,
derived-resource-v2,interactive-short-4,short,4,0,3,1,1,be952defdc6bff97ab1d2bd30503bd7a,231,4.329004329004329,4.0,1,107,107,False,ok,False,False,
derived-resource-v2,interactive-short-4,short,4,1,3,1,1,c7f96e08adf5efcc4ad5302bc4ebe30f,252,3.9682539682539684,4.0,1,125,125,False,ok,False,False,
derived-resource-v2,interactive-short-4,short,4,2,3,1,1,b14fe4f20ab576f2bf485f4d72fc2332,503,1.9880715705765408,28.0,1,149,149,False,ok,False,False,
derived-resource-v2,interactive-short-4,short,4,3,3,1,1,c114679689014713f0be71d73de99a0b,678,1.4749262536873156,38.0,1,187,187,False,ok,False,False,
derived-resource-v2,interactive-short-4,short,4,4,3,1,1,c93535a997dcc3e3b4e497b89e662936,235,4.25531914893617,4.0,1,121,121,False,ok,False,False,
derived-resource-v2,interactive-short-4,short,4,0,4,1,1,be952defdc6bff97ab1d2bd30503bd7a,226,4.424778761061947,4.0,1,112,112,False,ok,False,False,
derived-resource-v2,interactive-short-4,short,4,1,4,1,1,c7f96e08adf5efcc4ad5302bc4ebe30f,250,4.0,4.0,1,127,127,False,ok,False,False,
derived-resource-v2,interactive-short-4,short,4,2,4,1,1,b14fe4f20ab576f2bf485f4d72fc2332,539,1.8552875695732838,28.0,1,171,171,False,ok,False,False,
derived-resource-v2,interactive-short-4,short,4,3,4,1,1,c114679689014713f0be71d73de99a0b,714,1.400560224089636,38.0,1,192,192,False,ok,False,False,
derived-resource-v2,interactive-short-4,short,4,4,4,1,1,c93535a997dcc3e3b4e497b89e662936,257,3.8910505836575875,4.0,1,124,124,False,ok,False,False,
derived-resource-v2,interactive-short-4,short,4,0,5,1,1,be952defdc6bff97ab1d2bd30503bd7a,237,4.219409282700422,4.0,1,120,120,False,ok,False,False,
derived-resource-v2,interactive-short-4,short,4,1,5,1,1,c7f96e08adf5efcc4ad5302bc4ebe30f,268,3.731343283582089,4.0,1,126,126,False,ok,False,False,
derived-resource-v2,interactive-short-4,short,4,2,5,1,1,b14fe4f20ab576f2bf485f4d72fc2332,522,1.9157088122605364,28.0,1,152,152,False,ok,False,False,
derived-resource-v2,interactive-short-4,short,4,3,5,1,1,c114679689014713f0be71d73de99a0b,638,1.567398119122257,38.0,1,184,184,False,ok,False,False,
derived-resource-v2,interactive-short-4,short,4,4,5,1,1,c93535a997dcc3e3b4e497b89e662936,245,4.081632653061225,4.0,1,121,121,False,ok,False,False,
derived-resource-v2,interactive-short-5,short,5,0,0,1,1,dc0e41612718b8e8febbfed0b6a81235,3701,0.2701972439881113,38.0,1,3109,3109,False,ok,False,False,
derived-resource-v2,interactive-short-5,short,5,1,0,1,1,503ee1b279b823f2e5e6c3c7ad09348a,6745,0.14825796886582654,38.0,1,6088,6088,False,ok,False,False,
derived-resource-v2,interactive-short-5,short,5,2,0,1,1,f5c7036bdd812461f2fb5aae6b3ae925,29960,0.03337783711615487,96.0,1,27394,27394,False,ok,False,False,
derived-resource-v2,interactive-short-5,short,5,3,0,1,1,34828ddcb65169a440f3b93e10833a13,1600,0.625,44.0,1,1209,1209,False,ok,False,False,
derived-resource-v2,interactive-short-5,short,5,4,0,1,1,85635c1632159d9ccdaa8e67a0da19e7,3856,0.25933609958506226,98.0,1,2660,2660,False,ok,False,False,
derived-resource-v2,interactive-short-5,short,5,0,1,1,1,dc0e41612718b8e8febbfed0b6a81235,1504,0.6648936170212766,38.0,1,896,896,False,ok,False,False,
derived-resource-v2,interactive-short-5,short,5,1,1,1,1,503ee1b279b823f2e5e6c3c7ad09348a,1588,0.6297229219143576,38.0,1,922,922,False,ok,False,False,
derived-resource-v2,interactive-short-5,short,5,2,1,1,1,f5c7036bdd812461f2fb5aae6b3ae925,2437,0.41034058268362744,96.0,1,891,891,False,ok,False,False,
derived-resource-v2,interactive-short-5,short,5,3,1,1,1,34828ddcb65169a440f3b93e10833a13,1291,0.774593338497289,44.0,1,906,906,False,ok,False,False,
derived-resource-v2,interactive-short-5,short,5,4,1,1,1,85635c1632159d9ccdaa8e67a0da19e7,1862,0.5370569280343717,98.0,1,862,862,False,ok,False,False,
derived-resource-v2,interactive-short-5,short,5,0,2,1,1,dc0e41612718b8e8febbfed0b6a81235,1369,0.7304601899196493,38.0,1,784,784,False,ok,False,False,
derived-resource-v2,interactive-short-5,short,5,1,2,1,1,503ee1b279b823f2e5e6c3c7ad09348a,1485,0.6734006734006733,38.0,1,864,864,False,ok,False,False,
derived-resource-v2,interactive-short-5,short,5,2,2,1,1,f5c7036bdd812461f2fb5aae6b3ae925,2414,0.4142502071251035,96.0,1,854,854,False,ok,False,False,
derived-resource-v2,interactive-short-5,short,5,3,2,1,1,34828ddcb65169a440f3b93e10833a13,1233,0.8110300081103,44.0,1,874,874,False,ok,False,False,
derived-resource-v2,interactive-short-5,short,5,4,2,1,1,85635c1632159d9ccdaa8e67a0da19e7,1887,0.5299417064122947,98.0,1,874,874,False,ok,False,False,
derived-resource-v2,interactive-short-5,short,5,0,3,1,1,dc0e41612718b8e8febbfed0b6a81235,1457,0.6863417982155113,38.0,1,866,866,False,ok,False,False,
derived-resource-v2,interactive-short-5,short,5,1,3,1,1,503ee1b279b823f2e5e6c3c7ad09348a,1499,0.66711140760507,38.0,1,863,863,False,ok,False,False,
derived-resource-v2,interactive-short-5,short,5,2,3,1,1,f5c7036bdd812461f2fb5aae6b3ae925,2431,0.41135335252982314,96.0,1,879,879,False,ok,False,False,
derived-resource-v2,interactive-short-5,short,5,3,3,1,1,34828ddcb65169a440f3b93e10833a13,1260,0.7936507936507936,44.0,1,834,834,False,ok,False,False,
derived-resource-v2,interactive-short-5,short,5,4,3,1,1,85635c1632159d9ccdaa8e67a0da19e7,1915,0.5221932114882506,98.0,1,892,892,False,ok,False,False,
derived-resource-v2,interactive-short-5,short,5,0,4,1,1,dc0e41612718b8e8febbfed0b6a81235,1444,0.6925207756232687,38.0,1,858,858,False,ok,False,False,
derived-resource-v2,interactive-short-5,short,5,1,4,1,1,503ee1b279b823f2e5e6c3c7ad09348a,1509,0.6626905235255136,38.0,1,855,855,False,ok,False,False,
derived-resource-v2,interactive-short-5,short,5,2,4,1,1,f5c7036bdd812461f2fb5aae6b3ae925,2405,0.4158004158004158,96.0,1,820,820,False,ok,False,False,
derived-resource-v2,interactive-short-5,short,5,3,4,1,1,34828ddcb65169a440f3b93e10833a13,1259,0.7942811755361399,44.0,1,881,881,False,ok,False,False,
derived-resource-v2,interactive-short-5,short,5,4,4,1,1,85635c1632159d9ccdaa8e67a0da19e7,1903,0.5254860746190226,98.0,1,818,818,False,ok,False,False,
derived-resource-v2,interactive-short-5,short,5,0,5,1,1,dc0e41612718b8e8febbfed0b6a81235,1454,0.687757909215956,38.0,1,864,864,False,ok,False,False,
derived-resource-v2,interactive-short-5,short,5,1,5,1,1,503ee1b279b823f2e5e6c3c7ad09348a,1538,0.6501950585175552,38.0,1,868,868,False,ok,False,False,
derived-resource-v2,interactive-short-5,short,5,2,5,1,1,f5c7036bdd812461f2fb5aae6b3ae925,2370,0.42194092827004215,96.0,1,855,855,False,ok,False,False,
derived-resource-v2,interactive-short-5,short,5,3,5,1,1,34828ddcb65169a440f3b93e10833a13,1263,0.7917656373713381,44.0,1,882,882,False,ok,False,False,
derived-resource-v2,interactive-short-5,short,5,4,5,1,1,85635c1632159d9ccdaa8e67a0da19e7,1877,0.5327650506126798,98.0,1,857,857,False,ok,False,False,
derived-resource-v2,interactive-short-6,short,6,0,0,1,1,ba304a277e0c6fae635de35002222d91,300105,0.003332167074857133,,1,1783,1783,True,timeout,True,False,"Unexpected ""!"" at position 0 in state STOP"
derived-resource-v2,interactive-short-6,short,6,1,0,1,1,e849f1a14477da933bfaa5ee561efce8,300112,0.003332089353308098,,1,2829,2829,True,timeout,True,False,"Unexpected ""!"" at position 0 in state STOP"
derived-resource-v2,interactive-short-6,short,6,2,0,0,0,d41d8cd98f00b204e9800998ecf8427e,300114,0.0,,0,,,True,timeout,True,True,"Unexpected ""!"" at position 0 in state STOP"
derived-resource-v2,interactive-short-6,short,6,3,0,0,0,d41d8cd98f00b204e9800998ecf8427e,300105,0.0,,0,,,True,timeout,True,True,"Unexpected ""!"" at position 0 in state STOP"
derived-resource-v2,interactive-short-6,short,6,4,0,0,0,d41d8cd98f00b204e9800998ecf8427e,300085,0.0,,0,,,True,timeout,True,True,"Unexpected ""!"" at position 0 in state STOP"
derived-resource-v2,interactive-short-6,short,6,0,1,1,1,ba304a277e0c6fae635de35002222d91,300109,0.0033321226620994376,,1,2364,2364,True,timeout,True,False,"Unexpected ""!"" at position 0 in state STOP"
derived-resource-v2,interactive-short-6,short,6,1,1,1,1,e849f1a14477da933bfaa5ee561efce8,300108,0.003332133765177869,,1,2902,2902,True,timeout,True,False,"Unexpected ""!"" at position 0 in state STOP"
derived-resource-v2,interactive-short-6,short,6,2,1,0,0,d41d8cd98f00b204e9800998ecf8427e,300104,0.0,,0,,,True,timeout,True,True,"Unexpected ""!"" at position 0 in state STOP"
derived-resource-v2,interactive-short-6,short,6,3,1,0,0,d41d8cd98f00b204e9800998ecf8427e,300109,0.0,,0,,,True,timeout,True,True,"Unexpected ""!"" at position 0 in state STOP"
derived-resource-v2,interactive-short-6,short,6,4,1,0,0,d41d8cd98f00b204e9800998ecf8427e,300046,0.0,,0,,,True,timeout,True,True,"Unexpected ""!"" at position 0 in state STOP"
derived-resource-v2,interactive-short-6,short,6,0,2,1,1,ba304a277e0c6fae635de35002222d91,300618,0.003326480782920517,,1,2269,2269,True,timeout,True,False,"Unexpected ""!"" at position 0 in state STOP"
derived-resource-v2,interactive-short-6,short,6,1,2,1,1,e849f1a14477da933bfaa5ee561efce8,300108,0.003332133765177869,,1,6084,6084,True,timeout,True,False,"Unexpected ""!"" at position 0 in state STOP"
derived-resource-v2,interactive-short-6,short,6,2,2,0,0,d41d8cd98f00b204e9800998ecf8427e,300649,0.0,,0,,,True,timeout,True,True,terminated
derived-resource-v2,interactive-short-6,short,6,3,2,0,0,d41d8cd98f00b204e9800998ecf8427e,300111,0.0,,0,,,True,timeout,True,True,"Unexpected ""!"" at position 0 in state STOP"
derived-resource-v2,interactive-short-6,short,6,4,2,0,0,d41d8cd98f00b204e9800998ecf8427e,300107,0.0,,0,,,True,timeout,True,True,"Unexpected ""!"" at position 0 in state STOP"
derived-resource-v2,interactive-short-6,short,6,0,3,1,1,ba304a277e0c6fae635de35002222d91,300111,0.0033321004561645525,,1,2227,2227,True,timeout,True,False,"Unexpected ""!"" at position 0 in state STOP"
derived-resource-v2,interactive-short-6,short,6,1,3,1,1,e849f1a14477da933bfaa5ee561efce8,300825,0.0033241918058671987,,1,5994,5994,True,timeout,True,False,"Unexpected ""!"" at position 0 in state STOP"
derived-resource-v2,interactive-short-6,short,6,2,3,0,0,d41d8cd98f00b204e9800998ecf8427e,300093,0.0,,0,,,True,timeout,True,True,"Unexpected ""!"" at position 0 in state STOP"
derived-resource-v2,interactive-short-6,short,6,3,3,0,0,d41d8cd98f00b204e9800998ecf8427e,300090,0.0,,0,,,True,timeout,True,True,"Unexpected ""!"" at position 0 in state STOP"
derived-resource-v2,interactive-short-6,short,6,4,3,0,0,d41d8cd98f00b204e9800998ecf8427e,300108,0.0,,0,,,True,timeout,True,True,"Unexpected ""!"" at position 0 in state STOP"
derived-resource-v2,interactive-short-6,short,6,0,4,1,1,ba304a277e0c6fae635de35002222d91,300109,0.0033321226620994376,,1,2316,2316,True,timeout,True,False,"Unexpected ""!"" at position 0 in state STOP"
derived-resource-v2,interactive-short-6,short,6,1,4,1,1,e849f1a14477da933bfaa5ee561efce8,300107,0.0033321448683302952,,1,12817,12817,True,timeout,True,False,"Unexpected ""!"" at position 0 in state STOP"
derived-resource-v2,interactive-short-6,short,6,2,4,0,0,d41d8cd98f00b204e9800998ecf8427e,300111,0.0,,0,,,True,timeout,True,True,"Unexpected ""!"" at position 0 in state STOP"
derived-resource-v2,interactive-short-6,short,6,3,4,0,0,d41d8cd98f00b204e9800998ecf8427e,300109,0.0,,0,,,True,timeout,True,True,"Unexpected ""!"" at position 0 in state STOP"
derived-resource-v2,interactive-short-6,short,6,4,4,0,0,d41d8cd98f00b204e9800998ecf8427e,300114,0.0,,0,,,True,timeout,True,True,"Unexpected ""!"" at position 0 in state STOP"
derived-resource-v2,interactive-short-6,short,6,0,5,1,1,ba304a277e0c6fae635de35002222d91,300107,0.0033321448683302952,,1,1782,1782,True,timeout,True,False,"Unexpected ""!"" at position 0 in state STOP"
derived-resource-v2,interactive-short-6,short,6,1,5,1,1,e849f1a14477da933bfaa5ee561efce8,300111,0.0033321004561645525,,1,1765,1765,True,timeout,True,False,"Unexpected ""!"" at position 0 in state STOP"
derived-resource-v2,interactive-short-6,short,6,2,5,0,0,d41d8cd98f00b204e9800998ecf8427e,300109,0.0,,0,,,True,timeout,True,True,"Unexpected ""!"" at position 0 in state STOP"
derived-resource-v2,interactive-short-6,short,6,3,5,0,0,d41d8cd98f00b204e9800998ecf8427e,300110,0.0,,0,,,True,timeout,True,True,"Unexpected ""!"" at position 0 in state STOP"
derived-resource-v2,interactive-short-6,short,6,4,5,0,0,d41d8cd98f00b204e9800998ecf8427e,300110,0.0,,0,,,True,timeout,True,True,"Unexpected ""!"" at position 0 in state STOP"
derived-resource-v2,interactive-short-7,short,7,0,0,0,0,d41d8cd98f00b204e9800998ecf8427e,300105,0.0,,0,,,True,timeout,True,True,"Unexpected ""!"" at position 0 in state STOP"
derived-resource-v2,interactive-short-7,short,7,1,0,0,0,d41d8cd98f00b204e9800998ecf8427e,300113,0.0,,0,,,True,timeout,True,True,"Unexpected ""!"" at position 0 in state STOP"
derived-resource-v2,interactive-short-7,short,7,2,0,0,0,d41d8cd98f00b204e9800998ecf8427e,300018,0.0,,0,,,True,timeout,True,True,"Unexpected ""!"" at position 0 in state STOP"
derived-resource-v2,interactive-short-7,short,7,3,0,0,0,d41d8cd98f00b204e9800998ecf8427e,300108,0.0,,0,,,True,timeout,True,True,"Unexpected ""!"" at position 0 in state STOP"
derived-resource-v2,interactive-short-7,short,7,4,0,0,0,d41d8cd98f00b204e9800998ecf8427e,300120,0.0,,0,,,True,timeout,True,True,"Unexpected ""!"" at position 0 in state STOP"
derived-resource-v2,interactive-short-7,short,7,0,1,0,0,d41d8cd98f00b204e9800998ecf8427e,300110,0.0,,0,,,True,timeout,True,True,"Unexpected ""!"" at position 0 in state STOP"
derived-resource-v2,interactive-short-7,short,7,1,1,0,0,d41d8cd98f00b204e9800998ecf8427e,300109,0.0,,0,,,True,timeout,True,True,"Unexpected ""!"" at position 0 in state STOP"
derived-resource-v2,interactive-short-7,short,7,2,1,0,0,d41d8cd98f00b204e9800998ecf8427e,300110,0.0,,0,,,True,timeout,True,True,"Unexpected ""!"" at position 0 in state STOP"
derived-resource-v2,interactive-short-7,short,7,3,1,0,0,d41d8cd98f00b204e9800998ecf8427e,300110,0.0,,0,,,True,timeout,True,True,"Unexpected ""!"" at position 0 in state STOP"
derived-resource-v2,interactive-short-7,short,7,4,1,0,0,d41d8cd98f00b204e9800998ecf8427e,300109,0.0,,0,,,True,timeout,True,True,"Unexpected ""!"" at position 0 in state STOP"
derived-resource-v2,interactive-short-7,short,7,0,2,0,0,d41d8cd98f00b204e9800998ecf8427e,300118,0.0,,0,,,True,timeout,True,True,"Unexpected ""!"" at position 0 in state STOP"
derived-resource-v2,interactive-short-7,short,7,1,2,0,0,d41d8cd98f00b204e9800998ecf8427e,300111,0.0,,0,,,True,timeout,True,True,"Unexpected ""!"" at position 0 in state STOP"
derived-resource-v2,interactive-short-7,short,7,2,2,0,0,d41d8cd98f00b204e9800998ecf8427e,300113,0.0,,0,,,True,timeout,True,True,"Unexpected ""!"" at position 0 in state STOP"
derived-resource-v2,interactive-short-7,short,7,3,2,0,0,d41d8cd98f00b204e9800998ecf8427e,300111,0.0,,0,,,True,timeout,True,True,"Unexpected ""!"" at position 0 in state STOP"
derived-resource-v2,interactive-short-7,short,7,4,2,0,0,d41d8cd98f00b204e9800998ecf8427e,300113,0.0,,0,,,True,timeout,True,True,"Unexpected ""!"" at position 0 in state STOP"
derived-resource-v2,interactive-short-7,short,7,0,3,0,0,d41d8cd98f00b204e9800998ecf8427e,300109,0.0,,0,,,True,timeout,True,True,"Unexpected ""!"" at position 0 in state STOP"
derived-resource-v2,interactive-short-7,short,7,1,3,0,0,d41d8cd98f00b204e9800998ecf8427e,300123,0.0,,0,,,True,timeout,True,True,"Unexpected ""!"" at position 0 in state STOP"
derived-resource-v2,interactive-short-7,short,7,2,3,0,0,d41d8cd98f00b204e9800998ecf8427e,300112,0.0,,0,,,True,timeout,True,True,"Unexpected ""!"" at position 0 in state STOP"
derived-resource-v2,interactive-short-7,short,7,3,3,0,0,d41d8cd98f00b204e9800998ecf8427e,300108,0.0,,0,,,True,timeout,True,True,"Unexpected ""!"" at position 0 in state STOP"
derived-resource-v2,interactive-short-7,short,7,4,3,0,0,d41d8cd98f00b204e9800998ecf8427e,300111,0.0,,0,,,True,timeout,True,True,"Unexpected ""!"" at position 0 in state STOP"
derived-resource-v2,interactive-short-7,short,7,0,4,0,0,d41d8cd98f00b204e9800998ecf8427e,300114,0.0,,0,,,True,timeout,True,True,"Unexpected ""!"" at position 0 in state STOP"
derived-resource-v2,interactive-short-7,short,7,1,4,0,0,d41d8cd98f00b204e9800998ecf8427e,300109,0.0,,0,,,True,timeout,True,True,"Unexpected ""!"" at position 0 in state STOP"
derived-resource-v2,interactive-short-7,short,7,2,4,0,0,d41d8cd98f00b204e9800998ecf8427e,300112,0.0,,0,,,True,timeout,True,True,"Unexpected ""!"" at position 0 in state STOP"
derived-resource-v2,interactive-short-7,short,7,3,4,0,0,d41d8cd98f00b204e9800998ecf8427e,300110,0.0,,0,,,True,timeout,True,True,"Unexpected ""!"" at position 0 in state STOP"
derived-resource-v2,interactive-short-7,short,7,4,4,0,0,d41d8cd98f00b204e9800998ecf8427e,300113,0.0,,0,,,True,timeout,True,True,"Unexpected ""!"" at position 0 in state STOP"
derived-resource-v2,interactive-short-7,short,7,0,5,0,0,d41d8cd98f00b204e9800998ecf8427e,300112,0.0,,0,,,True,timeout,True,True,"Unexpected ""!"" at position 0 in state STOP"
derived-resource-v2,interactive-short-7,short,7,1,5,0,0,d41d8cd98f00b204e9800998ecf8427e,300111,0.0,,0,,,True,timeout,True,True,"Unexpected ""!"" at position 0 in state STOP"
derived-resource-v2,interactive-short-7,short,7,2,5,0,0,d41d8cd98f00b204e9800998ecf8427e,300108,0.0,,0,,,True,timeout,True,True,"Unexpected ""!"" at position 0 in state STOP"
derived-resource-v2,interactive-short-7,short,7,3,5,0,0,d41d8cd98f00b204e9800998ecf8427e,300110,0.0,,0,,,True,timeout,True,True,"Unexpected ""!"" at position 0 in state STOP"
derived-resource-v2,interactive-short-7,short,7,4,5,0,0,d41d8cd98f00b204e9800998ecf8427e,300113,0.0,,0,,,True,timeout,True,True,"Unexpected ""!"" at position 0 in state STOP"
derived-resource-v3,interactive-discover-1,discover,1,0,0,6,6,d632b8166f912f4afd062d64186f2dc6,3840,1.5625,74.0,6,1529,2539,False,ok,False,False,
derived-resource-v3,interactive-discover-1,discover,1,1,0,4,4,e00f199d535cd1710bf9be67f04f39e4,947,4.223864836325238,10.0,4,567,591,False,ok,False,False,
derived-resource-v3,interactive-discover-1,discover,1,2,0,1,1,c4499554f796e968a069e67a8f5d9d1c,839,1.1918951132300357,10.0,1,502,502,False,ok,False,False,
derived-resource-v3,interactive-discover-1,discover,1,3,0,14,14,6c0a9fe8be642ee232c10c9996912b97,1288,10.869565217391305,12.0,14,475,619,False,ok,False,False,
derived-resource-v3,interactive-discover-1,discover,1,4,0,8,8,7536d3a2c1abc2a9ac92b1860efa3282,2617,3.056935422239205,62.0,8,965,1436,False,ok,False,False,
derived-resource-v3,interactive-discover-1,discover,1,0,1,6,6,d632b8166f912f4afd062d64186f2dc6,1656,3.6231884057971016,74.0,6,337,338,False,ok,False,False,
derived-resource-v3,interactive-discover-1,discover,1,1,1,4,4,e00f199d535cd1710bf9be67f04f39e4,670,5.970149253731343,10.0,4,325,325,False,ok,False,False,
derived-resource-v3,interactive-discover-1,discover,1,2,1,1,1,c4499554f796e968a069e67a8f5d9d1c,694,1.4409221902017293,10.0,1,342,342,False,ok,False,False,
derived-resource-v3,interactive-discover-1,discover,1,3,1,14,14,6c0a9fe8be642ee232c10c9996912b97,769,18.205461638491546,12.0,14,308,309,False,ok,False,False,
derived-resource-v3,interactive-discover-1,discover,1,4,1,8,8,7536d3a2c1abc2a9ac92b1860efa3282,1519,5.266622778143516,62.0,8,302,303,False,ok,False,False,
derived-resource-v3,interactive-discover-1,discover,1,0,2,6,6,d632b8166f912f4afd062d64186f2dc6,1448,4.143646408839779,74.0,6,316,316,False,ok,False,False,
derived-resource-v3,interactive-discover-1,discover,1,1,2,4,4,e00f199d535cd1710bf9be67f04f39e4,634,6.309148264984227,10.0,4,268,268,False,ok,False,False,
derived-resource-v3,interactive-discover-1,discover,1,2,2,1,1,c4499554f796e968a069e67a8f5d9d1c,649,1.5408320493066254,10.0,1,311,311,False,ok,False,False,
derived-resource-v3,interactive-discover-1,discover,1,3,2,14,14,6c0a9fe8be642ee232c10c9996912b97,849,16.489988221436985,12.0,14,381,383,False,ok,False,False,
derived-resource-v3,interactive-discover-1,discover,1,4,2,8,8,7536d3a2c1abc2a9ac92b1860efa3282,1346,5.943536404160475,62.0,8,272,272,False,ok,False,False,
derived-resource-v3,interactive-discover-1,discover,1,0,3,6,6,d632b8166f912f4afd062d64186f2dc6,1367,4.389173372348208,74.0,6,310,310,False,ok,False,False,
derived-resource-v3,interactive-discover-1,discover,1,1,3,4,4,e00f199d535cd1710bf9be67f04f39e4,668,5.988023952095808,10.0,4,333,334,False,ok,False,False,
derived-resource-v3,interactive-discover-1,discover,1,2,3,1,1,c4499554f796e968a069e67a8f5d9d1c,623,1.6051364365971108,10.0,1,284,284,False,ok,False,False,
derived-resource-v3,interactive-discover-1,discover,1,3,3,14,14,6c0a9fe8be642ee232c10c9996912b97,735,19.047619047619047,12.0,14,300,300,False,ok,False,False,
derived-resource-v3,interactive-discover-1,discover,1,4,3,8,8,7536d3a2c1abc2a9ac92b1860efa3282,1224,6.5359477124183005,62.0,8,302,303,False,ok,False,False,
derived-resource-v3,interactive-discover-1,discover,1,0,4,6,6,d632b8166f912f4afd062d64186f2dc6,1516,3.9577836411609497,74.0,6,268,268,False,ok,False,False,
derived-resource-v3,interactive-discover-1,discover,1,1,4,4,4,e00f199d535cd1710bf9be67f04f39e4,681,5.873715124816446,10.0,4,326,327,False,ok,False,False,
derived-resource-v3,interactive-discover-1,discover,1,2,4,1,1,c4499554f796e968a069e67a8f5d9d1c,640,1.5625,10.0,1,281,281,False,ok,False,False,
derived-resource-v3,interactive-discover-1,discover,1,3,4,14,14,6c0a9fe8be642ee232c10c9996912b97,729,19.204389574759947,12.0,14,318,320,False,ok,False,False,
derived-resource-v3,interactive-discover-1,discover,1,4,4,8,8,7536d3a2c1abc2a9ac92b1860efa3282,1267,6.3141278610891876,62.0,8,323,324,False,ok,False,False,
derived-resource-v3,interactive-discover-1,discover,1,0,5,6,6,d632b8166f912f4afd062d64186f2dc6,1367,4.389173372348208,74.0,6,312,312,False,ok,False,False,
derived-resource-v3,interactive-discover-1,discover,1,1,5,4,4,e00f199d535cd1710bf9be67f04f39e4,605,6.6115702479338845,10.0,4,254,254,False,ok,False,False,
derived-resource-v3,interactive-discover-1,discover,1,2,5,1,1,c4499554f796e968a069e67a8f5d9d1c,616,1.6233766233766234,10.0,1,274,274,False,ok,False,False,
derived-resource-v3,interactive-discover-1,discover,1,3,5,14,14,6c0a9fe8be642ee232c10c9996912b97,750,18.666666666666668,12.0,14,305,306,False,ok,False,False,
derived-resource-v3,interactive-discover-1,discover,1,4,5,8,8,7536d3a2c1abc2a9ac92b1860efa3282,1266,6.3191153238546605,62.0,8,298,299,False,ok,False,False,
derived-resource-v3,interactive-discover-2,discover,2,0,0,66,66,18ff3becda1d7305aaa0da5860ca7511,1778,37.120359955005625,75.0,66,390,1775,False,ok,False,False,
derived-resource-v3,interactive-discover-2,discover,2,1,0,46,46,f6a5ba863b07324a44f8e492bf9ab0e1,860,53.48837209302326,11.0,46,358,709,False,ok,False,False,
derived-resource-v3,interactive-discover-2,discover,2,2,0,32,32,113587781a953fec190d8e3339b06c26,737,43.419267299864316,11.0,32,330,562,False,ok,False,False,
derived-resource-v3,interactive-discover-2,discover,2,3,0,198,198,23320e2cdf40e8165aa7fdff74171184,1898,104.32033719704953,13.0,198,319,1896,False,ok,False,False,
derived-resource-v3,interactive-discover-2,discover,2,4,0,98,98,a7ea80830c1f3358609f53e0ce62fd9a,1693,57.885410513880686,63.0,98,382,1690,False,ok,False,False,
derived-resource-v3,interactive-discover-2,discover,2,0,1,66,66,18ff3becda1d7305aaa0da5860ca7511,1376,47.96511627906977,75.0,66,355,415,False,ok,False,False,
derived-resource-v3,interactive-discover-2,discover,2,1,1,46,46,f6a5ba863b07324a44f8e492bf9ab0e1,700,65.71428571428572,11.0,46,347,352,False,ok,False,False,
derived-resource-v3,interactive-discover-2,discover,2,2,1,32,32,113587781a953fec190d8e3339b06c26,690,46.376811594202906,11.0,32,336,339,False,ok,False,False,
derived-resource-v3,interactive-discover-2,discover,2,3,1,198,198,23320e2cdf40e8165aa7fdff74171184,797,248.43161856963613,13.0,198,344,411,False,ok,False,False,
derived-resource-v3,interactive-discover-2,discover,2,4,1,98,98,a7ea80830c1f3358609f53e0ce62fd9a,2025,48.39506172839506,63.0,98,365,395,False,ok,False,False,
derived-resource-v3,interactive-discover-2,discover,2,0,2,66,66,18ff3becda1d7305aaa0da5860ca7511,1335,49.438202247191015,75.0,66,307,356,False,ok,False,False,
derived-resource-v3,interactive-discover-2,discover,2,1,2,46,46,f6a5ba863b07324a44f8e492bf9ab0e1,607,75.7825370675453,11.0,46,273,286,False,ok,False,False,
derived-resource-v3,interactive-discover-2,discover,2,2,2,32,32,113587781a953fec190d8e3339b06c26,600,53.333333333333336,11.0,32,296,306,False,ok,False,False,
derived-resource-v3,interactive-discover-2,discover,2,3,2,198,198,23320e2cdf40e8165aa7fdff74171184,768,257.8125,13.0,198,340,398,False,ok,False,False,
derived-resource-v3,interactive-discover-2,discover,2,4,2,98,98,a7ea80830c1f3358609f53e0ce62fd9a,1067,91.84629803186505,63.0,98,339,365,False,ok,False,False,
derived-resource-v3,interactive-discover-2,discover,2,0,3,66,66,18ff3becda1d7305aaa0da5860ca7511,1223,53.96565821749795,75.0,66,312,362,False,ok,False,False,
derived-resource-v3,interactive-discover-2,discover,2,1,3,46,46,f6a5ba863b07324a44f8e492bf9ab0e1,644,71.42857142857143,11.0,46,304,308,False,ok,False,False,
derived-resource-v3,interactive-discover-2,discover,2,2,3,32,32,113587781a953fec190d8e3339b06c26,631,50.71315372424723,11.0,32,293,296,False,ok,False,False,
derived-resource-v3,interactive-discover-2,discover,2,3,3,198,198,23320e2cdf40e8165aa7fdff74171184,767,258.148631029987,13.0,198,325,392,False,ok,False,False,
derived-resource-v3,interactive-discover-2,discover,2,4,3,98,98,a7ea80830c1f3358609f53e0ce62fd9a,1115,87.89237668161435,63.0,98,343,371,False,ok,False,False,
derived-resource-v3,interactive-discover-2,discover,2,0,4,66,66,18ff3becda1d7305aaa0da5860ca7511,1224,53.92156862745098,75.0,66,321,371,False,ok,False,False,
derived-resource-v3,interactive-discover-2,discover,2,1,4,46,46,f6a5ba863b07324a44f8e492bf9ab0e1,674,68.24925816023739,11.0,46,317,324,False,ok,False,False,
derived-resource-v3,interactive-discover-2,discover,2,2,4,32,32,113587781a953fec190d8e3339b06c26,649,49.306625577812014,11.0,32,307,310,False,ok,False,False,
derived-resource-v3,interactive-discover-2,discover,2,3,4,198,198,23320e2cdf40e8165aa7fdff74171184,702,282.05128205128204,13.0,198,274,361,False,ok,False,False,
derived-resource-v3,interactive-discover-2,discover,2,4,4,98,98,a7ea80830c1f3358609f53e0ce62fd9a,1185,82.70042194092827,63.0,98,357,384,False,ok,False,False,
derived-resource-v3,interactive-discover-2,discover,2,0,5,66,66,18ff3becda1d7305aaa0da5860ca7511,1277,51.683633516053256,75.0,66,340,391,False,ok,False,False,
derived-resource-v3,interactive-discover-2,discover,2,1,5,46,46,f6a5ba863b07324a44f8e492bf9ab0e1,585,78.63247863247864,11.0,46,253,262,False,ok,False,False,
derived-resource-v3,interactive-discover-2,discover,2,2,5,32,32,113587781a953fec190d8e3339b06c26,612,52.287581699346404,11.0,32,300,308,False,ok,False,False,
derived-resource-v3,interactive-discover-2,discover,2,3,5,198,198,23320e2cdf40e8165aa7fdff74171184,770,257.1428571428571,13.0,198,330,383,False,ok,False,False,
derived-resource-v3,interactive-discover-2,discover,2,4,5,98,98,a7ea80830c1f3358609f53e0ce62fd9a,1143,85.7392825896763,63.0,98,344,373,False,ok,False,False,
derived-resource-v3,interactive-discover-3,discover,3,0,0,68,68,e9f9c6f077dd7a85180d21221150597a,100622,0.6757965454870705,327.0,68,100609,100620,False,ok,False,False,
derived-resource-v3,interactive-discover-3,discover,3,1,0,66,66,bf39c452faf678539dd6bec9f8931c5e,102945,0.6411190441497888,267.0,66,102941,102943,False,ok,False,False,
derived-resource-v3,interactive-discover-3,discover,3,2,0,54,54,c6f1026b5b378b95fed1b609efe82a86,82843,0.6518353994906027,179.0,54,82839,82842,False,ok,False,False,
derived-resource-v3,interactive-discover-3,discover,3,3,0,196,196,3103aacb8c0b38645fd73f8b05191c84,166721,1.1756167489398457,425.0,196,166708,166720,False,ok,False,False,
derived-resource-v3,interactive-discover-3,discover,3,4,0,137,137,922f2cfc8273304ad1f823de44367223,118725,1.1539271425563278,365.0,137,118714,118724,False,ok,False,False,
derived-resource-v3,interactive-discover-3,discover,3,0,1,68,68,e9f9c6f077dd7a85180d21221150597a,102934,0.6606174830473897,327.0,68,102931,102933,False,ok,False,False,
derived-resource-v3,interactive-discover-3,discover,3,1,1,66,66,bf39c452faf678539dd6bec9f8931c5e,98956,0.6669630947087595,267.0,66,98952,98954,False,ok,False,False,
derived-resource-v3,interactive-discover-3,discover,3,2,1,54,54,c6f1026b5b378b95fed1b609efe82a86,81938,0.6590348800312431,179.0,54,81935,81937,False,ok,False,False,
derived-resource-v3,interactive-discover-3,discover,3,3,1,196,196,3103aacb8c0b38645fd73f8b05191c84,171415,1.1434238543884725,425.0,196,171367,171412,False,ok,False,False,
derived-resource-v3,interactive-discover-3,discover,3,4,1,137,137,922f2cfc8273304ad1f823de44367223,119259,1.1487602612800711,365.0,137,119251,119258,False,ok,False,False,
derived-resource-v3,interactive-discover-3,discover,3,0,2,68,68,e9f9c6f077dd7a85180d21221150597a,100869,0.6741417085526772,327.0,68,100863,100868,False,ok,False,False,
derived-resource-v3,interactive-discover-3,discover,3,1,2,66,66,bf39c452faf678539dd6bec9f8931c5e,100587,0.6561484088401085,267.0,66,100584,100586,False,ok,False,False,
derived-resource-v3,interactive-discover-3,discover,3,2,2,54,54,c6f1026b5b378b95fed1b609efe82a86,80690,0.669227909282439,179.0,54,80687,80689,False,ok,False,False,
derived-resource-v3,interactive-discover-3,discover,3,3,2,196,196,3103aacb8c0b38645fd73f8b05191c84,167665,1.1689977037545105,425.0,196,167654,167664,False,ok,False,False,
derived-resource-v3,interactive-discover-3,discover,3,4,2,137,137,922f2cfc8273304ad1f823de44367223,119785,1.143715824184998,365.0,137,119779,119784,False,ok,False,False,
derived-resource-v3,interactive-discover-3,discover,3,0,3,68,68,e9f9c6f077dd7a85180d21221150597a,101374,0.6707834355949257,327.0,68,101370,101373,False,ok,False,False,
derived-resource-v3,interactive-discover-3,discover,3,1,3,66,66,bf39c452faf678539dd6bec9f8931c5e,98567,0.6695953006584354,267.0,66,98565,98567,False,ok,False,False,
derived-resource-v3,interactive-discover-3,discover,3,2,3,54,54,c6f1026b5b378b95fed1b609efe82a86,83091,0.6498898797703723,179.0,54,83088,83090,False,ok,False,False,
derived-resource-v3,interactive-discover-3,discover,3,3,3,196,196,3103aacb8c0b38645fd73f8b05191c84,170258,1.1511940701758507,425.0,196,170249,170257,False,ok,False,False,
derived-resource-v3,interactive-discover-3,discover,3,4,3,137,137,922f2cfc8273304ad1f823de44367223,116632,1.1746347486110158,365.0,137,116621,116632,False,ok,False,False,
derived-resource-v3,interactive-discover-3,discover,3,0,4,68,68,e9f9c6f077dd7a85180d21221150597a,98828,0.6880641113854373,327.0,68,98825,98826,False,ok,False,False,
derived-resource-v3,interactive-discover-3,discover,3,1,4,66,66,bf39c452faf678539dd6bec9f8931c5e,99055,0.6662965019433648,267.0,66,99052,99054,False,ok,False,False,
derived-resource-v3,interactive-discover-3,discover,3,2,4,54,54,c6f1026b5b378b95fed1b609efe82a86,82208,0.6568703775788245,179.0,54,82203,82207,False,ok,False,False,
derived-resource-v3,interactive-discover-3,discover,3,3,4,196,196,3103aacb8c0b38645fd73f8b05191c84,157543,1.2441047840906927,425.0,196,157532,157542,False,ok,False,False,
derived-resource-v3,interactive-discover-3,discover,3,4,4,137,137,922f2cfc8273304ad1f823de44367223,114356,1.1980132218685509,365.0,137,114351,114354,False,ok,False,False,
derived-resource-v3,interactive-discover-3,discover,3,0,5,68,68,e9f9c6f077dd7a85180d21221150597a,98720,0.6888168557536467,327.0,68,98716,98719,False,ok,False,False,
derived-resource-v3,interactive-discover-3,discover,3,1,5,66,66,bf39c452faf678539dd6bec9f8931c5e,97046,0.6800898542959009,267.0,66,97043,97045,False,ok,False,False,
derived-resource-v3,interactive-discover-3,discover,3,2,5,54,54,c6f1026b5b378b95fed1b609efe82a86,82796,0.6522054205517174,179.0,54,82793,82795,False,ok,False,False,
derived-resource-v3,interactive-discover-3,discover,3,3,5,196,196,3103aacb8c0b38645fd73f8b05191c84,168859,1.1607317347609543,425.0,196,168845,168858,False,ok,False,False,
derived-resource-v3,interactive-discover-3,discover,3,4,5,137,137,922f2cfc8273304ad1f823de44367223,117283,1.1681147310351885,365.0,137,117278,117282,False,ok,False,False,
derived-resource-v3,interactive-discover-4,discover,4,0,0,5,5,3112eede040aaa01aedc457789eed356,2018,2.4777006937561943,107.0,5,2017,2017,False,ok,False,False,
derived-resource-v3,interactive-discover-4,discover,4,1,0,3,3,cd6f381a6281527b1dbda2f21a1a702a,824,3.6407766990291264,19.0,3,823,823,False,ok,False,False,
derived-resource-v3,interactive-discover-4,discover,4,2,0,3,3,ed1ebad4adf97e9e94be0ca88af2d8bb,728,4.120879120879121,19.0,3,727,728,False,ok,False,False,
derived-resource-v3,interactive-discover-4,discover,4,3,0,3,3,16a10be88d7ff874026ce66a4e993ecb,1111,2.7002700270027002,23.0,3,1111,1111,False,ok,False,False,
derived-resource-v3,interactive-discover-4,discover,4,4,0,7,7,d0ef3bb68aa278a8f97f329adee97dd8,1655,4.229607250755287,103.0,7,1654,1654,False,ok,False,False,
derived-resource-v3,interactive-discover-4,discover,4,0,1,5,5,3112eede040aaa01aedc457789eed356,1363,3.668378576669112,107.0,5,1362,1362,False,ok,False,False,
derived-resource-v3,interactive-discover-4,discover,4,1,1,3,3,cd6f381a6281527b1dbda2f21a1a702a,607,4.942339373970346,19.0,3,605,605,False,ok,False,False,
derived-resource-v3,interactive-discover-4,discover,4,2,1,3,3,ed1ebad4adf97e9e94be0ca88af2d8bb,617,4.862236628849271,19.0,3,616,616,False,ok,False,False,
derived-resource-v3,interactive-discover-4,discover,4,3,1,3,3,16a10be88d7ff874026ce66a4e993ecb,688,4.36046511627907,23.0,3,687,687,False,ok,False,False,
derived-resource-v3,interactive-discover-4,discover,4,4,1,7,7,d0ef3bb68aa278a8f97f329adee97dd8,1303,5.372217958557176,103.0,7,1302,1302,False,ok,False,False,
derived-resource-v3,interactive-discover-4,discover,4,0,2,5,5,3112eede040aaa01aedc457789eed356,1186,4.2158516020236085,107.0,5,1185,1185,False,ok,False,False,
derived-resource-v3,interactive-discover-4,discover,4,1,2,3,3,cd6f381a6281527b1dbda2f21a1a702a,642,4.672897196261682,19.0,3,641,641,False,ok,False,False,
derived-resource-v3,interactive-discover-4,discover,4,2,2,3,3,ed1ebad4adf97e9e94be0ca88af2d8bb,570,5.2631578947368425,19.0,3,569,569,False,ok,False,False,
derived-resource-v3,interactive-discover-4,discover,4,3,2,3,3,16a10be88d7ff874026ce66a4e993ecb,766,3.91644908616188,23.0,3,765,765,False,ok,False,False,
derived-resource-v3,interactive-discover-4,discover,4,4,2,7,7,d0ef3bb68aa278a8f97f329adee97dd8,1351,5.181347150259067,103.0,7,1350,1350,False,ok,False,False,
derived-resource-v3,interactive-discover-4,discover,4,0,3,5,5,3112eede040aaa01aedc457789eed356,1174,4.258943781942079,107.0,5,1173,1173,False,ok,False,False,
derived-resource-v3,interactive-discover-4,discover,4,1,3,3,3,cd6f381a6281527b1dbda2f21a1a702a,598,5.016722408026756,19.0,3,597,597,False,ok,False,False,
derived-resource-v3,interactive-discover-4,discover,4,2,3,3,3,ed1ebad4adf97e9e94be0ca88af2d8bb,645,4.651162790697675,19.0,3,644,644,False,ok,False,False,
derived-resource-v3,interactive-discover-4,discover,4,3,3,3,3,16a10be88d7ff874026ce66a4e993ecb,718,4.178272980501393,23.0,3,717,717,False,ok,False,False,
derived-resource-v3,interactive-discover-4,discover,4,4,3,7,7,d0ef3bb68aa278a8f97f329adee97dd8,1339,5.227781926811053,103.0,7,1338,1338,False,ok,False,False,
derived-resource-v3,interactive-discover-4,discover,4,0,4,5,5,3112eede040aaa01aedc457789eed356,1251,3.9968025579536373,107.0,5,1250,1250,False,ok,False,False,
derived-resource-v3,interactive-discover-4,discover,4,1,4,3,3,cd6f381a6281527b1dbda2f21a1a702a,597,5.025125628140704,19.0,3,596,596,False,ok,False,False,
derived-resource-v3,interactive-discover-4,discover,4,2,4,3,3,ed1ebad4adf97e9e94be0ca88af2d8bb,606,4.9504950495049505,19.0,3,605,605,False,ok,False,False,
derived-resource-v3,interactive-discover-4,discover,4,3,4,3,3,16a10be88d7ff874026ce66a4e993ecb,695,4.316546762589929,23.0,3,694,694,False,ok,False,False,
derived-resource-v3,interactive-discover-4,discover,4,4,4,7,7,d0ef3bb68aa278a8f97f329adee97dd8,1322,5.29500756429652,103.0,7,1321,1321,False,ok,False,False,
derived-resource-v3,interactive-discover-4,discover,4,0,5,5,5,3112eede040aaa01aedc457789eed356,1201,4.163197335553705,107.0,5,1200,1200,False,ok,False,False,
derived-resource-v3,interactive-discover-4,discover,4,1,5,3,3,cd6f381a6281527b1dbda2f21a1a702a,663,4.524886877828054,19.0,3,662,662,False,ok,False,False,
derived-resource-v3,interactive-discover-4,discover,4,2,5,3,3,ed1ebad4adf97e9e94be0ca88af2d8bb,638,4.702194357366771,19.0,3,636,637,False,ok,False,False,
derived-resource-v3,interactive-discover-4,discover,4,3,5,3,3,16a10be88d7ff874026ce66a4e993ecb,755,3.9735099337748343,23.0,3,754,754,False,ok,False,False,
derived-resource-v3,interactive-discover-4,discover,4,4,5,7,7,d0ef3bb68aa278a8f97f329adee97dd8,1342,5.216095380029806,103.0,7,1341,1341,False,ok,False,False,
derived-resource-v3,interactive-discover-5,discover,5,0,0,15,15,cab888487e7572de37a55f0e8c3ec060,1058,14.177693761814744,74.0,15,522,593,False,ok,False,False,
derived-resource-v3,interactive-discover-5,discover,5,1,0,3,3,7fc43bb183e4fb0238576536413c6c45,580,5.172413793103448,10.0,3,364,373,False,ok,False,False,
derived-resource-v3,interactive-discover-5,discover,5,2,0,3,3,2543010e761cb36b6f0c3e103e58af43,588,5.1020408163265305,10.0,3,382,389,False,ok,False,False,
derived-resource-v3,interactive-discover-5,discover,5,3,0,4,4,76fc6cfa5c07ff3011e9f2d7ac2ae7e0,652,6.134969325153374,12.0,4,441,475,False,ok,False,False,
derived-resource-v3,interactive-discover-5,discover,5,4,0,20,20,880a30fb8a9114b4807acb78d9e7d141,1086,18.416206261510126,62.0,20,503,578,False,ok,False,False,
derived-resource-v3,interactive-discover-5,discover,5,0,1,15,15,cab888487e7572de37a55f0e8c3ec060,1074,13.966480446927374,74.0,15,461,530,False,ok,False,False,
derived-resource-v3,interactive-discover-5,discover,5,1,1,3,3,7fc43bb183e4fb0238576536413c6c45,569,5.272407732864675,10.0,3,371,378,False,ok,False,False,
derived-resource-v3,interactive-discover-5,discover,5,2,1,3,3,2543010e761cb36b6f0c3e103e58af43,568,5.281690140845071,10.0,3,376,383,False,ok,False,False,
derived-resource-v3,interactive-discover-5,discover,5,3,1,4,4,76fc6cfa5c07ff3011e9f2d7ac2ae7e0,640,6.25,12.0,4,434,465,False,ok,False,False,
derived-resource-v3,interactive-discover-5,discover,5,4,1,20,20,880a30fb8a9114b4807acb78d9e7d141,949,21.074815595363543,62.0,20,426,496,False,ok,False,False,
derived-resource-v3,interactive-discover-5,discover,5,0,2,15,15,cab888487e7572de37a55f0e8c3ec060,1064,14.097744360902254,74.0,15,417,483,False,ok,False,False,
derived-resource-v3,interactive-discover-5,discover,5,1,2,3,3,7fc43bb183e4fb0238576536413c6c45,600,5.0,10.0,3,393,400,False,ok,False,False,
derived-resource-v3,interactive-discover-5,discover,5,2,2,3,3,2543010e761cb36b6f0c3e103e58af43,577,5.199306759098787,10.0,3,389,394,False,ok,False,False,
derived-resource-v3,interactive-discover-5,discover,5,3,2,4,4,76fc6cfa5c07ff3011e9f2d7ac2ae7e0,608,6.578947368421053,12.0,4,398,427,False,ok,False,False,
derived-resource-v3,interactive-discover-5,discover,5,4,2,20,20,880a30fb8a9114b4807acb78d9e7d141,943,21.208907741251327,62.0,20,413,510,False,ok,False,False,
derived-resource-v3,interactive-discover-5,discover,5,0,3,15,15,cab888487e7572de37a55f0e8c3ec060,1077,13.92757660167131,74.0,15,453,525,False,ok,False,False,
derived-resource-v3,interactive-discover-5,discover,5,1,3,3,3,7fc43bb183e4fb0238576536413c6c45,601,4.9916805324459235,10.0,3,383,389,False,ok,False,False,
derived-resource-v3,interactive-discover-5,discover,5,2,3,3,3,2543010e761cb36b6f0c3e103e58af43,550,5.454545454545454,10.0,3,353,358,False,ok,False,False,
derived-resource-v3,interactive-discover-5,discover,5,3,3,4,4,76fc6cfa5c07ff3011e9f2d7ac2ae7e0,632,6.329113924050633,12.0,4,417,448,False,ok,False,False,
derived-resource-v3,interactive-discover-5,discover,5,4,3,20,20,880a30fb8a9114b4807acb78d9e7d141,997,20.060180541624874,62.0,20,471,540,False,ok,False,False,
derived-resource-v3,interactive-discover-5,discover,5,0,4,15,15,cab888487e7572de37a55f0e8c3ec060,1072,13.992537313432836,74.0,15,454,519,False,ok,False,False,
derived-resource-v3,interactive-discover-5,discover,5,1,4,3,3,7fc43bb183e4fb0238576536413c6c45,605,4.958677685950414,10.0,3,390,399,False,ok,False,False,
derived-resource-v3,interactive-discover-5,discover,5,2,4,3,3,2543010e761cb36b6f0c3e103e58af43,576,5.208333333333334,10.0,3,374,378,False,ok,False,False,
derived-resource-v3,interactive-discover-5,discover,5,3,4,4,4,76fc6cfa5c07ff3011e9f2d7ac2ae7e0,627,6.379585326953748,12.0,4,413,443,False,ok,False,False,
derived-resource-v3,interactive-discover-5,discover,5,4,4,20,20,880a30fb8a9114b4807acb78d9e7d141,984,20.32520325203252,62.0,20,470,540,False,ok,False,False,
derived-resource-v3,interactive-discover-5,discover,5,0,5,15,15,cab888487e7572de37a55f0e8c3ec060,1087,13.799448022079117,74.0,15,452,517,False,ok,False,False,
derived-resource-v3,interactive-discover-5,discover,5,1,5,3,3,7fc43bb183e4fb0238576536413c6c45,600,5.0,10.0,3,390,397,False,ok,False,False,
derived-resource-v3,interactive-discover-5,discover,5,2,5,3,3,2543010e761cb36b6f0c3e103e58af43,584,5.136986301369864,10.0,3,389,394,False,ok,False,False,
derived-resource-v3,interactive-discover-5,discover,5,3,5,4,4,76fc6cfa5c07ff3011e9f2d7ac2ae7e0,614,6.514657980456026,12.0,4,405,436,False,ok,False,False,
derived-resource-v3,interactive-discover-5,discover,5,4,5,20,20,880a30fb8a9114b4807acb78d9e7d141,987,20.26342451874367,62.0,20,453,519,False,ok,False,False,
derived-resource-v3,interactive-discover-6,discover,6,0,0,33,33,240c19f39eed1e3ac67718ff57b63a0d,115608,0.28544737388416025,10421.0,33,522,1084,False,ok,False,False,
derived-resource-v3,interactive-discover-6,discover,6,1,0,1,1,cd3466cc43b32ce51d8f13d5516f2ef2,634,1.5772870662460567,11.0,1,519,519,False,ok,False,False,
derived-resource-v3,interactive-discover-6,discover,6,2,0,1,1,29960679941029d6a70f26d6904d3728,645,1.5503875968992247,11.0,1,535,535,False,ok,False,False,
derived-resource-v3,interactive-discover-6,discover,6,3,0,2,2,dda32920d34bcd8a1bf9ed13c89c4b4d,114797,0.01742205806771954,10419.0,2,572,596,False,ok,False,False,
derived-resource-v3,interactive-discover-6,discover,6,4,0,27,27,613936d3d666a311d54e99e3a8f9cdad,1112,24.280575539568343,63.0,27,690,830,False,ok,False,False,
derived-resource-v3,interactive-discover-6,discover,6,0,1,33,33,240c19f39eed1e3ac67718ff57b63a0d,115923,0.2846717217463316,10421.0,33,787,1011,False,ok,False,False,
derived-resource-v3,interactive-discover-6,discover,6,1,1,1,1,cd3466cc43b32ce51d8f13d5516f2ef2,625,1.6,11.0,1,519,519,False,ok,False,False,
derived-resource-v3,interactive-discover-6,discover,6,2,1,1,1,29960679941029d6a70f26d6904d3728,620,1.6129032258064517,11.0,1,515,515,False,ok,False,False,
derived-resource-v3,interactive-discover-6,discover,6,3,1,2,2,dda32920d34bcd8a1bf9ed13c89c4b4d,114010,0.01754232084904833,10419.0,2,567,578,False,ok,False,False,
derived-resource-v3,interactive-discover-6,discover,6,4,1,27,27,613936d3d666a311d54e99e3a8f9cdad,1147,23.539668700959023,63.0,27,773,893,False,ok,False,False,
derived-resource-v3,interactive-discover-6,discover,6,0,2,33,33,240c19f39eed1e3ac67718ff57b63a0d,115982,0.2845269093480023,10421.0,33,796,973,False,ok,False,False,
derived-resource-v3,interactive-discover-6,discover,6,1,2,1,1,cd3466cc43b32ce51d8f13d5516f2ef2,608,1.6447368421052633,11.0,1,507,507,False,ok,False,False,
derived-resource-v3,interactive-discover-6,discover,6,2,2,1,1,29960679941029d6a70f26d6904d3728,609,1.6420361247947455,11.0,1,500,500,False,ok,False,False,
derived-resource-v3,interactive-discover-6,discover,6,3,2,2,2,dda32920d34bcd8a1bf9ed13c89c4b4d,116882,0.01711127461884636,10419.0,2,572,594,False,ok,False,False,
derived-resource-v3,interactive-discover-6,discover,6,4,2,27,27,613936d3d666a311d54e99e3a8f9cdad,1123,24.04274265360641,63.0,27,730,844,False,ok,False,False,
derived-resource-v3,interactive-discover-6,discover,6,0,3,33,33,240c19f39eed1e3ac67718ff57b63a0d,115485,0.28575139628523183,10421.0,33,833,1014,False,ok,False,False,
derived-resource-v3,interactive-discover-6,discover,6,1,3,1,1,cd3466cc43b32ce51d8f13d5516f2ef2,566,1.76678445229682,11.0,1,476,476,False,ok,False,False,
derived-resource-v3,interactive-discover-6,discover,6,2,3,1,1,29960679941029d6a70f26d6904d3728,619,1.6155088852988693,11.0,1,505,505,False,ok,False,False,
derived-resource-v3,interactive-discover-6,discover,6,3,3,2,2,dda32920d34bcd8a1bf9ed13c89c4b4d,120037,0.016661529361780118,10419.0,2,594,613,False,ok,False,False,
derived-resource-v3,interactive-discover-6,discover,6,4,3,27,27,613936d3d666a311d54e99e3a8f9cdad,1120,24.107142857142854,63.0,27,696,910,False,ok,False,False,
derived-resource-v3,interactive-discover-6,discover,6,0,4,33,33,240c19f39eed1e3ac67718ff57b63a0d,115532,0.2856351487033895,10421.0,33,759,929,False,ok,False,False,
derived-resource-v3,interactive-discover-6,discover,6,1,4,1,1,cd3466cc43b32ce51d8f13d5516f2ef2,651,1.5360983102918586,11.0,1,528,528,False,ok,False,False,
derived-resource-v3,interactive-discover-6,discover,6,2,4,1,1,29960679941029d6a70f26d6904d3728,626,1.597444089456869,11.0,1,524,524,False,ok,False,False,
derived-resource-v3,interactive-discover-6,discover,6,3,4,2,2,dda32920d34bcd8a1bf9ed13c89c4b4d,113962,0.01754970955230691,10419.0,2,558,577,False,ok,False,False,
derived-resource-v3,interactive-discover-6,discover,6,4,4,27,27,613936d3d666a311d54e99e3a8f9cdad,1065,25.35211267605634,63.0,27,699,821,False,ok,False,False,
derived-resource-v3,interactive-discover-6,discover,6,0,5,33,33,240c19f39eed1e3ac67718ff57b63a0d,116913,0.28226116856123784,10421.0,33,867,1044,False,ok,False,False,
derived-resource-v3,interactive-discover-6,discover,6,1,5,1,1,cd3466cc43b32ce51d8f13d5516f2ef2,617,1.6207455429497568,11.0,1,498,498,False,ok,False,False,
derived-resource-v3,interactive-discover-6,discover,6,2,5,1,1,29960679941029d6a70f26d6904d3728,633,1.5797788309636651,11.0,1,520,520,False,ok,False,False,
derived-resource-v3,interactive-discover-6,discover,6,3,5,2,2,dda32920d34bcd8a1bf9ed13c89c4b4d,113806,0.017573765882290916,10419.0,2,596,598,False,ok,False,False,
derived-resource-v3,interactive-discover-6,discover,6,4,5,27,27,613936d3d666a311d54e99e3a8f9cdad,1141,23.663453111305873,63.0,27,680,910,False,ok,False,False,
derived-resource-v3,interactive-discover-7,discover,7,0,0,2,2,d8614c4f7b4fe0cc2f1623d07244cf20,300129,0.0066638012321368475,,2,731,2483,True,timeout,True,False,"Unexpected ""!"" at position 0 in state STOP"
derived-resource-v3,interactive-discover-7,discover,7,1,0,1,1,75ab2bd12ac1e16dcc02f8c9e8d97308,1229,0.8136696501220504,12.0,1,1108,1108,False,ok,False,False,
derived-resource-v3,interactive-discover-7,discover,7,2,0,1,1,faf54113a5297c559416a2dd78b9cc86,778,1.2853470437017995,12.0,1,662,662,False,ok,False,False,
derived-resource-v3,interactive-discover-7,discover,7,3,0,2,2,d2faccc09255b3a49e90b46ed45ffe1d,300008,0.006666488893629504,,2,674,1374,True,timeout,True,False,"Unexpected ""!"" at position 0 in state STOP"
derived-resource-v3,interactive-discover-7,discover,7,4,0,1,1,3ee14484ce425fdbae40700cdd59c0d2,2355,0.42462845010615713,64.0,1,1447,1447,False,ok,False,False,
derived-resource-v3,interactive-discover-7,discover,7,0,1,2,2,d8614c4f7b4fe0cc2f1623d07244cf20,300009,0.006666466672666486,,2,1196,3551,True,timeout,True,False,"Unexpected ""!"" at position 0 in state STOP"
derived-resource-v3,interactive-discover-7,discover,7,1,1,1,1,75ab2bd12ac1e16dcc02f8c9e8d97308,1208,0.8278145695364238,12.0,1,1092,1092,False,ok,False,False,
derived-resource-v3,interactive-discover-7,discover,7,2,1,1,1,faf54113a5297c559416a2dd78b9cc86,797,1.2547051442910915,12.0,1,680,680,False,ok,False,False,
derived-resource-v3,interactive-discover-7,discover,7,3,1,2,2,d2faccc09255b3a49e90b46ed45ffe1d,300070,0.006665111473989403,,2,778,3104,True,timeout,True,False,"Unexpected ""!"" at position 0 in state STOP"
derived-resource-v3,interactive-discover-7,discover,7,4,1,1,1,3ee14484ce425fdbae40700cdd59c0d2,6808,0.14688601645123384,64.0,1,1799,1799,False,ok,False,False,
derived-resource-v3,interactive-discover-7,discover,7,0,2,2,2,d8614c4f7b4fe0cc2f1623d07244cf20,300042,0.00666573346398171,,2,1221,3347,True,timeout,True,False,"Unexpected ""!"" at position 0 in state STOP"
derived-resource-v3,interactive-discover-7,discover,7,1,2,1,1,75ab2bd12ac1e16dcc02f8c9e8d97308,1143,0.8748906386701663,12.0,1,1028,1028,False,ok,False,False,
derived-resource-v3,interactive-discover-7,discover,7,2,2,1,1,faf54113a5297c559416a2dd78b9cc86,702,1.4245014245014247,12.0,1,600,600,False,ok,False,False,
derived-resource-v3,interactive-discover-7,discover,7,3,2,2,2,d2faccc09255b3a49e90b46ed45ffe1d,300009,0.006666466672666486,,2,787,3731,True,timeout,True,False,"Unexpected ""!"" at position 0 in state STOP"
derived-resource-v3,interactive-discover-7,discover,7,4,2,1,1,3ee14484ce425fdbae40700cdd59c0d2,2336,0.42808219178082196,64.0,1,1850,1850,False,ok,False,False,
derived-resource-v3,interactive-discover-7,discover,7,0,3,2,2,d8614c4f7b4fe0cc2f1623d07244cf20,300009,0.006666466672666486,,2,1033,3306,True,timeout,True,False,"Unexpected ""!"" at position 0 in state STOP"
derived-resource-v3,interactive-discover-7,discover,7,1,3,1,1,75ab2bd12ac1e16dcc02f8c9e8d97308,1185,0.8438818565400843,12.0,1,1069,1069,False,ok,False,False,
derived-resource-v3,interactive-discover-7,discover,7,2,3,1,1,faf54113a5297c559416a2dd78b9cc86,782,1.278772378516624,12.0,1,680,680,False,ok,False,False,
derived-resource-v3,interactive-discover-7,discover,7,3,3,2,2,d2faccc09255b3a49e90b46ed45ffe1d,300009,0.006666466672666486,,2,795,2518,True,timeout,True,False,"Unexpected ""!"" at position 0 in state STOP"
derived-resource-v3,interactive-discover-7,discover,7,4,3,1,1,3ee14484ce425fdbae40700cdd59c0d2,2086,0.4793863854266539,64.0,1,1383,1383,False,ok,False,False,
derived-resource-v3,interactive-discover-7,discover,7,0,4,2,2,d8614c4f7b4fe0cc2f1623d07244cf20,300172,0.006662846634596165,,2,950,3299,True,timeout,True,False,"Unexpected ""!"" at position 0 in state STOP"
derived-resource-v3,interactive-discover-7,discover,7,1,4,1,1,75ab2bd12ac1e16dcc02f8c9e8d97308,1140,0.8771929824561404,12.0,1,1029,1029,False,ok,False,False,
derived-resource-v3,interactive-discover-7,discover,7,2,4,1,1,faf54113a5297c559416a2dd78b9cc86,784,1.2755102040816326,12.0,1,669,669,False,ok,False,False,
derived-resource-v3,interactive-discover-7,discover,7,3,4,2,2,d2faccc09255b3a49e90b46ed45ffe1d,301959,0.006623415761742488,,2,702,2611,True,timeout,True,False,"Unexpected ""!"" at position 0 in state STOP"
derived-resource-v3,interactive-discover-7,discover,7,4,4,1,1,3ee14484ce425fdbae40700cdd59c0d2,2102,0.4757373929590866,64.0,1,1383,1383,False,ok,False,False,
derived-resource-v3,interactive-discover-7,discover,7,0,5,2,2,d8614c4f7b4fe0cc2f1623d07244cf20,300009,0.006666466672666486,,2,886,3082,True,timeout,True,False,"Unexpected ""!"" at position 0 in state STOP"
derived-resource-v3,interactive-discover-7,discover,7,1,5,1,1,75ab2bd12ac1e16dcc02f8c9e8d97308,1208,0.8278145695364238,12.0,1,1082,1082,False,ok,False,False,
derived-resource-v3,interactive-discover-7,discover,7,2,5,1,1,faf54113a5297c559416a2dd78b9cc86,716,1.3966480446927374,12.0,1,610,610,False,ok,False,False,
derived-resource-v3,interactive-discover-7,discover,7,3,5,2,2,d2faccc09255b3a49e90b46ed45ffe1d,301475,0.006634049257815739,,2,808,2876,True,timeout,True,False,"Unexpected ""!"" at position 0 in state STOP"
derived-resource-v3,interactive-discover-7,discover,7,4,5,1,1,3ee14484ce425fdbae40700cdd59c0d2,2122,0.471253534401508,64.0,1,1429,1429,False,ok,False,False,
derived-resource-v3,interactive-discover-8,discover,8,0,0,10,10,fd21fe335815de38a9bc703a440db0d5,1730,5.780346820809249,28.0,10,487,1724,False,ok,False,False,
derived-resource-v3,interactive-discover-8,discover,8,1,0,10,10,ebb47d8ca6e932b6fbd3918e5b7aad4d,691,14.471780028943561,14.0,10,667,688,False,ok,False,False,
derived-resource-v3,interactive-discover-8,discover,8,2,0,10,10,fd6a8fe6cd8b9d8efdcef4f212ff5f16,626,15.97444089456869,15.0,10,567,623,False,ok,False,False,
derived-resource-v3,interactive-discover-8,discover,8,3,0,10,10,c4e3444c71cccadcbcda6514c83ee40c,2788,3.586800573888092,38.0,10,2731,2735,False,ok,False,False,
derived-resource-v3,interactive-discover-8,discover,8,4,0,10,10,b138d8159ed8751cac04f536b31e1a05,591,16.920473773265652,13.0,10,551,586,False,ok,False,False,
derived-resource-v3,interactive-discover-8,discover,8,0,1,10,10,fd21fe335815de38a9bc703a440db0d5,1095,9.132420091324201,25.0,10,1006,1092,False,ok,False,False,
derived-resource-v3,interactive-discover-8,discover,8,1,1,10,10,a832d2b766eb38488b55b77c4de7df92,342,29.23976608187134,11.0,10,330,341,False,ok,False,False,
derived-resource-v3,interactive-discover-8,discover,8,2,1,10,10,fd6a8fe6cd8b9d8efdcef4f212ff5f16,358,27.932960893854748,11.0,10,345,357,False,ok,False,False,
derived-resource-v3,interactive-discover-8,discover,8,3,1,10,10,c4e3444c71cccadcbcda6514c83ee40c,937,10.672358591248665,20.0,10,907,931,False,ok,False,False,
derived-resource-v3,interactive-discover-8,discover,8,4,1,10,10,b138d8159ed8751cac04f536b31e1a05,476,21.008403361344538,14.0,10,471,474,False,ok,False,False,
derived-resource-v3,interactive-discover-8,discover,8,0,2,10,10,bb71a2c609d69621c29d6ac5e530728c,690,14.492753623188406,18.0,10,603,682,False,ok,False,False,
derived-resource-v3,interactive-discover-8,discover,8,1,2,10,10,a832d2b766eb38488b55b77c4de7df92,273,36.63003663003663,10.0,10,261,272,False,ok,False,False,
derived-resource-v3,interactive-discover-8,discover,8,2,2,10,10,fd6a8fe6cd8b9d8efdcef4f212ff5f16,347,28.818443804034583,11.0,10,335,346,False,ok,False,False,
derived-resource-v3,interactive-discover-8,discover,8,3,2,10,10,c4e3444c71cccadcbcda6514c83ee40c,1009,9.910802775024777,23.0,10,873,1004,False,ok,False,False,
derived-resource-v3,interactive-discover-8,discover,8,4,2,10,10,b138d8159ed8751cac04f536b31e1a05,488,20.491803278688526,14.0,10,485,487,False,ok,False,False,
derived-resource-v3,interactive-discover-8,discover,8,0,3,10,10,bb71a2c609d69621c29d6ac5e530728c,649,15.408320493066256,16.0,10,594,645,False,ok,False,False,
derived-resource-v3,interactive-discover-8,discover,8,1,3,10,10,a832d2b766eb38488b55b77c4de7df92,278,35.97122302158273,9.0,10,259,276,False,ok,False,False,
derived-resource-v3,interactive-discover-8,discover,8,2,3,10,10,fd6a8fe6cd8b9d8efdcef4f212ff5f16,306,32.6797385620915,11.0,10,298,305,False,ok,False,False,
derived-resource-v3,interactive-discover-8,discover,8,3,3,10,10,c4e3444c71cccadcbcda6514c83ee40c,1204,8.305647840531561,27.0,10,433,1198,False,ok,False,False,
derived-resource-v3,interactive-discover-8,discover,8,4,3,10,10,2cc6079c9cce80ae89cb92d5da7a89fa,509,19.646365422396855,12.0,10,506,508,False,ok,False,False,
derived-resource-v3,interactive-discover-8,discover,8,0,4,10,10,bb71a2c609d69621c29d6ac5e530728c,499,20.04008016032064,13.0,10,392,497,False,ok,False,False,
derived-resource-v3,interactive-discover-8,discover,8,1,4,10,10,0728737df2b06e526edea9c240a11a2a,584,17.123287671232877,12.0,10,564,583,False,ok,False,False,
derived-resource-v3,interactive-discover-8,discover,8,2,4,10,10,fd6a8fe6cd8b9d8efdcef4f212ff5f16,348,28.73563218390805,13.0,10,341,347,False,ok,False,False,
derived-resource-v3,interactive-discover-8,discover,8,3,4,10,10,f38f667d28e42450cbec0f72f601d8a9,1938,5.159958720330238,33.0,10,1929,1931,False,ok,False,False,
derived-resource-v3,interactive-discover-8,discover,8,4,4,10,10,b138d8159ed8751cac04f536b31e1a05,415,24.096385542168676,17.0,10,412,413,False,ok,False,False,
derived-resource-v3,interactive-discover-8,discover,8,0,5,10,10,bb71a2c609d69621c29d6ac5e530728c,666,15.015015015015015,17.0,10,525,663,False,ok,False,False,
derived-resource-v3,interactive-discover-8,discover,8,1,5,10,10,a832d2b766eb38488b55b77c4de7df92,319,31.34796238244514,8.0,10,309,318,False,ok,False,False,
derived-resource-v3,interactive-discover-8,discover,8,2,5,10,10,fd6a8fe6cd8b9d8efdcef4f212ff5f16,311,32.154340836012864,11.0,10,305,310,False,ok,False,False,
derived-resource-v3,interactive-discover-8,discover,8,3,5,10,10,2cda7965708f0f47b9157872b628ca77,1480,6.756756756756757,30.0,10,891,1472,False,ok,False,False,
derived-resource-v3,interactive-discover-8,discover,8,4,5,10,10,a27c570ecc08dc4d6b2db18d70e16f4c,529,18.90359168241966,12.0,10,527,527,False,ok,False,False,
derived-resource-v3,interactive-short-1,short,1,0,0,1,1,6b641713c69378408c911f18ba9ba38b,1573,0.6357279084551812,80.0,1,637,637,False,ok,False,False,
derived-resource-v3,interactive-short-1,short,1,1,0,1,1,f02ab3570928d3fc74a51ceb7a4a39ac,785,1.2738853503184713,14.0,1,417,417,False,ok,False,False,
derived-resource-v3,interactive-short-1,short,1,2,0,1,1,ff4ea17b4281fdba2a7a842efe3a722a,821,1.218026796589525,14.0,1,467,467,False,ok,False,False,
derived-resource-v3,interactive-short-1,short,1,3,0,1,1,64191c6d5f502dc3f35888f44214ade1,855,1.1695906432748537,16.0,1,446,446,False,ok,False,False,
derived-resource-v3,interactive-short-1,short,1,4,0,1,1,d8972c3dd7a9ab1cc6d9b0773f1037c3,1179,0.8481764206955046,66.0,1,490,490,False,ok,False,False,
derived-resource-v3,interactive-short-1,short,1,0,1,1,1,6b641713c69378408c911f18ba9ba38b,1353,0.7390983000739099,78.0,1,500,500,False,ok,False,False,
derived-resource-v3,interactive-short-1,short,1,1,1,1,1,f02ab3570928d3fc74a51ceb7a4a39ac,719,1.3908205841446455,14.0,1,375,375,False,ok,False,False,
derived-resource-v3,interactive-short-1,short,1,2,1,1,1,ff4ea17b4281fdba2a7a842efe3a722a,770,1.2987012987012987,14.0,1,410,410,False,ok,False,False,
derived-resource-v3,interactive-short-1,short,1,3,1,1,1,64191c6d5f502dc3f35888f44214ade1,762,1.3123359580052494,16.0,1,459,459,False,ok,False,False,
derived-resource-v3,interactive-short-1,short,1,4,1,1,1,d8972c3dd7a9ab1cc6d9b0773f1037c3,1197,0.835421888053467,66.0,1,501,501,False,ok,False,False,
derived-resource-v3,interactive-short-1,short,1,0,2,1,1,6b641713c69378408c911f18ba9ba38b,1260,0.7936507936507936,78.0,1,474,474,False,ok,False,False,
derived-resource-v3,interactive-short-1,short,1,1,2,1,1,f02ab3570928d3fc74a51ceb7a4a39ac,703,1.4224751066856332,14.0,1,357,357,False,ok,False,False,
derived-resource-v3,interactive-short-1,short,1,2,2,1,1,ff4ea17b4281fdba2a7a842efe3a722a,694,1.4409221902017293,14.0,1,365,365,False,ok,False,False,
derived-resource-v3,interactive-short-1,short,1,3,2,1,1,64191c6d5f502dc3f35888f44214ade1,765,1.3071895424836601,16.0,1,408,408,False,ok,False,False,
derived-resource-v3,interactive-short-1,short,1,4,2,1,1,d8972c3dd7a9ab1cc6d9b0773f1037c3,1200,0.8333333333333334,66.0,1,499,499,False,ok,False,False,
derived-resource-v3,interactive-short-1,short,1,0,3,1,1,6b641713c69378408c911f18ba9ba38b,1137,0.8795074758135444,78.0,1,469,469,False,ok,False,False,
derived-resource-v3,interactive-short-1,short,1,1,3,1,1,f02ab3570928d3fc74a51ceb7a4a39ac,683,1.4641288433382136,14.0,1,345,345,False,ok,False,False,
derived-resource-v3,interactive-short-1,short,1,2,3,1,1,ff4ea17b4281fdba2a7a842efe3a722a,711,1.4064697609001406,14.0,1,369,369,False,ok,False,False,
derived-resource-v3,interactive-short-1,short,1,3,3,1,1,64191c6d5f502dc3f35888f44214ade1,805,1.2422360248447204,16.0,1,427,427,False,ok,False,False,
derived-resource-v3,interactive-short-1,short,1,4,3,1,1,d8972c3dd7a9ab1cc6d9b0773f1037c3,1187,0.8424599831508003,66.0,1,488,488,False,ok,False,False,
derived-resource-v3,interactive-short-1,short,1,0,4,1,1,6b641713c69378408c911f18ba9ba38b,1346,0.7429420505200593,78.0,1,445,445,False,ok,False,False,
derived-resource-v3,interactive-short-1,short,1,1,4,1,1,f02ab3570928d3fc74a51ceb7a4a39ac,745,1.342281879194631,14.0,1,379,379,False,ok,False,False,
derived-resource-v3,interactive-short-1,short,1,2,4,1,1,ff4ea17b4281fdba2a7a842efe3a722a,683,1.4641288433382136,14.0,1,353,353,False,ok,False,False,
derived-resource-v3,interactive-short-1,short,1,3,4,1,1,64191c6d5f502dc3f35888f44214ade1,831,1.203369434416366,16.0,1,452,452,False,ok,False,False,
derived-resource-v3,interactive-short-1,short,1,4,4,1,1,d8972c3dd7a9ab1cc6d9b0773f1037c3,1162,0.8605851979345955,66.0,1,470,470,False,ok,False,False,
derived-resource-v3,interactive-short-1,short,1,0,5,1,1,6b641713c69378408c911f18ba9ba38b,1267,0.7892659826361484,78.0,1,482,482,False,ok,False,False,
derived-resource-v3,interactive-short-1,short,1,1,5,1,1,f02ab3570928d3fc74a51ceb7a4a39ac,729,1.3717421124828533,14.0,1,387,387,False,ok,False,False,
derived-resource-v3,interactive-short-1,short,1,2,5,1,1,ff4ea17b4281fdba2a7a842efe3a722a,677,1.4771048744460855,14.0,1,356,356,False,ok,False,False,
derived-resource-v3,interactive-short-1,short,1,3,5,1,1,64191c6d5f502dc3f35888f44214ade1,806,1.2406947890818858,16.0,1,407,407,False,ok,False,False,
derived-resource-v3,interactive-short-1,short,1,4,5,1,1,d8972c3dd7a9ab1cc6d9b0773f1037c3,1239,0.8071025020177562,66.0,1,557,557,False,ok,False,False,
derived-resource-v3,interactive-short-2,short,2,0,0,0,0,d41d8cd98f00b204e9800998ecf8427e,17,0.0,,0,,,True,unsupported,False,True,"Invalid SPARQL endpoint response from http://localhost:3001/sparql (HTTP status 400):
Query operation processing failed: none of the configured actors were able to handle the operation type nodes
    Error messages of failing actors:
        Actor urn:comunica:default:query-operation/actors#source does not accept the operation nodes.
"
derived-resource-v3,interactive-short-2,short,2,1,0,0,0,d41d8cd98f00b204e9800998ecf8427e,11,0.0,,0,,,True,unsupported,False,True,"Invalid SPARQL endpoint response from http://localhost:3001/sparql (HTTP status 400):
Query operation processing failed: none of the configured actors were able to handle the operation type nodes
    Error messages of failing actors:
        Actor urn:comunica:default:query-operation/actors#source does not accept the operation nodes.
"
derived-resource-v3,interactive-short-2,short,2,2,0,0,0,d41d8cd98f00b204e9800998ecf8427e,11,0.0,,0,,,True,unsupported,False,True,"Invalid SPARQL endpoint response from http://localhost:3001/sparql (HTTP status 400):
Query operation processing failed: none of the configured actors were able to handle the operation type nodes
    Error messages of failing actors:
        Actor urn:comunica:default:query-operation/actors#source does not accept the operation nodes.
"
derived-resource-v3,interactive-short-2,short,2,3,0,0,0,d41d8cd98f00b204e9800998ecf8427e,12,0.0,,0,,,True,unsupported,False,True,"Invalid SPARQL endpoint response from http://localhost:3001/sparql (HTTP status 400):
Query operation processing failed: none of the configured actors were able to handle the operation type nodes
    Error messages of failing actors:
        Actor urn:comunica:default:query-operation/actors#source does not accept the operation nodes.
"
derived-resource-v3,interactive-short-2,short,2,4,0,0,0,d41d8cd98f00b204e9800998ecf8427e,23,0.0,,0,,,True,unsupported,False,True,"Invalid SPARQL endpoint response from http://localhost:3001/sparql (HTTP status 400):
Query operation processing failed: none of the configured actors were able to handle the operation type nodes
    Error messages of failing actors:
        Actor urn:comunica:default:query-operation/actors#source does not accept the operation nodes.
"
derived-resource-v3,interactive-short-2,short,2,0,1,0,0,d41d8cd98f00b204e9800998ecf8427e,11,0.0,,0,,,True,unsupported,False,True,"Invalid SPARQL endpoint response from http://localhost:3001/sparql (HTTP status 400):
Query operation processing failed: none of the configured actors were able to handle the operation type nodes
    Error messages of failing actors:
        Actor urn:comunica:default:query-operation/actors#source does not accept the operation nodes.
"
derived-resource-v3,interactive-short-2,short,2,1,1,0,0,d41d8cd98f00b204e9800998ecf8427e,12,0.0,,0,,,True,unsupported,False,True,"Invalid SPARQL endpoint response from http://localhost:3001/sparql (HTTP status 400):
Query operation processing failed: none of the configured actors were able to handle the operation type nodes
    Error messages of failing actors:
        Actor urn:comunica:default:query-operation/actors#source does not accept the operation nodes.
"
derived-resource-v3,interactive-short-2,short,2,2,1,0,0,d41d8cd98f00b204e9800998ecf8427e,20,0.0,,0,,,True,unsupported,False,True,"Invalid SPARQL endpoint response from http://localhost:3001/sparql (HTTP status 400):
Query operation processing failed: none of the configured actors were able to handle the operation type nodes
    Error messages of failing actors:
        Actor urn:comunica:default:query-operation/actors#source does not accept the operation nodes.
"
derived-resource-v3,interactive-short-2,short,2,3,1,0,0,d41d8cd98f00b204e9800998ecf8427e,34,0.0,,0,,,True,unsupported,False,True,"Invalid SPARQL endpoint response from http://localhost:3001/sparql (HTTP status 400):
Query operation processing failed: none of the configured actors were able to handle the operation type nodes
    Error messages of failing actors:
        Actor urn:comunica:default:query-operation/actors#source does not accept the operation nodes.
"
derived-resource-v3,interactive-short-2,short,2,4,1,0,0,d41d8cd98f00b204e9800998ecf8427e,45,0.0,,0,,,True,unsupported,False,True,"Invalid SPARQL endpoint response from http://localhost:3001/sparql (HTTP status 400):
Query operation processing failed: none of the configured actors were able to handle the operation type nodes
    Error messages of failing actors:
        Actor urn:comunica:default:query-operation/actors#source does not accept the operation nodes.
"
derived-resource-v3,interactive-short-2,short,2,0,2,0,0,d41d8cd98f00b204e9800998ecf8427e,43,0.0,,0,,,True,unsupported,False,True,"Invalid SPARQL endpoint response from http://localhost:3001/sparql (HTTP status 400):
Query operation processing failed: none of the configured actors were able to handle the operation type nodes
    Error messages of failing actors:
        Actor urn:comunica:default:query-operation/actors#source does not accept the operation nodes.
"
derived-resource-v3,interactive-short-2,short,2,1,2,0,0,d41d8cd98f00b204e9800998ecf8427e,41,0.0,,0,,,True,unsupported,False,True,"Invalid SPARQL endpoint response from http://localhost:3001/sparql (HTTP status 400):
Query operation processing failed: none of the configured actors were able to handle the operation type nodes
    Error messages of failing actors:
        Actor urn:comunica:default:query-operation/actors#source does not accept the operation nodes.
"
derived-resource-v3,interactive-short-2,short,2,2,2,0,0,d41d8cd98f00b204e9800998ecf8427e,15,0.0,,0,,,True,unsupported,False,True,"Invalid SPARQL endpoint response from http://localhost:3001/sparql (HTTP status 400):
Query operation processing failed: none of the configured actors were able to handle the operation type nodes
    Error messages of failing actors:
        Actor urn:comunica:default:query-operation/actors#source does not accept the operation nodes.
"
derived-resource-v3,interactive-short-2,short,2,3,2,0,0,d41d8cd98f00b204e9800998ecf8427e,10,0.0,,0,,,True,unsupported,False,True,"Invalid SPARQL endpoint response from http://localhost:3001/sparql (HTTP status 400):
Query operation processing failed: none of the configured actors were able to handle the operation type nodes
    Error messages of failing actors:
        Actor urn:comunica:default:query-operation/actors#source does not accept the operation nodes.
"
derived-resource-v3,interactive-short-2,short,2,4,2,0,0,d41d8cd98f00b204e9800998ecf8427e,12,0.0,,0,,,True,unsupported,False,True,"Invalid SPARQL endpoint response from http://localhost:3001/sparql (HTTP status 400):
Query operation processing failed: none of the configured actors were able to handle the operation type nodes
    Error messages of failing actors:
        Actor urn:comunica:default:query-operation/actors#source does not accept the operation nodes.
"
derived-resource-v3,interactive-short-2,short,2,0,3,0,0,d41d8cd98f00b204e9800998ecf8427e,9,0.0,,0,,,True,unsupported,False,True,"Invalid SPARQL endpoint response from http://localhost:3001/sparql (HTTP status 400):
Query operation processing failed: none of the configured actors were able to handle the operation type nodes
    Error messages of failing actors:
        Actor urn:comunica:default:query-operation/actors#source does not accept the operation nodes.
"
derived-resource-v3,interactive-short-2,short,2,1,3,0,0,d41d8cd98f00b204e9800998ecf8427e,64,0.0,,0,,,True,unsupported,False,True,"Invalid SPARQL endpoint response from http://localhost:3001/sparql (HTTP status 400):
Query operation processing failed: none of the configured actors were able to handle the operation type nodes
    Error messages of failing actors:
        Actor urn:comunica:default:query-operation/actors#source does not accept the operation nodes.
"
derived-resource-v3,interactive-short-2,short,2,2,3,0,0,d41d8cd98f00b204e9800998ecf8427e,84,0.0,,0,,,True,unsupported,False,True,"Invalid SPARQL endpoint response from http://localhost:3001/sparql (HTTP status 400):
Query operation processing failed: none of the configured actors were able to handle the operation type nodes
    Error messages of failing actors:
        Actor urn:comunica:default:query-operation/actors#source does not accept the operation nodes.
"
derived-resource-v3,interactive-short-2,short,2,3,3,0,0,d41d8cd98f00b204e9800998ecf8427e,35,0.0,,0,,,True,unsupported,False,True,"Invalid SPARQL endpoint response from http://localhost:3001/sparql (HTTP status 400):
Query operation processing failed: none of the configured actors were able to handle the operation type nodes
    Error messages of failing actors:
        Actor urn:comunica:default:query-operation/actors#source does not accept the operation nodes.
"
derived-resource-v3,interactive-short-2,short,2,4,3,0,0,d41d8cd98f00b204e9800998ecf8427e,56,0.0,,0,,,True,unsupported,False,True,"Invalid SPARQL endpoint response from http://localhost:3001/sparql (HTTP status 400):
Query operation processing failed: none of the configured actors were able to handle the operation type nodes
    Error messages of failing actors:
        Actor urn:comunica:default:query-operation/actors#source does not accept the operation nodes.
"
derived-resource-v3,interactive-short-2,short,2,0,4,0,0,d41d8cd98f00b204e9800998ecf8427e,14,0.0,,0,,,True,unsupported,False,True,"Invalid SPARQL endpoint response from http://localhost:3001/sparql (HTTP status 400):
Query operation processing failed: none of the configured actors were able to handle the operation type nodes
    Error messages of failing actors:
        Actor urn:comunica:default:query-operation/actors#source does not accept the operation nodes.
"
derived-resource-v3,interactive-short-2,short,2,1,4,0,0,d41d8cd98f00b204e9800998ecf8427e,38,0.0,,0,,,True,unsupported,False,True,"Invalid SPARQL endpoint response from http://localhost:3001/sparql (HTTP status 400):
Query operation processing failed: none of the configured actors were able to handle the operation type nodes
    Error messages of failing actors:
        Actor urn:comunica:default:query-operation/actors#source does not accept the operation nodes.
"
derived-resource-v3,interactive-short-2,short,2,2,4,0,0,d41d8cd98f00b204e9800998ecf8427e,38,0.0,,0,,,True,unsupported,False,True,"Invalid SPARQL endpoint response from http://localhost:3001/sparql (HTTP status 400):
Query operation processing failed: none of the configured actors were able to handle the operation type nodes
    Error messages of failing actors:
        Actor urn:comunica:default:query-operation/actors#source does not accept the operation nodes.
"
derived-resource-v3,interactive-short-2,short,2,3,4,0,0,d41d8cd98f00b204e9800998ecf8427e,69,0.0,,0,,,True,unsupported,False,True,"Invalid SPARQL endpoint response from http://localhost:3001/sparql (HTTP status 400):
Query operation processing failed: none of the configured actors were able to handle the operation type nodes
    Error messages of failing actors:
        Actor urn:comunica:default:query-operation/actors#source does not accept the operation nodes.
"
derived-resource-v3,interactive-short-2,short,2,4,4,0,0,d41d8cd98f00b204e9800998ecf8427e,41,0.0,,0,,,True,unsupported,False,True,"Invalid SPARQL endpoint response from http://localhost:3001/sparql (HTTP status 400):
Query operation processing failed: none of the configured actors were able to handle the operation type nodes
    Error messages of failing actors:
        Actor urn:comunica:default:query-operation/actors#source does not accept the operation nodes.
"
derived-resource-v3,interactive-short-2,short,2,0,5,0,0,d41d8cd98f00b204e9800998ecf8427e,15,0.0,,0,,,True,unsupported,False,True,"Invalid SPARQL endpoint response from http://localhost:3001/sparql (HTTP status 400):
Query operation processing failed: none of the configured actors were able to handle the operation type nodes
    Error messages of failing actors:
        Actor urn:comunica:default:query-operation/actors#source does not accept the operation nodes.
"
derived-resource-v3,interactive-short-2,short,2,1,5,0,0,d41d8cd98f00b204e9800998ecf8427e,42,0.0,,0,,,True,unsupported,False,True,"Invalid SPARQL endpoint response from http://localhost:3001/sparql (HTTP status 400):
Query operation processing failed: none of the configured actors were able to handle the operation type nodes
    Error messages of failing actors:
        Actor urn:comunica:default:query-operation/actors#source does not accept the operation nodes.
"
derived-resource-v3,interactive-short-2,short,2,2,5,0,0,d41d8cd98f00b204e9800998ecf8427e,25,0.0,,0,,,True,unsupported,False,True,"Invalid SPARQL endpoint response from http://localhost:3001/sparql (HTTP status 400):
Query operation processing failed: none of the configured actors were able to handle the operation type nodes
    Error messages of failing actors:
        Actor urn:comunica:default:query-operation/actors#source does not accept the operation nodes.
"
derived-resource-v3,interactive-short-2,short,2,3,5,0,0,d41d8cd98f00b204e9800998ecf8427e,49,0.0,,0,,,True,unsupported,False,True,"Invalid SPARQL endpoint response from http://localhost:3001/sparql (HTTP status 400):
Query operation processing failed: none of the configured actors were able to handle the operation type nodes
    Error messages of failing actors:
        Actor urn:comunica:default:query-operation/actors#source does not accept the operation nodes.
"
derived-resource-v3,interactive-short-2,short,2,4,5,0,0,d41d8cd98f00b204e9800998ecf8427e,34,0.0,,0,,,True,unsupported,False,True,"Invalid SPARQL endpoint response from http://localhost:3001/sparql (HTTP status 400):
Query operation processing failed: none of the configured actors were able to handle the operation type nodes
    Error messages of failing actors:
        Actor urn:comunica:default:query-operation/actors#source does not accept the operation nodes.
"
derived-resource-v3,interactive-short-3,short,3,0,0,3,3,f116c376cadfab127000461eedfe6fe4,300083,0.009997234098566062,,3,4089,4973,True,timeout,True,False,"Unexpected ""!"" at position 0 in state STOP"
derived-resource-v3,interactive-short-3,short,3,1,0,7,7,f02a9a2f3c696dac1516d39f958cb72a,300085,0.023326724094839796,,7,60988,140547,True,timeout,True,False,"Unexpected ""!"" at position 0 in state STOP"
derived-resource-v3,interactive-short-3,short,3,2,0,2,2,9f303454021d27b90ec166f8c7c8b1e5,300110,0.006664223118189996,,2,85118,94329,True,timeout,True,False,"Unexpected ""!"" at position 0 in state STOP"
derived-resource-v3,interactive-short-3,short,3,3,0,11,11,5d4a33c4509c985d569383575201063f,300029,0.03666312256481873,,11,59992,100523,True,timeout,True,False,"Unexpected ""!"" at position 0 in state STOP"
derived-resource-v3,interactive-short-3,short,3,4,0,7,7,b685b07209c3a4b7248ed451401d5e8c,300106,0.023325091800897018,,7,60227,248938,True,timeout,True,False,"Unexpected ""!"" at position 0 in state STOP"
derived-resource-v3,interactive-short-3,short,3,0,1,3,3,f116c376cadfab127000461eedfe6fe4,300111,0.009996301368493658,,3,85949,275723,True,timeout,True,False,"Unexpected ""!"" at position 0 in state STOP"
derived-resource-v3,interactive-short-3,short,3,1,1,6,6,ed3fb2f7763c80b72e5ce1ff27e62500,300111,0.019992602736987317,,6,43142,120077,True,timeout,True,False,"Unexpected ""!"" at position 0 in state STOP"
derived-resource-v3,interactive-short-3,short,3,2,1,2,2,9f303454021d27b90ec166f8c7c8b1e5,300111,0.006664200912329105,,2,54763,127905,True,timeout,True,False,"Unexpected ""!"" at position 0 in state STOP"
derived-resource-v3,interactive-short-3,short,3,3,1,12,12,9bff5babf625aba43bdfc2d291f2a3f8,300064,0.03999146848672283,,12,59326,193557,True,timeout,True,False,"Unexpected ""!"" at position 0 in state STOP"
derived-resource-v3,interactive-short-3,short,3,4,1,5,5,3f8af8248541e5dad81e389d188c5778,300099,0.016661168481067915,,5,80033,146950,True,timeout,True,False,"Unexpected ""!"" at position 0 in state STOP"
derived-resource-v3,interactive-short-3,short,3,0,2,3,3,f116c376cadfab127000461eedfe6fe4,300057,0.009998100360931423,,3,55976,75280,True,timeout,True,False,"Unexpected ""!"" at position 0 in state STOP"
derived-resource-v3,interactive-short-3,short,3,1,2,7,7,f02a9a2f3c696dac1516d39f958cb72a,300112,0.023324625473156686,,7,67577,110446,True,timeout,True,False,"Unexpected ""!"" at position 0 in state STOP"
derived-resource-v3,interactive-short-3,short,3,2,2,2,2,9f303454021d27b90ec166f8c7c8b1e5,300110,0.006664223118189996,,2,103570,112922,True,timeout,True,False,"Unexpected ""!"" at position 0 in state STOP"
derived-resource-v3,interactive-short-3,short,3,3,2,11,11,5d4a33c4509c985d569383575201063f,300110,0.03665322715004498,,11,53321,99410,True,timeout,True,False,"Unexpected ""!"" at position 0 in state STOP"
derived-resource-v3,interactive-short-3,short,3,4,2,6,6,9a1c2ffbbff377943d37e6a9e9ddfe3f,300109,0.019992735972596626,,6,69429,129014,True,timeout,True,False,"Unexpected ""!"" at position 0 in state STOP"
derived-resource-v3,interactive-short-3,short,3,0,3,3,3,f116c376cadfab127000461eedfe6fe4,300063,0.00999790044090741,,3,100957,267320,True,timeout,True,False,"Unexpected ""!"" at position 0 in state STOP"
derived-resource-v3,interactive-short-3,short,3,1,3,7,7,f02a9a2f3c696dac1516d39f958cb72a,300110,0.023324780913664987,,7,30018,174254,True,timeout,True,False,"Unexpected ""!"" at position 0 in state STOP"
derived-resource-v3,interactive-short-3,short,3,2,3,2,2,9f303454021d27b90ec166f8c7c8b1e5,300119,0.006664023270769261,,2,100000,106125,True,timeout,True,False,"Unexpected ""!"" at position 0 in state STOP"
derived-resource-v3,interactive-short-3,short,3,3,3,11,11,5d4a33c4509c985d569383575201063f,300101,0.036654326376786485,,11,34445,57503,True,timeout,True,False,"Unexpected ""!"" at position 0 in state STOP"
derived-resource-v3,interactive-short-3,short,3,4,3,6,6,9a1c2ffbbff377943d37e6a9e9ddfe3f,300112,0.019992536119848588,,6,91838,169839,True,timeout,True,False,"Unexpected ""!"" at position 0 in state STOP"
derived-resource-v3,interactive-short-3,short,3,0,4,3,3,f116c376cadfab127000461eedfe6fe4,300111,0.009996301368493658,,3,47852,65641,True,timeout,True,False,"Unexpected ""!"" at position 0 in state STOP"
derived-resource-v3,interactive-short-3,short,3,1,4,7,7,f02a9a2f3c696dac1516d39f958cb72a,300107,0.023325014078312067,,7,66053,133423,True,timeout,True,False,"Unexpected ""!"" at position 0 in state STOP"
derived-resource-v3,interactive-short-3,short,3,2,4,2,2,9f303454021d27b90ec166f8c7c8b1e5,300017,0.0066662889102950835,,2,114172,124120,True,timeout,True,False,"Unexpected ""!"" at position 0 in state STOP"
derived-resource-v3,interactive-short-3,short,3,3,4,11,11,5d4a33c4509c985d569383575201063f,300107,0.036653593551633244,,11,75912,108645,True,timeout,True,False,"Unexpected ""!"" at position 0 in state STOP"
derived-resource-v3,interactive-short-3,short,3,4,4,6,6,9a1c2ffbbff377943d37e6a9e9ddfe3f,300108,0.019992802591067216,,6,40380,79665,True,timeout,True,False,"Unexpected ""!"" at position 0 in state STOP"
derived-resource-v3,interactive-short-3,short,3,0,5,3,3,f116c376cadfab127000461eedfe6fe4,300111,0.009996301368493658,,3,69861,85850,True,timeout,True,False,"Unexpected ""!"" at position 0 in state STOP"
derived-resource-v3,interactive-short-3,short,3,1,5,7,7,f02a9a2f3c696dac1516d39f958cb72a,300110,0.023324780913664987,,7,85476,138782,True,timeout,True,False,"Unexpected ""!"" at position 0 in state STOP"
derived-resource-v3,interactive-short-3,short,3,2,5,2,2,9f303454021d27b90ec166f8c7c8b1e5,300111,0.006664200912329105,,2,92069,94378,True,timeout,True,False,"Unexpected ""!"" at position 0 in state STOP"
derived-resource-v3,interactive-short-3,short,3,3,5,11,11,5d4a33c4509c985d569383575201063f,300093,0.036655303522574664,,11,38686,214647,True,timeout,True,False,"Unexpected ""!"" at position 0 in state STOP"
derived-resource-v3,interactive-short-3,short,3,4,5,6,6,9a1c2ffbbff377943d37e6a9e9ddfe3f,300111,0.019992602736987317,,6,49944,91977,True,timeout,True,False,"Unexpected ""!"" at position 0 in state STOP"
derived-resource-v3,interactive-short-4,short,4,0,0,1,1,be952defdc6bff97ab1d2bd30503bd7a,42767,0.02338251455561531,7.0,1,28886,28886,False,ok,False,False,
derived-resource-v3,interactive-short-4,short,4,1,0,1,1,c7f96e08adf5efcc4ad5302bc4ebe30f,29583,0.03380319778251023,7.0,1,22608,22608,False,ok,False,False,
derived-resource-v3,interactive-short-4,short,4,2,0,1,1,b14fe4f20ab576f2bf485f4d72fc2332,17685,0.05654509471303365,31.0,1,9517,9517,False,ok,False,False,
derived-resource-v3,interactive-short-4,short,4,3,0,1,1,c114679689014713f0be71d73de99a0b,1915,0.5221932114882506,40.0,1,720,720,False,ok,False,False,
derived-resource-v3,interactive-short-4,short,4,4,0,1,1,c93535a997dcc3e3b4e497b89e662936,523,1.9120458891013383,7.0,1,326,326,False,ok,False,False,
derived-resource-v3,interactive-short-4,short,4,0,1,1,1,be952defdc6bff97ab1d2bd30503bd7a,248,4.032258064516129,7.0,1,118,118,False,ok,False,False,
derived-resource-v3,interactive-short-4,short,4,1,1,1,1,c7f96e08adf5efcc4ad5302bc4ebe30f,242,4.132231404958678,7.0,1,116,116,False,ok,False,False,
derived-resource-v3,interactive-short-4,short,4,2,1,1,1,b14fe4f20ab576f2bf485f4d72fc2332,755,1.3245033112582782,31.0,1,209,209,False,ok,False,False,
derived-resource-v3,interactive-short-4,short,4,3,1,1,1,c114679689014713f0be71d73de99a0b,707,1.4144271570014144,40.0,1,226,226,False,ok,False,False,
derived-resource-v3,interactive-short-4,short,4,4,1,1,1,c93535a997dcc3e3b4e497b89e662936,438,2.2831050228310503,7.0,1,138,138,False,ok,False,False,
derived-resource-v3,interactive-short-4,short,4,0,2,1,1,be952defdc6bff97ab1d2bd30503bd7a,273,3.663003663003663,7.0,1,161,161,False,ok,False,False,
derived-resource-v3,interactive-short-4,short,4,1,2,1,1,c7f96e08adf5efcc4ad5302bc4ebe30f,290,3.4482758620689657,7.0,1,153,153,False,ok,False,False,
derived-resource-v3,interactive-short-4,short,4,2,2,1,1,b14fe4f20ab576f2bf485f4d72fc2332,666,1.5015015015015014,31.0,1,216,216,False,ok,False,False,
derived-resource-v3,interactive-short-4,short,4,3,2,1,1,c114679689014713f0be71d73de99a0b,686,1.4577259475218658,40.0,1,210,210,False,ok,False,False,
derived-resource-v3,interactive-short-4,short,4,4,2,1,1,c93535a997dcc3e3b4e497b89e662936,294,3.4013605442176873,7.0,1,163,163,False,ok,False,False,
derived-resource-v3,interactive-short-4,short,4,0,3,1,1,be952defdc6bff97ab1d2bd30503bd7a,293,3.4129692832764507,7.0,1,164,164,False,ok,False,False,
derived-resource-v3,interactive-short-4,short,4,1,3,1,1,c7f96e08adf5efcc4ad5302bc4ebe30f,330,3.0303030303030303,7.0,1,182,182,False,ok,False,False,
derived-resource-v3,interactive-short-4,short,4,2,3,1,1,b14fe4f20ab576f2bf485f4d72fc2332,607,1.6474464579901154,31.0,1,193,193,False,ok,False,False,
derived-resource-v3,interactive-short-4,short,4,3,3,1,1,c114679689014713f0be71d73de99a0b,739,1.3531799729364005,40.0,1,223,223,False,ok,False,False,
derived-resource-v3,interactive-short-4,short,4,4,3,1,1,c93535a997dcc3e3b4e497b89e662936,329,3.03951367781155,7.0,1,172,172,False,ok,False,False,
derived-resource-v3,interactive-short-4,short,4,0,4,1,1,be952defdc6bff97ab1d2bd30503bd7a,281,3.558718861209964,7.0,1,155,155,False,ok,False,False,
derived-resource-v3,interactive-short-4,short,4,1,4,1,1,c7f96e08adf5efcc4ad5302bc4ebe30f,273,3.663003663003663,7.0,1,138,138,False,ok,False,False,
derived-resource-v3,interactive-short-4,short,4,2,4,1,1,b14fe4f20ab576f2bf485f4d72fc2332,611,1.6366612111292962,31.0,1,210,210,False,ok,False,False,
derived-resource-v3,interactive-short-4,short,4,3,4,1,1,c114679689014713f0be71d73de99a0b,983,1.017293997965412,40.0,1,233,233,False,ok,False,False,
derived-resource-v3,interactive-short-4,short,4,4,4,1,1,c93535a997dcc3e3b4e497b89e662936,282,3.546099290780142,7.0,1,164,164,False,ok,False,False,
derived-resource-v3,interactive-short-4,short,4,0,5,1,1,be952defdc6bff97ab1d2bd30503bd7a,281,3.558718861209964,7.0,1,124,124,False,ok,False,False,
derived-resource-v3,interactive-short-4,short,4,1,5,1,1,c7f96e08adf5efcc4ad5302bc4ebe30f,238,4.201680672268908,7.0,1,123,123,False,ok,False,False,
derived-resource-v3,interactive-short-4,short,4,2,5,1,1,b14fe4f20ab576f2bf485f4d72fc2332,631,1.5847860538827259,31.0,1,222,222,False,ok,False,False,
derived-resource-v3,interactive-short-4,short,4,3,5,1,1,c114679689014713f0be71d73de99a0b,716,1.3966480446927374,40.0,1,216,216,False,ok,False,False,
derived-resource-v3,interactive-short-4,short,4,4,5,1,1,c93535a997dcc3e3b4e497b89e662936,320,3.125,7.0,1,193,193,False,ok,False,False,
derived-resource-v3,interactive-short-5,short,5,0,0,1,1,dc0e41612718b8e8febbfed0b6a81235,3423,0.29214139643587494,16.0,1,3248,3248,False,ok,False,False,
derived-resource-v3,interactive-short-5,short,5,1,0,1,1,503ee1b279b823f2e5e6c3c7ad09348a,4451,0.22466861379465292,16.0,1,4133,4133,False,ok,False,False,
derived-resource-v3,interactive-short-5,short,5,2,0,1,1,f5c7036bdd812461f2fb5aae6b3ae925,12141,0.08236553825879252,74.0,1,10590,10590,False,ok,False,False,
derived-resource-v3,interactive-short-5,short,5,3,0,1,1,34828ddcb65169a440f3b93e10833a13,1792,0.5580357142857143,21.0,1,1755,1755,False,ok,False,False,
derived-resource-v3,interactive-short-5,short,5,4,0,1,1,85635c1632159d9ccdaa8e67a0da19e7,2405,0.4158004158004158,76.0,1,1484,1484,False,ok,False,False,
derived-resource-v3,interactive-short-5,short,5,0,1,1,1,dc0e41612718b8e8febbfed0b6a81235,1378,0.725689404934688,16.0,1,712,712,False,ok,False,False,
derived-resource-v3,interactive-short-5,short,5,1,1,1,1,503ee1b279b823f2e5e6c3c7ad09348a,1388,0.7204610951008646,16.0,1,722,722,False,ok,False,False,
derived-resource-v3,interactive-short-5,short,5,2,1,1,1,f5c7036bdd812461f2fb5aae6b3ae925,2528,0.39556962025316456,74.0,1,721,721,False,ok,False,False,
derived-resource-v3,interactive-short-5,short,5,3,1,1,1,34828ddcb65169a440f3b93e10833a13,908,1.1013215859030836,21.0,1,634,634,False,ok,False,False,
derived-resource-v3,interactive-short-5,short,5,4,1,1,1,85635c1632159d9ccdaa8e67a0da19e7,1701,0.5878894767783657,76.0,1,650,650,False,ok,False,False,
derived-resource-v3,interactive-short-5,short,5,0,2,1,1,dc0e41612718b8e8febbfed0b6a81235,1171,0.8539709649871904,16.0,1,644,644,False,ok,False,False,
derived-resource-v3,interactive-short-5,short,5,1,2,1,1,503ee1b279b823f2e5e6c3c7ad09348a,1064,0.9398496240601504,16.0,1,517,517,False,ok,False,False,
derived-resource-v3,interactive-short-5,short,5,2,2,1,1,f5c7036bdd812461f2fb5aae6b3ae925,2317,0.4315925766076823,74.0,1,638,638,False,ok,False,False,
derived-resource-v3,interactive-short-5,short,5,3,2,1,1,34828ddcb65169a440f3b93e10833a13,925,1.081081081081081,21.0,1,597,597,False,ok,False,False,
derived-resource-v3,interactive-short-5,short,5,4,2,1,1,85635c1632159d9ccdaa8e67a0da19e7,1731,0.5777007510109763,76.0,1,646,646,False,ok,False,False,
derived-resource-v3,interactive-short-5,short,5,0,3,1,1,dc0e41612718b8e8febbfed0b6a81235,1015,0.9852216748768474,16.0,1,549,549,False,ok,False,False,
derived-resource-v3,interactive-short-5,short,5,1,3,1,1,503ee1b279b823f2e5e6c3c7ad09348a,1132,0.88339222614841,16.0,1,595,595,False,ok,False,False,
derived-resource-v3,interactive-short-5,short,5,2,3,1,1,f5c7036bdd812461f2fb5aae6b3ae925,2340,0.4273504273504274,74.0,1,762,762,False,ok,False,False,
derived-resource-v3,interactive-short-5,short,5,3,3,1,1,34828ddcb65169a440f3b93e10833a13,1008,0.9920634920634921,21.0,1,665,665,False,ok,False,False,
derived-resource-v3,interactive-short-5,short,5,4,3,1,1,85635c1632159d9ccdaa8e67a0da19e7,1840,0.5434782608695652,76.0,1,711,711,False,ok,False,False,
derived-resource-v3,interactive-short-5,short,5,0,4,1,1,dc0e41612718b8e8febbfed0b6a81235,1014,0.9861932938856016,16.0,1,522,522,False,ok,False,False,
derived-resource-v3,interactive-short-5,short,5,1,4,1,1,503ee1b279b823f2e5e6c3c7ad09348a,1071,0.9337068160597572,16.0,1,565,565,False,ok,False,False,
derived-resource-v3,interactive-short-5,short,5,2,4,1,1,f5c7036bdd812461f2fb5aae6b3ae925,2108,0.47438330170777987,74.0,1,669,669,False,ok,False,False,
derived-resource-v3,interactive-short-5,short,5,3,4,1,1,34828ddcb65169a440f3b93e10833a13,773,1.2936610608020698,21.0,1,562,562,False,ok,False,False,
derived-resource-v3,interactive-short-5,short,5,4,4,1,1,85635c1632159d9ccdaa8e67a0da19e7,1510,0.6622516556291391,76.0,1,519,519,False,ok,False,False,
derived-resource-v3,interactive-short-5,short,5,0,5,1,1,dc0e41612718b8e8febbfed0b6a81235,925,1.081081081081081,16.0,1,455,455,False,ok,False,False,
derived-resource-v3,interactive-short-5,short,5,1,5,1,1,503ee1b279b823f2e5e6c3c7ad09348a,993,1.0070493454179255,16.0,1,505,505,False,ok,False,False,
derived-resource-v3,interactive-short-5,short,5,2,5,1,1,f5c7036bdd812461f2fb5aae6b3ae925,1928,0.5186721991701245,74.0,1,569,569,False,ok,False,False,
derived-resource-v3,interactive-short-5,short,5,3,5,1,1,34828ddcb65169a440f3b93e10833a13,754,1.3262599469496021,21.0,1,543,543,False,ok,False,False,
derived-resource-v3,interactive-short-5,short,5,4,5,1,1,85635c1632159d9ccdaa8e67a0da19e7,1519,0.6583278472679395,76.0,1,566,566,False,ok,False,False,
derived-resource-v3,interactive-short-6,short,6,0,0,1,1,ba304a277e0c6fae635de35002222d91,300105,0.003332167074857133,,1,1198,1198,True,timeout,True,False,"Unexpected ""!"" at position 0 in state STOP"
derived-resource-v3,interactive-short-6,short,6,1,0,1,1,e849f1a14477da933bfaa5ee561efce8,300112,0.003332089353308098,,1,1371,1371,True,timeout,True,False,"Unexpected ""!"" at position 0 in state STOP"
derived-resource-v3,interactive-short-6,short,6,2,0,0,0,d41d8cd98f00b204e9800998ecf8427e,300667,0.0,,0,,,True,timeout,True,True,terminated
derived-resource-v3,interactive-short-6,short,6,3,0,0,0,d41d8cd98f00b204e9800998ecf8427e,300122,0.0,,0,,,True,timeout,True,True,"Unexpected ""!"" at position 0 in state STOP"
derived-resource-v3,interactive-short-6,short,6,4,0,0,0,d41d8cd98f00b204e9800998ecf8427e,300112,0.0,,0,,,True,timeout,True,True,"Unexpected ""!"" at position 0 in state STOP"
derived-resource-v3,interactive-short-6,short,6,0,1,1,1,ba304a277e0c6fae635de35002222d91,300112,0.003332089353308098,,1,1128,1128,True,timeout,True,False,"Unexpected ""!"" at position 0 in state STOP"
derived-resource-v3,interactive-short-6,short,6,1,1,1,1,e849f1a14477da933bfaa5ee561efce8,301989,0.00331137889128412,,1,1301,1301,True,timeout,True,False,terminated
derived-resource-v3,interactive-short-6,short,6,2,1,0,0,d41d8cd98f00b204e9800998ecf8427e,300059,0.0,,0,,,True,timeout,True,True,"Unexpected ""!"" at position 0 in state STOP"
derived-resource-v3,interactive-short-6,short,6,3,1,0,0,d41d8cd98f00b204e9800998ecf8427e,300148,0.0,,0,,,True,timeout,True,True,"Unexpected ""!"" at position 0 in state STOP"
derived-resource-v3,interactive-short-6,short,6,4,1,0,0,d41d8cd98f00b204e9800998ecf8427e,300120,0.0,,0,,,True,timeout,True,True,"Unexpected ""!"" at position 0 in state STOP"
derived-resource-v3,interactive-short-6,short,6,0,2,1,1,ba304a277e0c6fae635de35002222d91,300107,0.0033321448683302952,,1,1216,1216,True,timeout,True,False,"Unexpected ""!"" at position 0 in state STOP"
derived-resource-v3,interactive-short-6,short,6,1,2,1,1,e849f1a14477da933bfaa5ee561efce8,300107,0.0033321448683302952,,1,1442,1442,True,timeout,True,False,"Unexpected ""!"" at position 0 in state STOP"
derived-resource-v3,interactive-short-6,short,6,2,2,0,0,d41d8cd98f00b204e9800998ecf8427e,300110,0.0,,0,,,True,timeout,True,True,"Unexpected ""!"" at position 0 in state STOP"
derived-resource-v3,interactive-short-6,short,6,3,2,0,0,d41d8cd98f00b204e9800998ecf8427e,300130,0.0,,0,,,True,timeout,True,True,"Unexpected ""!"" at position 0 in state STOP"
derived-resource-v3,interactive-short-6,short,6,4,2,0,0,d41d8cd98f00b204e9800998ecf8427e,300145,0.0,,0,,,True,timeout,True,True,"Unexpected ""!"" at position 0 in state STOP"
derived-resource-v3,interactive-short-6,short,6,0,3,1,1,ba304a277e0c6fae635de35002222d91,300110,0.003332111559094998,,1,1346,1346,True,timeout,True,False,"Unexpected ""!"" at position 0 in state STOP"
derived-resource-v3,interactive-short-6,short,6,1,3,1,1,e849f1a14477da933bfaa5ee561efce8,300111,0.0033321004561645525,,1,1757,1757,True,timeout,True,False,"Unexpected ""!"" at position 0 in state STOP"
derived-resource-v3,interactive-short-6,short,6,2,3,0,0,d41d8cd98f00b204e9800998ecf8427e,300111,0.0,,0,,,True,timeout,True,True,"Unexpected ""!"" at position 0 in state STOP"
derived-resource-v3,interactive-short-6,short,6,3,3,0,0,d41d8cd98f00b204e9800998ecf8427e,300026,0.0,,0,,,True,timeout,True,True,"Unexpected ""!"" at position 0 in state STOP"
derived-resource-v3,interactive-short-6,short,6,4,3,0,0,d41d8cd98f00b204e9800998ecf8427e,300216,0.0,,0,,,True,timeout,True,True,"Unexpected ""!"" at position 0 in state STOP"
derived-resource-v3,interactive-short-6,short,6,0,4,1,1,ba304a277e0c6fae635de35002222d91,300112,0.003332089353308098,,1,1304,1304,True,timeout,True,False,"Unexpected ""!"" at position 0 in state STOP"
derived-resource-v3,interactive-short-6,short,6,1,4,1,1,e849f1a14477da933bfaa5ee561efce8,300109,0.0033321226620994376,,1,1714,1714,True,timeout,True,False,"Unexpected ""!"" at position 0 in state STOP"
derived-resource-v3,interactive-short-6,short,6,2,4,0,0,d41d8cd98f00b204e9800998ecf8427e,300113,0.0,,0,,,True,timeout,True,True,"Unexpected ""!"" at position 0 in state STOP"
derived-resource-v3,interactive-short-6,short,6,3,4,0,0,d41d8cd98f00b204e9800998ecf8427e,300322,0.0,,0,,,True,timeout,True,True,"Unexpected ""!"" at position 0 in state STOP"
derived-resource-v3,interactive-short-6,short,6,4,4,0,0,d41d8cd98f00b204e9800998ecf8427e,300147,0.0,,0,,,True,timeout,True,True,"Unexpected ""!"" at position 0 in state STOP"
derived-resource-v3,interactive-short-6,short,6,0,5,1,1,ba304a277e0c6fae635de35002222d91,300110,0.003332111559094998,,1,1236,1236,True,timeout,True,False,"Unexpected ""!"" at position 0 in state STOP"
derived-resource-v3,interactive-short-6,short,6,1,5,1,1,e849f1a14477da933bfaa5ee561efce8,300111,0.0033321004561645525,,1,1899,1899,True,timeout,True,False,"Unexpected ""!"" at position 0 in state STOP"
derived-resource-v3,interactive-short-6,short,6,2,5,0,0,d41d8cd98f00b204e9800998ecf8427e,300111,0.0,,0,,,True,timeout,True,True,"Unexpected ""!"" at position 0 in state STOP"
derived-resource-v3,interactive-short-6,short,6,3,5,0,0,d41d8cd98f00b204e9800998ecf8427e,300110,0.0,,0,,,True,timeout,True,True,"Unexpected ""!"" at position 0 in state STOP"
derived-resource-v3,interactive-short-6,short,6,4,5,0,0,d41d8cd98f00b204e9800998ecf8427e,300165,0.0,,0,,,True,timeout,True,True,"Unexpected ""!"" at position 0 in state STOP"
derived-resource-v3,interactive-short-7,short,7,0,0,0,0,d41d8cd98f00b204e9800998ecf8427e,300668,0.0,,0,,,True,timeout,True,True,terminated
derived-resource-v3,interactive-short-7,short,7,1,0,0,0,d41d8cd98f00b204e9800998ecf8427e,300113,0.0,,0,,,True,timeout,True,True,"Unexpected ""!"" at position 0 in state STOP"
derived-resource-v3,interactive-short-7,short,7,2,0,0,0,d41d8cd98f00b204e9800998ecf8427e,300111,0.0,,0,,,True,timeout,True,True,"Unexpected ""!"" at position 0 in state STOP"
derived-resource-v3,interactive-short-7,short,7,3,0,0,0,d41d8cd98f00b204e9800998ecf8427e,300109,0.0,,0,,,True,timeout,True,True,"Unexpected ""!"" at position 0 in state STOP"
derived-resource-v3,interactive-short-7,short,7,4,0,0,0,d41d8cd98f00b204e9800998ecf8427e,300113,0.0,,0,,,True,timeout,True,True,"Unexpected ""!"" at position 0 in state STOP"
derived-resource-v3,interactive-short-7,short,7,0,1,0,0,d41d8cd98f00b204e9800998ecf8427e,300109,0.0,,0,,,True,timeout,True,True,"Unexpected ""!"" at position 0 in state STOP"
derived-resource-v3,interactive-short-7,short,7,1,1,0,0,d41d8cd98f00b204e9800998ecf8427e,300114,0.0,,0,,,True,timeout,True,True,"Unexpected ""!"" at position 0 in state STOP"
derived-resource-v3,interactive-short-7,short,7,2,1,0,0,d41d8cd98f00b204e9800998ecf8427e,300109,0.0,,0,,,True,timeout,True,True,"Unexpected ""!"" at position 0 in state STOP"
derived-resource-v3,interactive-short-7,short,7,3,1,0,0,d41d8cd98f00b204e9800998ecf8427e,300022,0.0,,0,,,True,timeout,True,True,"Unexpected ""!"" at position 0 in state STOP"
derived-resource-v3,interactive-short-7,short,7,4,1,0,0,d41d8cd98f00b204e9800998ecf8427e,300112,0.0,,0,,,True,timeout,True,True,"Unexpected ""!"" at position 0 in state STOP"
derived-resource-v3,interactive-short-7,short,7,0,2,0,0,d41d8cd98f00b204e9800998ecf8427e,300111,0.0,,0,,,True,timeout,True,True,"Unexpected ""!"" at position 0 in state STOP"
derived-resource-v3,interactive-short-7,short,7,1,2,0,0,d41d8cd98f00b204e9800998ecf8427e,300111,0.0,,0,,,True,timeout,True,True,"Unexpected ""!"" at position 0 in state STOP"
derived-resource-v3,interactive-short-7,short,7,2,2,0,0,d41d8cd98f00b204e9800998ecf8427e,300111,0.0,,0,,,True,timeout,True,True,"Unexpected ""!"" at position 0 in state STOP"
derived-resource-v3,interactive-short-7,short,7,3,2,0,0,d41d8cd98f00b204e9800998ecf8427e,300107,0.0,,0,,,True,timeout,True,True,"Unexpected ""!"" at position 0 in state STOP"
derived-resource-v3,interactive-short-7,short,7,4,2,0,0,d41d8cd98f00b204e9800998ecf8427e,300112,0.0,,0,,,True,timeout,True,True,"Unexpected ""!"" at position 0 in state STOP"
derived-resource-v3,interactive-short-7,short,7,0,3,0,0,d41d8cd98f00b204e9800998ecf8427e,300149,0.0,,0,,,True,timeout,True,True,"Unexpected ""!"" at position 0 in state STOP"
derived-resource-v3,interactive-short-7,short,7,1,3,0,0,d41d8cd98f00b204e9800998ecf8427e,300037,0.0,,0,,,True,timeout,True,True,"Unexpected ""!"" at position 0 in state STOP"
derived-resource-v3,interactive-short-7,short,7,2,3,0,0,d41d8cd98f00b204e9800998ecf8427e,300112,0.0,,0,,,True,timeout,True,True,"Unexpected ""!"" at position 0 in state STOP"
derived-resource-v3,interactive-short-7,short,7,3,3,0,0,d41d8cd98f00b204e9800998ecf8427e,300150,0.0,,0,,,True,timeout,True,True,"Unexpected ""!"" at position 0 in state STOP"
derived-resource-v3,interactive-short-7,short,7,4,3,0,0,d41d8cd98f00b204e9800998ecf8427e,300064,0.0,,0,,,True,timeout,True,True,"Unexpected ""!"" at position 0 in state STOP"
derived-resource-v3,interactive-short-7,short,7,0,4,0,0,d41d8cd98f00b204e9800998ecf8427e,300106,0.0,,0,,,True,timeout,True,True,"Unexpected ""!"" at position 0 in state STOP"
derived-resource-v3,interactive-short-7,short,7,1,4,0,0,d41d8cd98f00b204e9800998ecf8427e,300110,0.0,,0,,,True,timeout,True,True,"Unexpected ""!"" at position 0 in state STOP"
derived-resource-v3,interactive-short-7,short,7,2,4,0,0,d41d8cd98f00b204e9800998ecf8427e,300110,0.0,,0,,,True,timeout,True,True,"Unexpected ""!"" at position 0 in state STOP"
derived-resource-v3,interactive-short-7,short,7,3,4,0,0,d41d8cd98f00b204e9800998ecf8427e,300115,0.0,,0,,,True,timeout,True,True,"Unexpected ""!"" at position 0 in state STOP"
derived-resource-v3,interactive-short-7,short,7,4,4,0,0,d41d8cd98f00b204e9800998ecf8427e,300112,0.0,,0,,,True,timeout,True,True,"Unexpected ""!"" at position 0 in state STOP"
derived-resource-v3,interactive-short-7,short,7,0,5,0,0,d41d8cd98f00b204e9800998ecf8427e,300111,0.0,,0,,,True,timeout,True,True,"Unexpected ""!"" at position 0 in state STOP"
derived-resource-v3,interactive-short-7,short,7,1,5,0,0,d41d8cd98f00b204e9800998ecf8427e,300110,0.0,,0,,,True,timeout,True,True,"Unexpected ""!"" at position 0 in state STOP"
derived-resource-v3,interactive-short-7,short,7,2,5,0,0,d41d8cd98f00b204e9800998ecf8427e,300111,0.0,,0,,,True,timeout,True,True,"Unexpected ""!"" at position 0 in state STOP"
derived-resource-v3,interactive-short-7,short,7,3,5,0,0,d41d8cd98f00b204e9800998ecf8427e,300112,0.0,,0,,,True,timeout,True,True,"Unexpected ""!"" at position 0 in state STOP"
derived-resource-v3,interactive-short-7,short,7,4,5,0,0,d41d8cd98f00b204e9800998ecf8427e,300107,0.0,,0,,,True,timeout,True,True,"Unexpected ""!"" at position 0 in state STOP"
derived-resource,interactive-discover-1,discover,1,0,0,6,6,d632b8166f912f4afd062d64186f2dc6,5285,1.1352885525070955,97.0,6,3942,4663,False,ok,False,False,
derived-resource,interactive-discover-1,discover,1,1,0,4,4,e00f199d535cd1710bf9be67f04f39e4,2126,1.8814675446848543,33.0,4,1943,1964,False,ok,False,False,
derived-resource,interactive-discover-1,discover,1,2,0,1,1,c4499554f796e968a069e67a8f5d9d1c,1901,0.5260389268805892,33.0,1,1699,1699,False,ok,False,False,
derived-resource,interactive-discover-1,discover,1,3,0,14,14,6c0a9fe8be642ee232c10c9996912b97,1967,7.117437722419928,35.0,14,1725,1776,False,ok,False,False,
derived-resource,interactive-discover-1,discover,1,4,0,8,8,7536d3a2c1abc2a9ac92b1860efa3282,2873,2.78454577097111,85.0,8,1737,1737,False,ok,False,False,
derived-resource,interactive-discover-1,discover,1,0,1,6,6,d632b8166f912f4afd062d64186f2dc6,2111,2.842254855518711,97.0,6,1211,1211,False,ok,False,False,
derived-resource,interactive-discover-1,discover,1,1,1,4,4,e00f199d535cd1710bf9be67f04f39e4,1273,3.142183817753339,33.0,4,1069,1069,False,ok,False,False,
derived-resource,interactive-discover-1,discover,1,2,1,1,1,c4499554f796e968a069e67a8f5d9d1c,1314,0.76103500761035,33.0,1,1101,1101,False,ok,False,False,
derived-resource,interactive-discover-1,discover,1,3,1,14,14,6c0a9fe8be642ee232c10c9996912b97,1300,10.769230769230768,35.0,14,1088,1089,False,ok,False,False,
derived-resource,interactive-discover-1,discover,1,4,1,8,8,7536d3a2c1abc2a9ac92b1860efa3282,1816,4.405286343612334,85.0,8,1199,1200,False,ok,False,False,
derived-resource,interactive-discover-1,discover,1,0,2,6,6,d632b8166f912f4afd062d64186f2dc6,1883,3.186404673393521,97.0,6,1135,1135,False,ok,False,False,
derived-resource,interactive-discover-1,discover,1,1,2,4,4,e00f199d535cd1710bf9be67f04f39e4,1307,3.0604437643458304,33.0,4,1086,1087,False,ok,False,False,
derived-resource,interactive-discover-1,discover,1,2,2,1,1,c4499554f796e968a069e67a8f5d9d1c,1298,0.7704160246533127,33.0,1,1096,1096,False,ok,False,False,
derived-resource,interactive-discover-1,discover,1,3,2,14,14,6c0a9fe8be642ee232c10c9996912b97,1632,8.57843137254902,35.0,14,1403,1407,False,ok,False,False,
derived-resource,interactive-discover-1,discover,1,4,2,8,8,7536d3a2c1abc2a9ac92b1860efa3282,1733,4.616272360069244,85.0,8,1139,1139,False,ok,False,False,
derived-resource,interactive-discover-1,discover,1,0,3,6,6,d632b8166f912f4afd062d64186f2dc6,1828,3.282275711159737,97.0,6,1096,1097,False,ok,False,False,
derived-resource,interactive-discover-1,discover,1,1,3,4,4,e00f199d535cd1710bf9be67f04f39e4,1211,3.3030553261767133,33.0,4,989,989,False,ok,False,False,
derived-resource,interactive-discover-1,discover,1,2,3,1,1,c4499554f796e968a069e67a8f5d9d1c,1230,0.8130081300813008,33.0,1,1037,1037,False,ok,False,False,
derived-resource,interactive-discover-1,discover,1,3,3,14,14,6c0a9fe8be642ee232c10c9996912b97,1241,11.2812248186946,35.0,14,1033,1034,False,ok,False,False,
derived-resource,interactive-discover-1,discover,1,4,3,8,8,7536d3a2c1abc2a9ac92b1860efa3282,1705,4.6920821114369495,85.0,8,1078,1078,False,ok,False,False,
derived-resource,interactive-discover-1,discover,1,0,4,6,6,d632b8166f912f4afd062d64186f2dc6,1752,3.4246575342465753,97.0,6,1057,1058,False,ok,False,False,
derived-resource,interactive-discover-1,discover,1,1,4,4,4,e00f199d535cd1710bf9be67f04f39e4,1333,3.000750187546887,33.0,4,1169,1170,False,ok,False,False,
derived-resource,interactive-discover-1,discover,1,2,4,1,1,c4499554f796e968a069e67a8f5d9d1c,1196,0.8361204013377926,33.0,1,1005,1005,False,ok,False,False,
derived-resource,interactive-discover-1,discover,1,3,4,14,14,6c0a9fe8be642ee232c10c9996912b97,1288,10.869565217391305,35.0,14,1058,1059,False,ok,False,False,
derived-resource,interactive-discover-1,discover,1,4,4,8,8,7536d3a2c1abc2a9ac92b1860efa3282,1678,4.767580452920143,85.0,8,1050,1050,False,ok,False,False,
derived-resource,interactive-discover-1,discover,1,0,5,6,6,d632b8166f912f4afd062d64186f2dc6,1875,3.2,97.0,6,1109,1110,False,ok,False,False,
derived-resource,interactive-discover-1,discover,1,1,5,4,4,e00f199d535cd1710bf9be67f04f39e4,1259,3.1771247021445594,33.0,4,1035,1035,False,ok,False,False,
derived-resource,interactive-discover-1,discover,1,2,5,1,1,c4499554f796e968a069e67a8f5d9d1c,1258,0.794912559618442,33.0,1,1048,1048,False,ok,False,False,
derived-resource,interactive-discover-1,discover,1,3,5,14,14,6c0a9fe8be642ee232c10c9996912b97,1226,11.419249592169658,35.0,14,1013,1014,False,ok,False,False,
derived-resource,interactive-discover-1,discover,1,4,5,8,8,7536d3a2c1abc2a9ac92b1860efa3282,1676,4.773269689737471,85.0,8,1081,1082,False,ok,False,False,
derived-resource,interactive-discover-2,discover,2,0,0,66,66,18ff3becda1d7305aaa0da5860ca7511,2180,30.275229357798164,98.0,66,1109,2178,False,ok,False,False,
derived-resource,interactive-discover-2,discover,2,1,0,46,46,f6a5ba863b07324a44f8e492bf9ab0e1,1395,32.97491039426523,34.0,46,1034,1393,False,ok,False,False,
derived-resource,interactive-discover-2,discover,2,2,0,32,32,113587781a953fec190d8e3339b06c26,1492,21.447721179624665,34.0,32,1119,1490,False,ok,False,False,
derived-resource,interactive-discover-2,discover,2,3,0,198,198,23320e2cdf40e8165aa7fdff74171184,2347,84.36301661695782,36.0,198,1142,2345,False,ok,False,False,
derived-resource,interactive-discover-2,discover,2,4,0,98,98,a7ea80830c1f3358609f53e0ce62fd9a,2074,47.251687560270014,86.0,98,1090,2071,False,ok,False,False,
derived-resource,interactive-discover-2,discover,2,0,1,66,66,18ff3becda1d7305aaa0da5860ca7511,2044,32.28962818003914,98.0,66,1153,1240,False,ok,False,False,
derived-resource,interactive-discover-2,discover,2,1,1,46,46,f6a5ba863b07324a44f8e492bf9ab0e1,1320,34.848484848484844,34.0,46,1115,1124,False,ok,False,False,
derived-resource,interactive-discover-2,discover,2,2,1,32,32,113587781a953fec190d8e3339b06c26,1233,25.9529602595296,34.0,32,1032,1035,False,ok,False,False,
derived-resource,interactive-discover-2,discover,2,3,1,198,198,23320e2cdf40e8165aa7fdff74171184,1326,149.32126696832577,36.0,198,1136,1158,False,ok,False,False,
derived-resource,interactive-discover-2,discover,2,4,1,98,98,a7ea80830c1f3358609f53e0ce62fd9a,1699,57.68098881695114,86.0,98,1152,1173,False,ok,False,False,
derived-resource,interactive-discover-2,discover,2,0,2,66,66,18ff3becda1d7305aaa0da5860ca7511,1780,37.07865168539326,98.0,66,1105,1120,False,ok,False,False,
derived-resource,interactive-discover-2,discover,2,1,2,46,46,f6a5ba863b07324a44f8e492bf9ab0e1,1208,38.079470198675494,34.0,46,1006,1010,False,ok,False,False,
derived-resource,interactive-discover-2,discover,2,2,2,32,32,113587781a953fec190d8e3339b06c26,1263,25.33650039588282,34.0,32,1051,1054,False,ok,False,False,
derived-resource,interactive-discover-2,discover,2,3,2,198,198,23320e2cdf40e8165aa7fdff74171184,1263,156.76959619952495,36.0,198,1044,1070,False,ok,False,False,
derived-resource,interactive-discover-2,discover,2,4,2,98,98,a7ea80830c1f3358609f53e0ce62fd9a,2116,46.31379962192816,86.0,98,1195,1295,False,ok,False,False,
derived-resource,interactive-discover-2,discover,2,0,3,66,66,18ff3becda1d7305aaa0da5860ca7511,1762,37.457434733257664,98.0,66,1115,1123,False,ok,False,False,
derived-resource,interactive-discover-2,discover,2,1,3,46,46,f6a5ba863b07324a44f8e492bf9ab0e1,1255,36.65338645418327,34.0,46,1054,1058,False,ok,False,False,
derived-resource,interactive-discover-2,discover,2,2,3,32,32,113587781a953fec190d8e3339b06c26,1207,26.512013256006625,34.0,32,1012,1014,False,ok,False,False,
derived-resource,interactive-discover-2,discover,2,3,3,198,198,23320e2cdf40e8165aa7fdff74171184,1269,156.02836879432624,36.0,198,1072,1099,False,ok,False,False,
derived-resource,interactive-discover-2,discover,2,4,3,98,98,a7ea80830c1f3358609f53e0ce62fd9a,1607,60.98319850653392,86.0,98,1065,1077,False,ok,False,False,
derived-resource,interactive-discover-2,discover,2,0,4,66,66,18ff3becda1d7305aaa0da5860ca7511,1774,37.20405862457723,98.0,66,1075,1089,False,ok,False,False,
derived-resource,interactive-discover-2,discover,2,1,4,46,46,f6a5ba863b07324a44f8e492bf9ab0e1,1268,36.277602523659304,34.0,46,1043,1047,False,ok,False,False,
derived-resource,interactive-discover-2,discover,2,2,4,32,32,113587781a953fec190d8e3339b06c26,1180,27.118644067796613,34.0,32,985,988,False,ok,False,False,
derived-resource,interactive-discover-2,discover,2,3,4,198,198,23320e2cdf40e8165aa7fdff74171184,1282,154.4461778471139,36.0,198,1070,1129,False,ok,False,False,
derived-resource,interactive-discover-2,discover,2,4,4,98,98,a7ea80830c1f3358609f53e0ce62fd9a,1884,52.01698513800425,86.0,98,1133,1624,False,ok,False,False,
derived-resource,interactive-discover-2,discover,2,0,5,66,66,18ff3becda1d7305aaa0da5860ca7511,1982,33.29969727547931,98.0,66,1163,1171,False,ok,False,False,
derived-resource,interactive-discover-2,discover,2,1,5,46,46,f6a5ba863b07324a44f8e492bf9ab0e1,1292,35.60371517027863,34.0,46,1094,1098,False,ok,False,False,
derived-resource,interactive-discover-2,discover,2,2,5,32,32,113587781a953fec190d8e3339b06c26,1205,26.55601659751037,34.0,32,1019,1021,False,ok,False,False,
derived-resource,interactive-discover-2,discover,2,3,5,198,198,23320e2cdf40e8165aa7fdff74171184,1246,158.90850722311396,36.0,198,1029,1059,False,ok,False,False,
derived-resource,interactive-discover-2,discover,2,4,5,98,98,a7ea80830c1f3358609f53e0ce62fd9a,1651,59.35796486977589,86.0,98,1109,1122,False,ok,False,False,
derived-resource,interactive-discover-3,discover,3,0,0,68,68,e9f9c6f077dd7a85180d21221150597a,96319,0.705987396048547,346.0,68,96313,96318,False,ok,False,False,
derived-resource,interactive-discover-3,discover,3,1,0,66,66,bf39c452faf678539dd6bec9f8931c5e,96060,0.6870705808869456,286.0,66,96057,96059,False,ok,False,False,
derived-resource,interactive-discover-3,discover,3,2,0,54,54,c6f1026b5b378b95fed1b609efe82a86,79390,0.6801864214636604,198.0,54,79386,79388,False,ok,False,False,
derived-resource,interactive-discover-3,discover,3,3,0,196,196,3103aacb8c0b38645fd73f8b05191c84,162171,1.2086007979231799,444.0,196,162157,162170,False,ok,False,False,
derived-resource,interactive-discover-3,discover,3,4,0,137,137,922f2cfc8273304ad1f823de44367223,114832,1.1930472342204264,384.0,137,114823,114831,False,ok,False,False,
derived-resource,interactive-discover-3,discover,3,0,1,68,68,e9f9c6f077dd7a85180d21221150597a,98570,0.6898650705082683,346.0,68,98567,98569,False,ok,False,False,
derived-resource,interactive-discover-3,discover,3,1,1,66,66,bf39c452faf678539dd6bec9f8931c5e,97756,0.6751503744015712,286.0,66,97752,97754,False,ok,False,False,
derived-resource,interactive-discover-3,discover,3,2,1,54,54,c6f1026b5b378b95fed1b609efe82a86,78590,0.6871103193790559,198.0,54,78587,78589,False,ok,False,False,
derived-resource,interactive-discover-3,discover,3,3,1,196,196,3103aacb8c0b38645fd73f8b05191c84,160482,1.22132077117683,444.0,196,160475,160481,False,ok,False,False,
derived-resource,interactive-discover-3,discover,3,4,1,137,137,922f2cfc8273304ad1f823de44367223,112174,1.2213168827000909,384.0,137,112166,112171,False,ok,False,False,
derived-resource,interactive-discover-3,discover,3,0,2,68,68,e9f9c6f077dd7a85180d21221150597a,95934,0.7088206475285092,346.0,68,95932,95933,False,ok,False,False,
derived-resource,interactive-discover-3,discover,3,1,2,66,66,bf39c452faf678539dd6bec9f8931c5e,95052,0.6943567731347051,286.0,66,95049,95051,False,ok,False,False,
derived-resource,interactive-discover-3,discover,3,2,2,54,54,c6f1026b5b378b95fed1b609efe82a86,81692,0.661019438867943,198.0,54,81689,81691,False,ok,False,False,
derived-resource,interactive-discover-3,discover,3,3,2,196,196,3103aacb8c0b38645fd73f8b05191c84,159903,1.2257431067584723,444.0,196,159897,159902,False,ok,False,False,
derived-resource,interactive-discover-3,discover,3,4,2,137,137,922f2cfc8273304ad1f823de44367223,113242,1.209798484661168,384.0,137,113229,113240,False,ok,False,False,
derived-resource,interactive-discover-3,discover,3,0,3,68,68,e9f9c6f077dd7a85180d21221150597a,95732,0.7103162996699118,346.0,68,95728,95730,False,ok,False,False,
derived-resource,interactive-discover-3,discover,3,1,3,66,66,bf39c452faf678539dd6bec9f8931c5e,95629,0.6901672086919239,286.0,66,95625,95628,False,ok,False,False,
derived-resource,interactive-discover-3,discover,3,2,3,54,54,c6f1026b5b378b95fed1b609efe82a86,78359,0.6891359001518652,198.0,54,78357,78358,False,ok,False,False,
derived-resource,interactive-discover-3,discover,3,3,3,196,196,3103aacb8c0b38645fd73f8b05191c84,162512,1.206064782908339,444.0,196,162506,162512,False,ok,False,False,
derived-resource,interactive-discover-3,discover,3,4,3,137,137,922f2cfc8273304ad1f823de44367223,113493,1.2071229062585358,384.0,137,113487,113491,False,ok,False,False,
derived-resource,interactive-discover-3,discover,3,0,4,68,68,e9f9c6f077dd7a85180d21221150597a,95675,0.7107394826234649,346.0,68,95671,95673,False,ok,False,False,
derived-resource,interactive-discover-3,discover,3,1,4,66,66,bf39c452faf678539dd6bec9f8931c5e,95541,0.6908029013721858,286.0,66,95537,95540,False,ok,False,False,
derived-resource,interactive-discover-3,discover,3,2,4,54,54,c6f1026b5b378b95fed1b609efe82a86,79702,0.6775237760658452,198.0,54,79698,79701,False,ok,False,False,
derived-resource,interactive-discover-3,discover,3,3,4,196,196,3103aacb8c0b38645fd73f8b05191c84,160854,1.2184962761261764,444.0,196,160843,160852,False,ok,False,False,
derived-resource,interactive-discover-3,discover,3,4,4,137,137,922f2cfc8273304ad1f823de44367223,112306,1.2198813954730825,384.0,137,112300,112305,False,ok,False,False,
derived-resource,interactive-discover-3,discover,3,0,5,68,68,e9f9c6f077dd7a85180d21221150597a,97170,0.6998044663990943,346.0,68,97165,97169,False,ok,False,False,
derived-resource,interactive-discover-3,discover,3,1,5,66,66,bf39c452faf678539dd6bec9f8931c5e,96393,0.6846970215679562,286.0,66,96385,96392,False,ok,False,False,
derived-resource,interactive-discover-3,discover,3,2,5,54,54,c6f1026b5b378b95fed1b609efe82a86,78490,0.687985730666327,198.0,54,78488,78489,False,ok,False,False,
derived-resource,interactive-discover-3,discover,3,3,5,196,196,3103aacb8c0b38645fd73f8b05191c84,150944,1.298494806020776,444.0,196,150937,150943,False,ok,False,False,
derived-resource,interactive-discover-3,discover,3,4,5,137,137,922f2cfc8273304ad1f823de44367223,116164,1.1793671016838263,384.0,137,116157,116162,False,ok,False,False,
derived-resource,interactive-discover-4,discover,4,0,0,5,5,3112eede040aaa01aedc457789eed356,2535,1.972386587771203,128.0,5,2534,2534,False,ok,False,False,
derived-resource,interactive-discover-4,discover,4,1,0,3,3,cd6f381a6281527b1dbda2f21a1a702a,1336,2.245508982035928,40.0,3,1335,1335,False,ok,False,False,
derived-resource,interactive-discover-4,discover,4,2,0,3,3,ed1ebad4adf97e9e94be0ca88af2d8bb,1268,2.365930599369085,40.0,3,1267,1267,False,ok,False,False,
derived-resource,interactive-discover-4,discover,4,3,0,3,3,16a10be88d7ff874026ce66a4e993ecb,1817,1.651073197578426,44.0,3,1816,1817,False,ok,False,False,
derived-resource,interactive-discover-4,discover,4,4,0,7,7,d0ef3bb68aa278a8f97f329adee97dd8,2222,3.1503150315031503,124.0,7,2221,2221,False,ok,False,False,
derived-resource,interactive-discover-4,discover,4,0,1,5,5,3112eede040aaa01aedc457789eed356,2084,2.399232245681382,128.0,5,2083,2084,False,ok,False,False,
derived-resource,interactive-discover-4,discover,4,1,1,3,3,cd6f381a6281527b1dbda2f21a1a702a,1263,2.3752969121140146,40.0,3,1262,1262,False,ok,False,False,
derived-resource,interactive-discover-4,discover,4,2,1,3,3,ed1ebad4adf97e9e94be0ca88af2d8bb,1224,2.450980392156863,40.0,3,1224,1224,False,ok,False,False,
derived-resource,interactive-discover-4,discover,4,3,1,3,3,16a10be88d7ff874026ce66a4e993ecb,1257,2.3866348448687353,44.0,3,1256,1256,False,ok,False,False,
derived-resource,interactive-discover-4,discover,4,4,1,7,7,d0ef3bb68aa278a8f97f329adee97dd8,1886,3.7115588547189824,124.0,7,1885,1885,False,ok,False,False,
derived-resource,interactive-discover-4,discover,4,0,2,5,5,3112eede040aaa01aedc457789eed356,1841,2.7159152634437804,128.0,5,1840,1841,False,ok,False,False,
derived-resource,interactive-discover-4,discover,4,1,2,3,3,cd6f381a6281527b1dbda2f21a1a702a,1089,2.7548209366391188,40.0,3,1088,1088,False,ok,False,False,
derived-resource,interactive-discover-4,discover,4,2,2,3,3,ed1ebad4adf97e9e94be0ca88af2d8bb,1174,2.5553662691652472,40.0,3,1173,1173,False,ok,False,False,
derived-resource,interactive-discover-4,discover,4,3,2,3,3,16a10be88d7ff874026ce66a4e993ecb,1211,2.477291494632535,44.0,3,1209,1209,False,ok,False,False,
derived-resource,interactive-discover-4,discover,4,4,2,7,7,d0ef3bb68aa278a8f97f329adee97dd8,1938,3.6119711042311664,124.0,7,1937,1937,False,ok,False,False,
derived-resource,interactive-discover-4,discover,4,0,3,5,5,3112eede040aaa01aedc457789eed356,2007,2.4912805181863478,128.0,5,2006,2006,False,ok,False,False,
derived-resource,interactive-discover-4,discover,4,1,3,3,3,cd6f381a6281527b1dbda2f21a1a702a,1128,2.659574468085107,40.0,3,1127,1127,False,ok,False,False,
derived-resource,interactive-discover-4,discover,4,2,3,3,3,ed1ebad4adf97e9e94be0ca88af2d8bb,1097,2.7347310847766635,40.0,3,1096,1096,False,ok,False,False,
derived-resource,interactive-discover-4,discover,4,3,3,3,3,16a10be88d7ff874026ce66a4e993ecb,1212,2.4752475247524752,44.0,3,1211,1211,False,ok,False,False,
derived-resource,interactive-discover-4,discover,4,4,3,7,7,d0ef3bb68aa278a8f97f329adee97dd8,1908,3.668763102725367,124.0,7,1907,1907,False,ok,False,False,
derived-resource,interactive-discover-4,discover,4,0,4,5,5,3112eede040aaa01aedc457789eed356,1669,2.9958058717795084,128.0,5,1668,1668,False,ok,False,False,
derived-resource,interactive-discover-4,discover,4,1,4,3,3,cd6f381a6281527b1dbda2f21a1a702a,1116,2.6881720430107525,40.0,3,1115,1115,False,ok,False,False,
derived-resource,interactive-discover-4,discover,4,2,4,3,3,ed1ebad4adf97e9e94be0ca88af2d8bb,1093,2.7447392497712717,40.0,3,1093,1093,False,ok,False,False,
derived-resource,interactive-discover-4,discover,4,3,4,3,3,16a10be88d7ff874026ce66a4e993ecb,1211,2.477291494632535,44.0,3,1211,1211,False,ok,False,False,
derived-resource,interactive-discover-4,discover,4,4,4,7,7,d0ef3bb68aa278a8f97f329adee97dd8,1919,3.6477331943720688,124.0,7,1918,1918,False,ok,False,False,
derived-resource,interactive-discover-4,discover,4,0,5,5,5,3112eede040aaa01aedc457789eed356,1773,2.820078962210942,128.0,5,1772,1772,False,ok,False,False,
derived-resource,interactive-discover-4,discover,4,1,5,3,3,cd6f381a6281527b1dbda2f21a1a702a,1081,2.775208140610546,40.0,3,1080,1080,False,ok,False,False,
derived-resource,interactive-discover-4,discover,4,2,5,3,3,ed1ebad4adf97e9e94be0ca88af2d8bb,1075,2.7906976744186047,40.0,3,1074,1074,False,ok,False,False,
derived-resource,interactive-discover-4,discover,4,3,5,3,3,16a10be88d7ff874026ce66a4e993ecb,1325,2.2641509433962264,44.0,3,1324,1324,False,ok,False,False,
derived-resource,interactive-discover-4,discover,4,4,5,7,7,d0ef3bb68aa278a8f97f329adee97dd8,1916,3.653444676409186,124.0,7,1915,1915,False,ok,False,False,
derived-resource,interactive-discover-5,discover,5,0,0,15,15,cab888487e7572de37a55f0e8c3ec060,1604,9.351620947630922,93.0,15,846,911,False,ok,False,False,
derived-resource,interactive-discover-5,discover,5,1,0,3,3,7fc43bb183e4fb0238576536413c6c45,1158,2.590673575129534,29.0,3,800,809,False,ok,False,False,
derived-resource,interactive-discover-5,discover,5,2,0,3,3,2543010e761cb36b6f0c3e103e58af43,1062,2.8248587570621466,29.0,3,758,761,False,ok,False,False,
derived-resource,interactive-discover-5,discover,5,3,0,4,4,76fc6cfa5c07ff3011e9f2d7ac2ae7e0,1084,3.6900369003690034,31.0,4,787,810,False,ok,False,False,
derived-resource,interactive-discover-5,discover,5,4,0,20,20,880a30fb8a9114b4807acb78d9e7d141,1671,11.968880909634949,81.0,20,894,1004,False,ok,False,False,
derived-resource,interactive-discover-5,discover,5,0,1,15,15,cab888487e7572de37a55f0e8c3ec060,1683,8.9126559714795,93.0,15,853,928,False,ok,False,False,
derived-resource,interactive-discover-5,discover,5,1,1,3,3,7fc43bb183e4fb0238576536413c6c45,1104,2.7173913043478257,29.0,3,817,822,False,ok,False,False,
derived-resource,interactive-discover-5,discover,5,2,1,3,3,2543010e761cb36b6f0c3e103e58af43,1041,2.8818443804034586,29.0,3,771,776,False,ok,False,False,
derived-resource,interactive-discover-5,discover,5,3,1,4,4,76fc6cfa5c07ff3011e9f2d7ac2ae7e0,1079,3.7071362372567194,31.0,4,840,862,False,ok,False,False,
derived-resource,interactive-discover-5,discover,5,4,1,20,20,880a30fb8a9114b4807acb78d9e7d141,1514,13.21003963011889,81.0,20,894,1008,False,ok,False,False,
derived-resource,interactive-discover-5,discover,5,0,2,15,15,cab888487e7572de37a55f0e8c3ec060,1604,9.351620947630922,93.0,15,791,978,False,ok,False,False,
derived-resource,interactive-discover-5,discover,5,1,2,3,3,7fc43bb183e4fb0238576536413c6c45,1079,2.7803521779425395,29.0,3,831,835,False,ok,False,False,
derived-resource,interactive-discover-5,discover,5,2,2,3,3,2543010e761cb36b6f0c3e103e58af43,1063,2.8222013170272815,29.0,3,782,785,False,ok,False,False,
derived-resource,interactive-discover-5,discover,5,3,2,4,4,76fc6cfa5c07ff3011e9f2d7ac2ae7e0,1119,3.5746201966041107,31.0,4,799,816,False,ok,False,False,
derived-resource,interactive-discover-5,discover,5,4,2,20,20,880a30fb8a9114b4807acb78d9e7d141,1645,12.1580547112462,81.0,20,768,993,False,ok,False,False,
derived-resource,interactive-discover-5,discover,5,0,3,15,15,cab888487e7572de37a55f0e8c3ec060,1666,9.003601440576231,93.0,15,911,1608,False,ok,False,False,
derived-resource,interactive-discover-5,discover,5,1,3,3,3,7fc43bb183e4fb0238576536413c6c45,1066,2.8142589118198873,29.0,3,827,832,False,ok,False,False,
derived-resource,interactive-discover-5,discover,5,2,3,3,3,2543010e761cb36b6f0c3e103e58af43,1034,2.9013539651837523,29.0,3,827,833,False,ok,False,False,
derived-resource,interactive-discover-5,discover,5,3,3,4,4,76fc6cfa5c07ff3011e9f2d7ac2ae7e0,1108,3.6101083032490973,31.0,4,808,809,False,ok,False,False,
derived-resource,interactive-discover-5,discover,5,4,3,20,20,880a30fb8a9114b4807acb78d9e7d141,1396,14.326647564469916,81.0,20,783,869,False,ok,False,False,
derived-resource,interactive-discover-5,discover,5,0,4,15,15,cab888487e7572de37a55f0e8c3ec060,1733,8.655510675129833,93.0,15,875,975,False,ok,False,False,
derived-resource,interactive-discover-5,discover,5,1,4,3,3,7fc43bb183e4fb0238576536413c6c45,1055,2.843601895734597,29.0,3,833,840,False,ok,False,False,
derived-resource,interactive-discover-5,discover,5,2,4,3,3,2543010e761cb36b6f0c3e103e58af43,1081,2.775208140610546,29.0,3,703,706,False,ok,False,False,
derived-resource,interactive-discover-5,discover,5,3,4,4,4,76fc6cfa5c07ff3011e9f2d7ac2ae7e0,1078,3.7105751391465676,31.0,4,852,861,False,ok,False,False,
derived-resource,interactive-discover-5,discover,5,4,4,20,20,880a30fb8a9114b4807acb78d9e7d141,1539,12.995451591942821,81.0,20,808,987,False,ok,False,False,
derived-resource,interactive-discover-5,discover,5,0,5,15,15,cab888487e7572de37a55f0e8c3ec060,1557,9.633911368015415,93.0,15,894,935,False,ok,False,False,
derived-resource,interactive-discover-5,discover,5,1,5,3,3,7fc43bb183e4fb0238576536413c6c45,1067,2.8116213683223994,29.0,3,795,800,False,ok,False,False,
derived-resource,interactive-discover-5,discover,5,2,5,3,3,2543010e761cb36b6f0c3e103e58af43,1035,2.8985507246376816,29.0,3,822,828,False,ok,False,False,
derived-resource,interactive-discover-5,discover,5,3,5,4,4,76fc6cfa5c07ff3011e9f2d7ac2ae7e0,1104,3.623188405797101,31.0,4,800,818,False,ok,False,False,
derived-resource,interactive-discover-5,discover,5,4,5,20,20,880a30fb8a9114b4807acb78d9e7d141,1599,12.507817385866167,81.0,20,825,890,False,ok,False,False,
derived-resource,interactive-discover-6,discover,6,0,0,33,33,240c19f39eed1e3ac67718ff57b63a0d,160519,0.20558313969062852,11092.0,33,1154,1591,False,ok,False,False,
derived-resource,interactive-discover-6,discover,6,1,0,1,1,cd3466cc43b32ce51d8f13d5516f2ef2,1282,0.7800312012480499,31.0,1,1176,1176,False,ok,False,False,
derived-resource,interactive-discover-6,discover,6,2,0,1,1,29960679941029d6a70f26d6904d3728,1212,0.8250825082508251,31.0,1,1107,1107,False,ok,False,False,
derived-resource,interactive-discover-6,discover,6,3,0,2,2,dda32920d34bcd8a1bf9ed13c89c4b4d,246557,0.00811171453254217,,2,1113,1171,True,crash,False,False,terminated
derived-resource,interactive-discover-6,discover,6,4,0,27,27,613936d3d666a311d54e99e3a8f9cdad,3221,8.382489909965848,83.0,27,2465,3016,False,ok,False,False,
derived-resource,interactive-discover-6,discover,6,0,1,33,33,240c19f39eed1e3ac67718ff57b63a0d,155836,0.21176108216329986,11121.0,33,1521,1969,False,ok,False,False,
derived-resource,interactive-discover-6,discover,6,1,1,1,1,cd3466cc43b32ce51d8f13d5516f2ef2,1202,0.831946755407654,31.0,1,1086,1086,False,ok,False,False,
derived-resource,interactive-discover-6,discover,6,2,1,1,1,29960679941029d6a70f26d6904d3728,1145,0.8733624454148472,31.0,1,1047,1047,False,ok,False,False,
derived-resource,interactive-discover-6,discover,6,3,1,2,2,dda32920d34bcd8a1bf9ed13c89c4b4d,242816,0.00823668950975224,,2,1117,1119,True,crash,False,False,terminated
derived-resource,interactive-discover-6,discover,6,4,1,27,27,613936d3d666a311d54e99e3a8f9cdad,3068,8.800521512385918,83.0,27,2309,3013,False,ok,False,False,
derived-resource,interactive-discover-6,discover,6,0,2,33,33,240c19f39eed1e3ac67718ff57b63a0d,149950,0.22007335778592865,11117.0,33,1570,2125,False,ok,False,False,
derived-resource,interactive-discover-6,discover,6,1,2,1,1,cd3466cc43b32ce51d8f13d5516f2ef2,1191,0.8396305625524769,31.0,1,1082,1082,False,ok,False,False,
derived-resource,interactive-discover-6,discover,6,2,2,1,1,29960679941029d6a70f26d6904d3728,1169,0.8554319931565441,31.0,1,1055,1055,False,ok,False,False,
derived-resource,interactive-discover-6,discover,6,3,2,2,2,dda32920d34bcd8a1bf9ed13c89c4b4d,259630,0.0077032700381311865,,2,1101,1188,True,crash,False,False,terminated
derived-resource,interactive-discover-6,discover,6,4,2,27,27,613936d3d666a311d54e99e3a8f9cdad,3495,7.725321888412017,83.0,27,2696,3493,False,ok,False,False,
derived-resource,interactive-discover-6,discover,6,0,3,33,33,240c19f39eed1e3ac67718ff57b63a0d,166174,0.1985870232406995,11047.0,33,1533,2165,False,ok,False,False,
derived-resource,interactive-discover-6,discover,6,1,3,1,1,cd3466cc43b32ce51d8f13d5516f2ef2,1147,0.8718395815170008,31.0,1,1047,1047,False,ok,False,False,
derived-resource,interactive-discover-6,discover,6,2,3,1,1,29960679941029d6a70f26d6904d3728,1154,0.8665511265164645,31.0,1,1052,1052,False,ok,False,False,
derived-resource,interactive-discover-6,discover,6,3,3,2,2,dda32920d34bcd8a1bf9ed13c89c4b4d,178702,0.011191816543743216,11095.0,2,1144,1145,False,ok,False,False,
derived-resource,interactive-discover-6,discover,6,4,3,27,27,613936d3d666a311d54e99e3a8f9cdad,3111,8.678881388621022,83.0,27,2887,3105,False,ok,False,False,
derived-resource,interactive-discover-6,discover,6,0,4,33,33,240c19f39eed1e3ac67718ff57b63a0d,143130,0.23055963110459024,11120.0,33,1265,1775,False,ok,False,False,
derived-resource,interactive-discover-6,discover,6,1,4,1,1,cd3466cc43b32ce51d8f13d5516f2ef2,1158,0.8635578583765113,31.0,1,1044,1044,False,ok,False,False,
derived-resource,interactive-discover-6,discover,6,2,4,1,1,29960679941029d6a70f26d6904d3728,1132,0.88339222614841,31.0,1,1027,1027,False,ok,False,False,
derived-resource,interactive-discover-6,discover,6,3,4,2,2,dda32920d34bcd8a1bf9ed13c89c4b4d,244721,0.008172572031006738,,2,1143,1145,True,crash,False,False,terminated
derived-resource,interactive-discover-6,discover,6,4,4,27,27,613936d3d666a311d54e99e3a8f9cdad,3110,8.681672025723474,83.0,27,2361,3043,False,ok,False,False,
derived-resource,interactive-discover-6,discover,6,0,5,33,33,240c19f39eed1e3ac67718ff57b63a0d,165247,0.19970105357434625,11122.0,33,1667,2129,False,ok,False,False,
derived-resource,interactive-discover-6,discover,6,1,5,1,1,cd3466cc43b32ce51d8f13d5516f2ef2,1226,0.8156606851549756,31.0,1,1122,1122,False,ok,False,False,
derived-resource,interactive-discover-6,discover,6,2,5,1,1,29960679941029d6a70f26d6904d3728,1146,0.8726003490401397,31.0,1,1049,1049,False,ok,False,False,
derived-resource,interactive-discover-6,discover,6,3,5,2,2,dda32920d34bcd8a1bf9ed13c89c4b4d,247920,0.008067118425298484,,2,1114,1185,True,crash,False,False,terminated
derived-resource,interactive-discover-6,discover,6,4,5,27,27,613936d3d666a311d54e99e3a8f9cdad,3100,8.709677419354838,83.0,27,2397,2998,False,ok,False,False,
derived-resource,interactive-discover-7,discover,7,0,0,2,2,d8614c4f7b4fe0cc2f1623d07244cf20,300109,0.006664245324198875,,2,1606,19801,True,timeout,True,False,"Unexpected ""!"" at position 0 in state STOP"
derived-resource,interactive-discover-7,discover,7,1,0,1,1,75ab2bd12ac1e16dcc02f8c9e8d97308,3699,0.2703433360367667,33.0,1,3594,3594,False,ok,False,False,
derived-resource,interactive-discover-7,discover,7,2,0,1,1,faf54113a5297c559416a2dd78b9cc86,1993,0.5017561465127948,33.0,1,1873,1873,False,ok,False,False,
derived-resource,interactive-discover-7,discover,7,3,0,2,2,d2faccc09255b3a49e90b46ed45ffe1d,300011,0.006666422231184856,,2,1544,45311,True,timeout,True,False,"Unexpected ""!"" at position 0 in state STOP"
derived-resource,interactive-discover-7,discover,7,4,0,1,1,3ee14484ce425fdbae40700cdd59c0d2,3862,0.2589331952356292,85.0,1,3118,3118,False,ok,False,False,
derived-resource,interactive-discover-7,discover,7,0,1,2,2,d8614c4f7b4fe0cc2f1623d07244cf20,300008,0.006666488893629504,,2,2369,16550,True,timeout,True,False,"Unexpected ""!"" at position 0 in state STOP"
derived-resource,interactive-discover-7,discover,7,1,1,1,1,75ab2bd12ac1e16dcc02f8c9e8d97308,2001,0.49975012493753124,33.0,1,1893,1893,False,ok,False,False,
derived-resource,interactive-discover-7,discover,7,2,1,1,1,faf54113a5297c559416a2dd78b9cc86,1668,0.5995203836930456,33.0,1,1558,1558,False,ok,False,False,
derived-resource,interactive-discover-7,discover,7,3,1,2,2,d2faccc09255b3a49e90b46ed45ffe1d,300022,0.0066661778136270005,,2,1622,17319,True,timeout,True,False,"Unexpected ""!"" at position 0 in state STOP"
derived-resource,interactive-discover-7,discover,7,4,1,1,1,3ee14484ce425fdbae40700cdd59c0d2,2951,0.3388681802778719,85.0,1,2225,2225,False,ok,False,False,
derived-resource,interactive-discover-7,discover,7,0,2,2,2,d8614c4f7b4fe0cc2f1623d07244cf20,300008,0.006666488893629504,,2,1352,9519,True,timeout,True,False,"Unexpected ""!"" at position 0 in state STOP"
derived-resource,interactive-discover-7,discover,7,1,2,1,1,75ab2bd12ac1e16dcc02f8c9e8d97308,4206,0.2377555872563005,33.0,1,4074,4074,False,ok,False,False,
derived-resource,interactive-discover-7,discover,7,2,2,1,1,faf54113a5297c559416a2dd78b9cc86,2694,0.37119524870081666,33.0,1,2562,2562,False,ok,False,False,
derived-resource,interactive-discover-7,discover,7,3,2,2,2,d2faccc09255b3a49e90b46ed45ffe1d,300012,0.00666640001066624,,2,1795,48059,True,timeout,True,False,"Unexpected ""!"" at position 0 in state STOP"
derived-resource,interactive-discover-7,discover,7,4,2,1,1,3ee14484ce425fdbae40700cdd59c0d2,2806,0.3563791874554526,85.0,1,1963,1963,False,ok,False,False,
derived-resource,interactive-discover-7,discover,7,0,3,2,2,d8614c4f7b4fe0cc2f1623d07244cf20,300008,0.006666488893629504,,2,1512,15755,True,timeout,True,False,"Unexpected ""!"" at position 0 in state STOP"
derived-resource,interactive-discover-7,discover,7,1,3,1,1,75ab2bd12ac1e16dcc02f8c9e8d97308,4999,0.20004000800160032,33.0,1,4876,4876,False,ok,False,False,
derived-resource,interactive-discover-7,discover,7,2,3,1,1,faf54113a5297c559416a2dd78b9cc86,2847,0.3512469265893923,33.0,1,2638,2638,False,ok,False,False,
derived-resource,interactive-discover-7,discover,7,3,3,2,2,d2faccc09255b3a49e90b46ed45ffe1d,300013,0.006666377790295754,,2,1982,32434,True,timeout,True,False,"Unexpected ""!"" at position 0 in state STOP"
derived-resource,interactive-discover-7,discover,7,4,3,1,1,3ee14484ce425fdbae40700cdd59c0d2,3900,0.25641025641025644,85.0,1,3095,3095,False,ok,False,False,
derived-resource,interactive-discover-7,discover,7,0,4,2,2,d8614c4f7b4fe0cc2f1623d07244cf20,300009,0.006666466672666486,,2,2743,9689,True,timeout,True,False,"Unexpected ""!"" at position 0 in state STOP"
derived-resource,interactive-discover-7,discover,7,1,4,1,1,75ab2bd12ac1e16dcc02f8c9e8d97308,2639,0.3789314134141721,33.0,1,2530,2530,False,ok,False,False,
derived-resource,interactive-discover-7,discover,7,2,4,1,1,faf54113a5297c559416a2dd78b9cc86,1967,0.5083884087442806,33.0,1,1849,1849,False,ok,False,False,
derived-resource,interactive-discover-7,discover,7,3,4,2,2,d2faccc09255b3a49e90b46ed45ffe1d,300009,0.006666466672666486,,2,1620,27927,True,timeout,True,False,"Unexpected ""!"" at position 0 in state STOP"
derived-resource,interactive-discover-7,discover,7,4,4,1,1,3ee14484ce425fdbae40700cdd59c0d2,3041,0.3288391976323578,85.0,1,2180,2180,False,ok,False,False,
derived-resource,interactive-discover-7,discover,7,0,5,2,2,d8614c4f7b4fe0cc2f1623d07244cf20,306082,0.0065341967185264084,,2,1634,12904,True,timeout,True,False,"Unexpected ""!"" at position 0 in state STOP"
derived-resource,interactive-discover-7,discover,7,1,5,1,1,75ab2bd12ac1e16dcc02f8c9e8d97308,2062,0.4849660523763337,33.0,1,1943,1943,False,ok,False,False,
derived-resource,interactive-discover-7,discover,7,2,5,1,1,faf54113a5297c559416a2dd78b9cc86,1624,0.6157635467980295,33.0,1,1518,1518,False,ok,False,False,
derived-resource,interactive-discover-7,discover,7,3,5,2,2,d2faccc09255b3a49e90b46ed45ffe1d,300008,0.006666488893629504,,2,1552,33854,True,timeout,True,False,"Unexpected ""!"" at position 0 in state STOP"
derived-resource,interactive-discover-7,discover,7,4,5,1,1,3ee14484ce425fdbae40700cdd59c0d2,5060,0.19762845849802374,85.0,1,4260,4260,False,ok,False,False,
derived-resource,interactive-discover-8,discover,8,0,0,10,10,388496bcb00b5f1b177cae4fc341265d,6887,1.4520110352838682,120.0,10,5880,6884,False,ok,False,False,
derived-resource,interactive-discover-8,discover,8,1,0,10,10,af0ebbbe8500f4b123c96deae5cfc3a4,2031,4.923682914820286,41.0,10,1977,2030,False,ok,False,False,
derived-resource,interactive-discover-8,discover,8,2,0,10,10,14c42de585383255e7cf3757fed29e2e,1457,6.863417982155113,31.0,10,1449,1456,False,ok,False,False,
derived-resource,interactive-discover-8,discover,8,3,0,10,10,3a18f9bfc79b393d22deeeddfaec8c2e,3061,3.266906239790918,58.0,10,3024,3060,False,ok,False,False,
derived-resource,interactive-discover-8,discover,8,4,0,10,10,edfc2d7365686735b39f10138c4e8049,1461,6.844626967830253,35.0,10,1460,1460,False,ok,False,False,
derived-resource,interactive-discover-8,discover,8,0,1,10,10,e57dbe8986a5e3245c930c72a94f6a80,5974,1.6739203213927016,136.0,10,4906,5973,False,ok,False,False,
derived-resource,interactive-discover-8,discover,8,1,1,10,10,af0ebbbe8500f4b123c96deae5cfc3a4,1729,5.78368999421631,31.0,10,1456,1728,False,ok,False,False,
derived-resource,interactive-discover-8,discover,8,2,1,10,10,46a957da153e133f8d4d68d8395077a0,1107,9.033423667570009,33.0,10,1106,1107,False,ok,False,False,
derived-resource,interactive-discover-8,discover,8,3,1,10,10,3a18f9bfc79b393d22deeeddfaec8c2e,2927,3.4164673727365904,57.0,10,2886,2927,False,ok,False,False,
derived-resource,interactive-discover-8,discover,8,4,1,10,10,edfc2d7365686735b39f10138c4e8049,1144,8.741258741258742,32.0,10,1079,1144,False,ok,False,False,
derived-resource,interactive-discover-8,discover,8,0,2,10,10,0e5c3b2c0f3d6cb19a1b6b22b81d8a5d,5294,1.8889308651303365,112.0,10,4814,5293,False,ok,False,False,
derived-resource,interactive-discover-8,discover,8,1,2,10,10,af0ebbbe8500f4b123c96deae5cfc3a4,991,10.090817356205854,29.0,10,969,990,False,ok,False,False,
derived-resource,interactive-discover-8,discover,8,2,2,10,10,14c42de585383255e7cf3757fed29e2e,967,10.341261633919338,31.0,10,961,966,False,ok,False,False,
derived-resource,interactive-discover-8,discover,8,3,2,10,10,3a18f9bfc79b393d22deeeddfaec8c2e,2038,4.906771344455349,45.0,10,1297,2037,False,ok,False,False,
derived-resource,interactive-discover-8,discover,8,4,2,10,10,edfc2d7365686735b39f10138c4e8049,1249,8.00640512409928,45.0,10,1137,1248,False,ok,False,False,
derived-resource,interactive-discover-8,discover,8,0,3,10,10,4a95f733ca3eae402f5a764e0222ced6,5438,1.8389113644722326,136.0,10,4512,5438,False,ok,False,False,
derived-resource,interactive-discover-8,discover,8,1,3,10,10,b44072d5f61b08c9cf8d50ae40db5eef,1078,9.276437847866418,29.0,10,1077,1077,False,ok,False,False,
derived-resource,interactive-discover-8,discover,8,2,3,10,10,14c42de585383255e7cf3757fed29e2e,985,10.152284263959391,31.0,10,974,984,False,ok,False,False,
derived-resource,interactive-discover-8,discover,8,3,3,10,10,3a18f9bfc79b393d22deeeddfaec8c2e,1994,5.015045135406218,44.0,10,1328,1993,False,ok,False,False,
derived-resource,interactive-discover-8,discover,8,4,3,10,10,edfc2d7365686735b39f10138c4e8049,1376,7.267441860465117,45.0,10,1087,1375,False,ok,False,False,
derived-resource,interactive-discover-8,discover,8,0,4,10,10,e57dbe8986a5e3245c930c72a94f6a80,5807,1.7220595832615808,136.0,10,4844,5801,False,ok,False,False,
derived-resource,interactive-discover-8,discover,8,1,4,10,10,af0ebbbe8500f4b123c96deae5cfc3a4,1071,9.337068160597573,29.0,10,1070,1070,False,ok,False,False,
derived-resource,interactive-discover-8,discover,8,2,4,10,10,14c42de585383255e7cf3757fed29e2e,979,10.21450459652707,31.0,10,977,978,False,ok,False,False,
derived-resource,interactive-discover-8,discover,8,3,4,10,10,3a18f9bfc79b393d22deeeddfaec8c2e,1933,5.173305742369374,44.0,10,1316,1932,False,ok,False,False,
derived-resource,interactive-discover-8,discover,8,4,4,10,10,e50e7d2d75c0d4ec47424810da865456,1272,7.861635220125786,46.0,10,1271,1271,False,ok,False,False,
derived-resource,interactive-discover-8,discover,8,0,5,10,10,e57dbe8986a5e3245c930c72a94f6a80,5589,1.7892288423689389,136.0,10,4673,5588,False,ok,False,False,
derived-resource,interactive-discover-8,discover,8,1,5,10,10,09a4daf58f827b87b77d660ee14e9de4,1174,8.517887563884157,30.0,10,1173,1173,False,ok,False,False,
derived-resource,interactive-discover-8,discover,8,2,5,10,10,14c42de585383255e7cf3757fed29e2e,1024,9.765625,31.0,10,1022,1023,False,ok,False,False,
derived-resource,interactive-discover-8,discover,8,3,5,10,10,3a18f9bfc79b393d22deeeddfaec8c2e,2440,4.098360655737705,58.0,10,2337,2439,False,ok,False,False,
derived-resource,interactive-discover-8,discover,8,4,5,10,10,edfc2d7365686735b39f10138c4e8049,1207,8.285004142502071,33.0,10,1206,1206,False,ok,False,False,
derived-resource,interactive-short-1,short,1,0,0,1,1,6b641713c69378408c911f18ba9ba38b,2310,0.4329004329004329,123.0,1,2214,2214,False,ok,False,False,
derived-resource,interactive-short-1,short,1,1,0,1,1,f02ab3570928d3fc74a51ceb7a4a39ac,7062,0.14160294534126308,48.0,1,6947,6947,False,ok,False,False,
derived-resource,interactive-short-1,short,1,2,0,1,1,ff4ea17b4281fdba2a7a842efe3a722a,1934,0.5170630816959669,48.0,1,1829,1829,False,ok,False,False,
derived-resource,interactive-short-1,short,1,3,0,1,1,64191c6d5f502dc3f35888f44214ade1,1918,0.5213764337851929,50.0,1,1806,1806,False,ok,False,False,
derived-resource,interactive-short-1,short,1,4,0,1,1,d8972c3dd7a9ab1cc6d9b0773f1037c3,2448,0.4084967320261438,100.0,1,2081,2081,False,ok,False,False,
derived-resource,interactive-short-1,short,1,0,1,1,1,6b641713c69378408c911f18ba9ba38b,2397,0.41718815185648733,112.0,1,1761,1761,False,ok,False,False,
derived-resource,interactive-short-1,short,1,1,1,1,1,f02ab3570928d3fc74a51ceb7a4a39ac,1854,0.5393743257820928,48.0,1,1739,1739,False,ok,False,False,
derived-resource,interactive-short-1,short,1,2,1,1,1,ff4ea17b4281fdba2a7a842efe3a722a,1737,0.5757052389176741,48.0,1,1628,1628,False,ok,False,False,
derived-resource,interactive-short-1,short,1,3,1,1,1,64191c6d5f502dc3f35888f44214ade1,1849,0.5408328826392644,50.0,1,1739,1739,False,ok,False,False,
derived-resource,interactive-short-1,short,1,4,1,1,1,d8972c3dd7a9ab1cc6d9b0773f1037c3,2221,0.45024763619990993,100.0,1,1781,1781,False,ok,False,False,
derived-resource,interactive-short-1,short,1,0,2,1,1,6b641713c69378408c911f18ba9ba38b,7883,0.12685525815045035,112.0,1,7854,7854,False,ok,False,False,
derived-resource,interactive-short-1,short,1,1,2,1,1,f02ab3570928d3fc74a51ceb7a4a39ac,1801,0.5552470849528041,48.0,1,1689,1689,False,ok,False,False,
derived-resource,interactive-short-1,short,1,2,2,1,1,ff4ea17b4281fdba2a7a842efe3a722a,1742,0.574052812858783,48.0,1,1618,1618,False,ok,False,False,
derived-resource,interactive-short-1,short,1,3,2,1,1,64191c6d5f502dc3f35888f44214ade1,1810,0.5524861878453039,50.0,1,1693,1693,False,ok,False,False,
derived-resource,interactive-short-1,short,1,4,2,1,1,d8972c3dd7a9ab1cc6d9b0773f1037c3,2204,0.4537205081669691,100.0,1,1817,1817,False,ok,False,False,
derived-resource,interactive-short-1,short,1,0,3,1,1,6b641713c69378408c911f18ba9ba38b,2290,0.4366812227074236,112.0,1,2040,2040,False,ok,False,False,
derived-resource,interactive-short-1,short,1,1,3,1,1,f02ab3570928d3fc74a51ceb7a4a39ac,1612,0.6203473945409429,48.0,1,1501,1501,False,ok,False,False,
derived-resource,interactive-short-1,short,1,2,3,1,1,ff4ea17b4281fdba2a7a842efe3a722a,1580,0.6329113924050632,48.0,1,1472,1472,False,ok,False,False,
derived-resource,interactive-short-1,short,1,3,3,1,1,64191c6d5f502dc3f35888f44214ade1,1626,0.6150061500615006,50.0,1,1503,1503,False,ok,False,False,
derived-resource,interactive-short-1,short,1,4,3,1,1,d8972c3dd7a9ab1cc6d9b0773f1037c3,1960,0.5102040816326531,100.0,1,1573,1573,False,ok,False,False,
derived-resource,interactive-short-1,short,1,0,4,1,1,6b641713c69378408c911f18ba9ba38b,2011,0.49726504226752855,112.0,1,1564,1564,False,ok,False,False,
derived-resource,interactive-short-1,short,1,1,4,1,1,f02ab3570928d3fc74a51ceb7a4a39ac,1574,0.6353240152477764,48.0,1,1449,1449,False,ok,False,False,
derived-resource,interactive-short-1,short,1,2,4,1,1,ff4ea17b4281fdba2a7a842efe3a722a,1704,0.5868544600938967,48.0,1,1587,1587,False,ok,False,False,
derived-resource,interactive-short-1,short,1,3,4,1,1,64191c6d5f502dc3f35888f44214ade1,1761,0.5678591709256104,50.0,1,1641,1641,False,ok,False,False,
derived-resource,interactive-short-1,short,1,4,4,1,1,d8972c3dd7a9ab1cc6d9b0773f1037c3,2164,0.4621072088724584,100.0,1,1781,1781,False,ok,False,False,
derived-resource,interactive-short-1,short,1,0,5,1,1,6b641713c69378408c911f18ba9ba38b,2235,0.447427293064877,112.0,1,1960,1960,False,ok,False,False,
derived-resource,interactive-short-1,short,1,1,5,1,1,f02ab3570928d3fc74a51ceb7a4a39ac,1726,0.5793742757821553,48.0,1,1611,1611,False,ok,False,False,
derived-resource,interactive-short-1,short,1,2,5,1,1,ff4ea17b4281fdba2a7a842efe3a722a,1726,0.5793742757821553,48.0,1,1620,1620,False,ok,False,False,
derived-resource,interactive-short-1,short,1,3,5,1,1,64191c6d5f502dc3f35888f44214ade1,1810,0.5524861878453039,50.0,1,1708,1708,False,ok,False,False,
derived-resource,interactive-short-1,short,1,4,5,1,1,d8972c3dd7a9ab1cc6d9b0773f1037c3,2190,0.4566210045662101,100.0,1,1675,1675,False,ok,False,False,
derived-resource,interactive-short-2,short,2,0,0,0,0,d41d8cd98f00b204e9800998ecf8427e,20,0.0,,0,,,True,unsupported,False,True,"Invalid SPARQL endpoint response from http://localhost:3001/sparql (HTTP status 400):
Query operation processing failed: none of the configured actors were able to handle the operation type nodes
    Error messages of failing actors:
        Actor urn:comunica:default:query-operation/actors#source does not accept the operation nodes.
"
derived-resource,interactive-short-2,short,2,1,0,0,0,d41d8cd98f00b204e9800998ecf8427e,11,0.0,,0,,,True,unsupported,False,True,"Invalid SPARQL endpoint response from http://localhost:3001/sparql (HTTP status 400):
Query operation processing failed: none of the configured actors were able to handle the operation type nodes
    Error messages of failing actors:
        Actor urn:comunica:default:query-operation/actors#source does not accept the operation nodes.
"
derived-resource,interactive-short-2,short,2,2,0,0,0,d41d8cd98f00b204e9800998ecf8427e,10,0.0,,0,,,True,unsupported,False,True,"Invalid SPARQL endpoint response from http://localhost:3001/sparql (HTTP status 400):
Query operation processing failed: none of the configured actors were able to handle the operation type nodes
    Error messages of failing actors:
        Actor urn:comunica:default:query-operation/actors#source does not accept the operation nodes.
"
derived-resource,interactive-short-2,short,2,3,0,0,0,d41d8cd98f00b204e9800998ecf8427e,10,0.0,,0,,,True,unsupported,False,True,"Invalid SPARQL endpoint response from http://localhost:3001/sparql (HTTP status 400):
Query operation processing failed: none of the configured actors were able to handle the operation type nodes
    Error messages of failing actors:
        Actor urn:comunica:default:query-operation/actors#source does not accept the operation nodes.
"
derived-resource,interactive-short-2,short,2,4,0,0,0,d41d8cd98f00b204e9800998ecf8427e,47,0.0,,0,,,True,unsupported,False,True,"Invalid SPARQL endpoint response from http://localhost:3001/sparql (HTTP status 400):
Query operation processing failed: none of the configured actors were able to handle the operation type nodes
    Error messages of failing actors:
        Actor urn:comunica:default:query-operation/actors#source does not accept the operation nodes.
"
derived-resource,interactive-short-2,short,2,0,1,0,0,d41d8cd98f00b204e9800998ecf8427e,10,0.0,,0,,,True,unsupported,False,True,"Invalid SPARQL endpoint response from http://localhost:3001/sparql (HTTP status 400):
Query operation processing failed: none of the configured actors were able to handle the operation type nodes
    Error messages of failing actors:
        Actor urn:comunica:default:query-operation/actors#source does not accept the operation nodes.
"
derived-resource,interactive-short-2,short,2,1,1,0,0,d41d8cd98f00b204e9800998ecf8427e,17,0.0,,0,,,True,unsupported,False,True,"Invalid SPARQL endpoint response from http://localhost:3001/sparql (HTTP status 400):
Query operation processing failed: none of the configured actors were able to handle the operation type nodes
    Error messages of failing actors:
        Actor urn:comunica:default:query-operation/actors#source does not accept the operation nodes.
"
derived-resource,interactive-short-2,short,2,2,1,0,0,d41d8cd98f00b204e9800998ecf8427e,19,0.0,,0,,,True,unsupported,False,True,"Invalid SPARQL endpoint response from http://localhost:3001/sparql (HTTP status 400):
Query operation processing failed: none of the configured actors were able to handle the operation type nodes
    Error messages of failing actors:
        Actor urn:comunica:default:query-operation/actors#source does not accept the operation nodes.
"
derived-resource,interactive-short-2,short,2,3,1,0,0,d41d8cd98f00b204e9800998ecf8427e,11,0.0,,0,,,True,unsupported,False,True,"Invalid SPARQL endpoint response from http://localhost:3001/sparql (HTTP status 400):
Query operation processing failed: none of the configured actors were able to handle the operation type nodes
    Error messages of failing actors:
        Actor urn:comunica:default:query-operation/actors#source does not accept the operation nodes.
"
derived-resource,interactive-short-2,short,2,4,1,0,0,d41d8cd98f00b204e9800998ecf8427e,10,0.0,,0,,,True,unsupported,False,True,"Invalid SPARQL endpoint response from http://localhost:3001/sparql (HTTP status 400):
Query operation processing failed: none of the configured actors were able to handle the operation type nodes
    Error messages of failing actors:
        Actor urn:comunica:default:query-operation/actors#source does not accept the operation nodes.
"
derived-resource,interactive-short-2,short,2,0,2,0,0,d41d8cd98f00b204e9800998ecf8427e,65,0.0,,0,,,True,unsupported,False,True,"Invalid SPARQL endpoint response from http://localhost:3001/sparql (HTTP status 400):
Query operation processing failed: none of the configured actors were able to handle the operation type nodes
    Error messages of failing actors:
        Actor urn:comunica:default:query-operation/actors#source does not accept the operation nodes.
"
derived-resource,interactive-short-2,short,2,1,2,0,0,d41d8cd98f00b204e9800998ecf8427e,17,0.0,,0,,,True,unsupported,False,True,"Invalid SPARQL endpoint response from http://localhost:3001/sparql (HTTP status 400):
Query operation processing failed: none of the configured actors were able to handle the operation type nodes
    Error messages of failing actors:
        Actor urn:comunica:default:query-operation/actors#source does not accept the operation nodes.
"
derived-resource,interactive-short-2,short,2,2,2,0,0,d41d8cd98f00b204e9800998ecf8427e,39,0.0,,0,,,True,unsupported,False,True,"Invalid SPARQL endpoint response from http://localhost:3001/sparql (HTTP status 400):
Query operation processing failed: none of the configured actors were able to handle the operation type nodes
    Error messages of failing actors:
        Actor urn:comunica:default:query-operation/actors#source does not accept the operation nodes.
"
derived-resource,interactive-short-2,short,2,3,2,0,0,d41d8cd98f00b204e9800998ecf8427e,30,0.0,,0,,,True,unsupported,False,True,"Invalid SPARQL endpoint response from http://localhost:3001/sparql (HTTP status 400):
Query operation processing failed: none of the configured actors were able to handle the operation type nodes
    Error messages of failing actors:
        Actor urn:comunica:default:query-operation/actors#source does not accept the operation nodes.
"
derived-resource,interactive-short-2,short,2,4,2,0,0,d41d8cd98f00b204e9800998ecf8427e,34,0.0,,0,,,True,unsupported,False,True,"Invalid SPARQL endpoint response from http://localhost:3001/sparql (HTTP status 400):
Query operation processing failed: none of the configured actors were able to handle the operation type nodes
    Error messages of failing actors:
        Actor urn:comunica:default:query-operation/actors#source does not accept the operation nodes.
"
derived-resource,interactive-short-2,short,2,0,3,0,0,d41d8cd98f00b204e9800998ecf8427e,49,0.0,,0,,,True,unsupported,False,True,"Invalid SPARQL endpoint response from http://localhost:3001/sparql (HTTP status 400):
Query operation processing failed: none of the configured actors were able to handle the operation type nodes
    Error messages of failing actors:
        Actor urn:comunica:default:query-operation/actors#source does not accept the operation nodes.
"
derived-resource,interactive-short-2,short,2,1,3,0,0,d41d8cd98f00b204e9800998ecf8427e,12,0.0,,0,,,True,unsupported,False,True,"Invalid SPARQL endpoint response from http://localhost:3001/sparql (HTTP status 400):
Query operation processing failed: none of the configured actors were able to handle the operation type nodes
    Error messages of failing actors:
        Actor urn:comunica:default:query-operation/actors#source does not accept the operation nodes.
"
derived-resource,interactive-short-2,short,2,2,3,0,0,d41d8cd98f00b204e9800998ecf8427e,52,0.0,,0,,,True,unsupported,False,True,"Invalid SPARQL endpoint response from http://localhost:3001/sparql (HTTP status 400):
Query operation processing failed: none of the configured actors were able to handle the operation type nodes
    Error messages of failing actors:
        Actor urn:comunica:default:query-operation/actors#source does not accept the operation nodes.
"
derived-resource,interactive-short-2,short,2,3,3,0,0,d41d8cd98f00b204e9800998ecf8427e,18,0.0,,0,,,True,unsupported,False,True,"Invalid SPARQL endpoint response from http://localhost:3001/sparql (HTTP status 400):
Query operation processing failed: none of the configured actors were able to handle the operation type nodes
    Error messages of failing actors:
        Actor urn:comunica:default:query-operation/actors#source does not accept the operation nodes.
"
derived-resource,interactive-short-2,short,2,4,3,0,0,d41d8cd98f00b204e9800998ecf8427e,48,0.0,,0,,,True,unsupported,False,True,"Invalid SPARQL endpoint response from http://localhost:3001/sparql (HTTP status 400):
Query operation processing failed: none of the configured actors were able to handle the operation type nodes
    Error messages of failing actors:
        Actor urn:comunica:default:query-operation/actors#source does not accept the operation nodes.
"
derived-resource,interactive-short-2,short,2,0,4,0,0,d41d8cd98f00b204e9800998ecf8427e,9,0.0,,0,,,True,unsupported,False,True,"Invalid SPARQL endpoint response from http://localhost:3001/sparql (HTTP status 400):
Query operation processing failed: none of the configured actors were able to handle the operation type nodes
    Error messages of failing actors:
        Actor urn:comunica:default:query-operation/actors#source does not accept the operation nodes.
"
derived-resource,interactive-short-2,short,2,1,4,0,0,d41d8cd98f00b204e9800998ecf8427e,9,0.0,,0,,,True,unsupported,False,True,"Invalid SPARQL endpoint response from http://localhost:3001/sparql (HTTP status 400):
Query operation processing failed: none of the configured actors were able to handle the operation type nodes
    Error messages of failing actors:
        Actor urn:comunica:default:query-operation/actors#source does not accept the operation nodes.
"
derived-resource,interactive-short-2,short,2,2,4,0,0,d41d8cd98f00b204e9800998ecf8427e,9,0.0,,0,,,True,unsupported,False,True,"Invalid SPARQL endpoint response from http://localhost:3001/sparql (HTTP status 400):
Query operation processing failed: none of the configured actors were able to handle the operation type nodes
    Error messages of failing actors:
        Actor urn:comunica:default:query-operation/actors#source does not accept the operation nodes.
"
derived-resource,interactive-short-2,short,2,3,4,0,0,d41d8cd98f00b204e9800998ecf8427e,8,0.0,,0,,,True,unsupported,False,True,"Invalid SPARQL endpoint response from http://localhost:3001/sparql (HTTP status 400):
Query operation processing failed: none of the configured actors were able to handle the operation type nodes
    Error messages of failing actors:
        Actor urn:comunica:default:query-operation/actors#source does not accept the operation nodes.
"
derived-resource,interactive-short-2,short,2,4,4,0,0,d41d8cd98f00b204e9800998ecf8427e,36,0.0,,0,,,True,unsupported,False,True,"Invalid SPARQL endpoint response from http://localhost:3001/sparql (HTTP status 400):
Query operation processing failed: none of the configured actors were able to handle the operation type nodes
    Error messages of failing actors:
        Actor urn:comunica:default:query-operation/actors#source does not accept the operation nodes.
"
derived-resource,interactive-short-2,short,2,0,5,0,0,d41d8cd98f00b204e9800998ecf8427e,11,0.0,,0,,,True,unsupported,False,True,"Invalid SPARQL endpoint response from http://localhost:3001/sparql (HTTP status 400):
Query operation processing failed: none of the configured actors were able to handle the operation type nodes
    Error messages of failing actors:
        Actor urn:comunica:default:query-operation/actors#source does not accept the operation nodes.
"
derived-resource,interactive-short-2,short,2,1,5,0,0,d41d8cd98f00b204e9800998ecf8427e,9,0.0,,0,,,True,unsupported,False,True,"Invalid SPARQL endpoint response from http://localhost:3001/sparql (HTTP status 400):
Query operation processing failed: none of the configured actors were able to handle the operation type nodes
    Error messages of failing actors:
        Actor urn:comunica:default:query-operation/actors#source does not accept the operation nodes.
"
derived-resource,interactive-short-2,short,2,2,5,0,0,d41d8cd98f00b204e9800998ecf8427e,65,0.0,,0,,,True,unsupported,False,True,"Invalid SPARQL endpoint response from http://localhost:3001/sparql (HTTP status 400):
Query operation processing failed: none of the configured actors were able to handle the operation type nodes
    Error messages of failing actors:
        Actor urn:comunica:default:query-operation/actors#source does not accept the operation nodes.
"
derived-resource,interactive-short-2,short,2,3,5,0,0,d41d8cd98f00b204e9800998ecf8427e,9,0.0,,0,,,True,unsupported,False,True,"Invalid SPARQL endpoint response from http://localhost:3001/sparql (HTTP status 400):
Query operation processing failed: none of the configured actors were able to handle the operation type nodes
    Error messages of failing actors:
        Actor urn:comunica:default:query-operation/actors#source does not accept the operation nodes.
"
derived-resource,interactive-short-2,short,2,4,5,0,0,d41d8cd98f00b204e9800998ecf8427e,8,0.0,,0,,,True,unsupported,False,True,"Invalid SPARQL endpoint response from http://localhost:3001/sparql (HTTP status 400):
Query operation processing failed: none of the configured actors were able to handle the operation type nodes
    Error messages of failing actors:
        Actor urn:comunica:default:query-operation/actors#source does not accept the operation nodes.
"
derived-resource,interactive-short-3,short,3,0,0,0,0,d41d8cd98f00b204e9800998ecf8427e,300109,0.0,,0,,,True,timeout,True,True,"Unexpected ""!"" at position 0 in state STOP"
derived-resource,interactive-short-3,short,3,1,0,24,24,e9eac78cc798a394d66c9e7fac80efd3,300013,0.07999653348354906,,24,17100,129390,True,timeout,True,False,"Unexpected ""!"" at position 0 in state STOP"
derived-resource,interactive-short-3,short,3,2,0,9,9,83ec443c5c1d95f73603c77fc92eec71,300056,0.029994401045138244,,9,151006,151997,True,timeout,True,False,"Unexpected ""!"" at position 0 in state STOP"
derived-resource,interactive-short-3,short,3,3,0,89,89,ff526846bad666ecf0b6adf0478c0fc5,300109,0.29655891692684994,,89,30730,271841,True,timeout,True,False,"Unexpected ""!"" at position 0 in state STOP"
derived-resource,interactive-short-3,short,3,4,0,8,8,4909aea73e1bfe91ecce1b74dd89d550,300095,0.02665822489544977,,8,38134,38253,True,timeout,True,False,"Unexpected ""!"" at position 0 in state STOP"
derived-resource,interactive-short-3,short,3,0,1,0,0,d41d8cd98f00b204e9800998ecf8427e,300110,0.0,,0,,,True,timeout,True,True,"Unexpected ""!"" at position 0 in state STOP"
derived-resource,interactive-short-3,short,3,1,1,42,42,3aa5624e6547fdd55c96a4a463b757ec,300109,0.13994915180817638,,42,38381,103673,True,timeout,True,False,"Unexpected ""!"" at position 0 in state STOP"
derived-resource,interactive-short-3,short,3,2,1,9,9,83ec443c5c1d95f73603c77fc92eec71,300108,0.029989203886600823,,9,33705,34020,True,timeout,True,False,"Unexpected ""!"" at position 0 in state STOP"
derived-resource,interactive-short-3,short,3,3,1,65,65,7da1a37f9b61ae5573e0d4483a42c8c3,300109,0.21658797303646343,,65,28931,112368,True,timeout,True,False,"Unexpected ""!"" at position 0 in state STOP"
derived-resource,interactive-short-3,short,3,4,1,16,16,cf96672ec6916bc94c928ae9f2041cf5,300080,0.053319114902692616,,16,37754,95227,True,timeout,True,False,"Unexpected ""!"" at position 0 in state STOP"
derived-resource,interactive-short-3,short,3,0,2,0,0,d41d8cd98f00b204e9800998ecf8427e,300109,0.0,,0,,,True,timeout,True,True,"Unexpected ""!"" at position 0 in state STOP"
derived-resource,interactive-short-3,short,3,1,2,32,32,7669ac63aeb35934f06381973708b007,300109,0.106627925187182,,32,40715,141901,True,timeout,True,False,"Unexpected ""!"" at position 0 in state STOP"
derived-resource,interactive-short-3,short,3,2,2,9,9,83ec443c5c1d95f73603c77fc92eec71,300111,0.02998890410548097,,9,43393,43927,True,timeout,True,False,"Unexpected ""!"" at position 0 in state STOP"
derived-resource,interactive-short-3,short,3,3,2,80,80,06acf7488ffcb262d4d1686e19034b7c,300109,0.266569812967955,,80,53659,293124,True,timeout,True,False,"Unexpected ""!"" at position 0 in state STOP"
derived-resource,interactive-short-3,short,3,4,2,17,17,0c2b1f3b96348b4811004f4cb9792f0b,300110,0.05664589650461497,,17,61455,90860,True,timeout,True,False,"Unexpected ""!"" at position 0 in state STOP"
derived-resource,interactive-short-3,short,3,0,3,16,16,1290f1dbdaaf069c252858c948e75fbf,300110,0.05331378494551997,,16,152003,169932,True,timeout,True,False,"Unexpected ""!"" at position 0 in state STOP"
derived-resource,interactive-short-3,short,3,1,3,24,24,e9eac78cc798a394d66c9e7fac80efd3,300083,0.0799778727885285,,24,55609,87936,True,timeout,True,False,"Unexpected ""!"" at position 0 in state STOP"
derived-resource,interactive-short-3,short,3,2,3,9,9,83ec443c5c1d95f73603c77fc92eec71,300111,0.02998890410548097,,9,35664,35774,True,timeout,True,False,"Unexpected ""!"" at position 0 in state STOP"
derived-resource,interactive-short-3,short,3,3,3,72,72,251a98c6131d6d2767267936dae688db,300111,0.23991123284384777,,72,58038,167217,True,timeout,True,False,"Unexpected ""!"" at position 0 in state STOP"
derived-resource,interactive-short-3,short,3,4,3,9,9,3fbb8e48121b8286f9eb1f1fc7738855,300110,0.029989004031854984,,9,47471,47610,True,timeout,True,False,"Unexpected ""!"" at position 0 in state STOP"
derived-resource,interactive-short-3,short,3,0,4,0,0,d41d8cd98f00b204e9800998ecf8427e,300097,0.0,,0,,,True,timeout,True,True,"Unexpected ""!"" at position 0 in state STOP"
derived-resource,interactive-short-3,short,3,1,4,50,50,020fca5591e3f6bc060a5d18e85cda47,300057,0.1666350060155237,,50,54985,185475,True,timeout,True,False,"Unexpected ""!"" at position 0 in state STOP"
derived-resource,interactive-short-3,short,3,2,4,9,9,83ec443c5c1d95f73603c77fc92eec71,300110,0.029989004031854984,,9,43522,44215,True,timeout,True,False,"Unexpected ""!"" at position 0 in state STOP"
derived-resource,interactive-short-3,short,3,3,4,72,72,251a98c6131d6d2767267936dae688db,300111,0.23991123284384777,,72,46892,166863,True,timeout,True,False,"Unexpected ""!"" at position 0 in state STOP"
derived-resource,interactive-short-3,short,3,4,4,17,17,50ccd4d11c94f0cc3f8b968d6f94f2d5,300110,0.05664589650461497,,17,48742,63510,True,timeout,True,False,"Unexpected ""!"" at position 0 in state STOP"
derived-resource,interactive-short-3,short,3,0,5,0,0,d41d8cd98f00b204e9800998ecf8427e,300110,0.0,,0,,,True,timeout,True,True,"Unexpected ""!"" at position 0 in state STOP"
derived-resource,interactive-short-3,short,3,1,5,42,42,2540fd3e90a13772a30cbe7f6021ceea,300108,0.1399496181374705,,42,57000,202734,True,timeout,True,False,"Unexpected ""!"" at position 0 in state STOP"
derived-resource,interactive-short-3,short,3,2,5,9,9,83ec443c5c1d95f73603c77fc92eec71,300109,0.029989103958894935,,9,60984,61510,True,timeout,True,False,"Unexpected ""!"" at position 0 in state STOP"
derived-resource,interactive-short-3,short,3,3,5,81,81,5f43fc6a05e79c7eface8a97ae95ae97,300109,0.26990193563005443,,81,55425,174522,True,timeout,True,False,"Unexpected ""!"" at position 0 in state STOP"
derived-resource,interactive-short-3,short,3,4,5,17,17,f35495c571a0ce45e1f1107b2b8565c4,300112,0.05664551900623767,,17,37558,107929,True,timeout,True,False,"Unexpected ""!"" at position 0 in state STOP"
derived-resource,interactive-short-4,short,4,0,0,1,1,be952defdc6bff97ab1d2bd30503bd7a,1733,0.5770340450086555,4.0,1,649,649,False,ok,False,False,
derived-resource,interactive-short-4,short,4,1,0,1,1,c7f96e08adf5efcc4ad5302bc4ebe30f,1854,0.5393743257820928,4.0,1,473,473,False,ok,False,False,
derived-resource,interactive-short-4,short,4,2,0,1,1,b14fe4f20ab576f2bf485f4d72fc2332,1761,0.5678591709256104,28.0,1,873,873,False,ok,False,False,
derived-resource,interactive-short-4,short,4,3,0,1,1,c114679689014713f0be71d73de99a0b,1721,0.5810575246949448,38.0,1,637,637,False,ok,False,False,
derived-resource,interactive-short-4,short,4,4,0,1,1,c93535a997dcc3e3b4e497b89e662936,7307,0.1368550704803613,4.0,1,425,425,False,ok,False,False,
derived-resource,interactive-short-4,short,4,0,1,1,1,be952defdc6bff97ab1d2bd30503bd7a,988,1.0121457489878543,4.0,1,476,476,False,ok,False,False,
derived-resource,interactive-short-4,short,4,1,1,1,1,c7f96e08adf5efcc4ad5302bc4ebe30f,602,1.6611295681063123,4.0,1,392,392,False,ok,False,False,
derived-resource,interactive-short-4,short,4,2,1,1,1,b14fe4f20ab576f2bf485f4d72fc2332,816,1.2254901960784315,28.0,1,186,186,False,ok,False,False,
derived-resource,interactive-short-4,short,4,3,1,1,1,c114679689014713f0be71d73de99a0b,925,1.081081081081081,38.0,1,198,198,False,ok,False,False,
derived-resource,interactive-short-4,short,4,4,1,1,1,c93535a997dcc3e3b4e497b89e662936,348,2.873563218390805,4.0,1,168,168,False,ok,False,False,
derived-resource,interactive-short-4,short,4,0,2,1,1,be952defdc6bff97ab1d2bd30503bd7a,375,2.6666666666666665,4.0,1,177,177,False,ok,False,False,
derived-resource,interactive-short-4,short,4,1,2,1,1,c7f96e08adf5efcc4ad5302bc4ebe30f,350,2.857142857142857,4.0,1,161,161,False,ok,False,False,
derived-resource,interactive-short-4,short,4,2,2,1,1,b14fe4f20ab576f2bf485f4d72fc2332,717,1.394700139470014,28.0,1,225,225,False,ok,False,False,
derived-resource,interactive-short-4,short,4,3,2,1,1,c114679689014713f0be71d73de99a0b,856,1.1682242990654206,38.0,1,263,263,False,ok,False,False,
derived-resource,interactive-short-4,short,4,4,2,1,1,c93535a997dcc3e3b4e497b89e662936,349,2.865329512893983,4.0,1,172,172,False,ok,False,False,
derived-resource,interactive-short-4,short,4,0,3,1,1,be952defdc6bff97ab1d2bd30503bd7a,443,2.2573363431151243,4.0,1,142,142,False,ok,False,False,
derived-resource,interactive-short-4,short,4,1,3,1,1,c7f96e08adf5efcc4ad5302bc4ebe30f,310,3.2258064516129035,4.0,1,134,134,False,ok,False,False,
derived-resource,interactive-short-4,short,4,2,3,1,1,b14fe4f20ab576f2bf485f4d72fc2332,731,1.3679890560875514,28.0,1,223,223,False,ok,False,False,
derived-resource,interactive-short-4,short,4,3,3,1,1,c114679689014713f0be71d73de99a0b,933,1.0718113612004287,38.0,1,219,219,False,ok,False,False,
derived-resource,interactive-short-4,short,4,4,3,1,1,c93535a997dcc3e3b4e497b89e662936,318,3.144654088050314,4.0,1,139,139,False,ok,False,False,
derived-resource,interactive-short-4,short,4,0,4,1,1,be952defdc6bff97ab1d2bd30503bd7a,285,3.5087719298245617,4.0,1,117,117,False,ok,False,False,
derived-resource,interactive-short-4,short,4,1,4,1,1,c7f96e08adf5efcc4ad5302bc4ebe30f,306,3.2679738562091503,4.0,1,133,133,False,ok,False,False,
derived-resource,interactive-short-4,short,4,2,4,1,1,b14fe4f20ab576f2bf485f4d72fc2332,637,1.5698587127158556,28.0,1,182,182,False,ok,False,False,
derived-resource,interactive-short-4,short,4,3,4,1,1,c114679689014713f0be71d73de99a0b,903,1.1074197120708749,38.0,1,221,221,False,ok,False,False,
derived-resource,interactive-short-4,short,4,4,4,1,1,c93535a997dcc3e3b4e497b89e662936,314,3.1847133757961785,4.0,1,165,165,False,ok,False,False,
derived-resource,interactive-short-4,short,4,0,5,1,1,be952defdc6bff97ab1d2bd30503bd7a,326,3.067484662576687,4.0,1,134,134,False,ok,False,False,
derived-resource,interactive-short-4,short,4,1,5,1,1,c7f96e08adf5efcc4ad5302bc4ebe30f,311,3.215434083601286,4.0,1,122,122,False,ok,False,False,
derived-resource,interactive-short-4,short,4,2,5,1,1,b14fe4f20ab576f2bf485f4d72fc2332,908,1.1013215859030836,28.0,1,219,219,False,ok,False,False,
derived-resource,interactive-short-4,short,4,3,5,1,1,c114679689014713f0be71d73de99a0b,770,1.2987012987012987,38.0,1,208,208,False,ok,False,False,
derived-resource,interactive-short-4,short,4,4,5,1,1,c93535a997dcc3e3b4e497b89e662936,302,3.3112582781456954,4.0,1,133,133,False,ok,False,False,
derived-resource,interactive-short-5,short,5,0,0,4,4,040d4848b2deb4bf4b8a884ea8ad7a26,44385,0.0901205362171905,39.0,4,43806,44384,False,ok,False,False,
derived-resource,interactive-short-5,short,5,1,0,4,4,6ad1e0be21e73d3b01aa2a18cea152c4,23335,0.17141632740518534,39.0,4,22799,23335,False,ok,False,False,
derived-resource,interactive-short-5,short,5,2,0,4,4,df6fcdb903072b75d37dffd1360a3533,21668,0.1846040243677312,97.0,4,19986,21667,False,ok,False,False,
derived-resource,interactive-short-5,short,5,3,0,4,4,196b989b5e2be4dd6d8d4a5d4847ac26,1482,2.699055330634278,45.0,4,1374,1481,False,ok,False,False,
derived-resource,interactive-short-5,short,5,4,0,4,4,981f99755e7d5f28f1f32f0af046b149,2137,1.8717828731867103,99.0,4,1317,2136,False,ok,False,False,
derived-resource,interactive-short-5,short,5,0,1,4,4,040d4848b2deb4bf4b8a884ea8ad7a26,1437,2.7835768963117604,39.0,4,1195,1436,False,ok,False,False,
derived-resource,interactive-short-5,short,5,1,1,4,4,6ad1e0be21e73d3b01aa2a18cea152c4,1471,2.719238613188307,39.0,4,1234,1470,False,ok,False,False,
derived-resource,interactive-short-5,short,5,2,1,4,4,df6fcdb903072b75d37dffd1360a3533,2746,1.4566642388929352,97.0,4,1359,2745,False,ok,False,False,
derived-resource,interactive-short-5,short,5,3,1,4,4,196b989b5e2be4dd6d8d4a5d4847ac26,1268,3.1545741324921135,45.0,4,1147,1267,False,ok,False,False,
derived-resource,interactive-short-5,short,5,4,1,4,4,981f99755e7d5f28f1f32f0af046b149,1889,2.1175224986765486,99.0,4,1224,1888,False,ok,False,False,
derived-resource,interactive-short-5,short,5,0,2,4,4,040d4848b2deb4bf4b8a884ea8ad7a26,1400,2.857142857142857,39.0,4,1151,1400,False,ok,False,False,
derived-resource,interactive-short-5,short,5,1,2,4,4,6ad1e0be21e73d3b01aa2a18cea152c4,1430,2.7972027972027975,39.0,4,1207,1429,False,ok,False,False,
derived-resource,interactive-short-5,short,5,2,2,4,4,df6fcdb903072b75d37dffd1360a3533,2422,1.6515276630883566,97.0,4,1563,2422,False,ok,False,False,
derived-resource,interactive-short-5,short,5,3,2,4,4,196b989b5e2be4dd6d8d4a5d4847ac26,1279,3.127443315089914,45.0,4,1163,1278,False,ok,False,False,
derived-resource,interactive-short-5,short,5,4,2,4,4,981f99755e7d5f28f1f32f0af046b149,1883,2.1242697822623473,99.0,4,1214,1883,False,ok,False,False,
derived-resource,interactive-short-5,short,5,0,3,4,4,040d4848b2deb4bf4b8a884ea8ad7a26,1389,2.8797696184305255,39.0,4,1164,1388,False,ok,False,False,
derived-resource,interactive-short-5,short,5,1,3,4,4,6ad1e0be21e73d3b01aa2a18cea152c4,1432,2.793296089385475,39.0,4,1206,1432,False,ok,False,False,
derived-resource,interactive-short-5,short,5,2,3,4,4,df6fcdb903072b75d37dffd1360a3533,2523,1.5854141894569955,97.0,4,911,2522,False,ok,False,False,
derived-resource,interactive-short-5,short,5,3,3,4,4,196b989b5e2be4dd6d8d4a5d4847ac26,1325,3.018867924528302,45.0,4,1189,1324,False,ok,False,False,
derived-resource,interactive-short-5,short,5,4,3,4,4,981f99755e7d5f28f1f32f0af046b149,1882,2.1253985122210417,99.0,4,1184,1882,False,ok,False,False,
derived-resource,interactive-short-5,short,5,0,4,4,4,040d4848b2deb4bf4b8a884ea8ad7a26,1404,2.8490028490028494,39.0,4,1172,1403,False,ok,False,False,
derived-resource,interactive-short-5,short,5,1,4,4,4,6ad1e0be21e73d3b01aa2a18cea152c4,1432,2.793296089385475,39.0,4,1206,1431,False,ok,False,False,
derived-resource,interactive-short-5,short,5,2,4,4,4,df6fcdb903072b75d37dffd1360a3533,2679,1.4930944382232176,97.0,4,1387,2679,False,ok,False,False,
derived-resource,interactive-short-5,short,5,3,4,4,4,196b989b5e2be4dd6d8d4a5d4847ac26,1269,3.1520882584712373,45.0,4,1166,1268,False,ok,False,False,
derived-resource,interactive-short-5,short,5,4,4,4,4,981f99755e7d5f28f1f32f0af046b149,1859,2.1516944593867673,99.0,4,1199,1858,False,ok,False,False,
derived-resource,interactive-short-5,short,5,0,5,4,4,040d4848b2deb4bf4b8a884ea8ad7a26,1398,2.861230329041488,39.0,4,1175,1397,False,ok,False,False,
derived-resource,interactive-short-5,short,5,1,5,4,4,6ad1e0be21e73d3b01aa2a18cea152c4,1382,2.8943560057887123,39.0,4,1173,1381,False,ok,False,False,
derived-resource,interactive-short-5,short,5,2,5,4,4,df6fcdb903072b75d37dffd1360a3533,2385,1.6771488469601679,97.0,4,1396,2384,False,ok,False,False,
derived-resource,interactive-short-5,short,5,3,5,4,4,196b989b5e2be4dd6d8d4a5d4847ac26,1304,3.067484662576687,45.0,4,1170,1303,False,ok,False,False,
derived-resource,interactive-short-5,short,5,4,5,4,4,981f99755e7d5f28f1f32f0af046b149,1843,2.1703743895822027,99.0,4,1189,1842,False,ok,False,False,
derived-resource,interactive-short-6,short,6,0,0,2,2,19192ef9b00eb3452f81449ffa840a3f,300115,0.00666411209036536,,2,2462,2462,True,timeout,True,False,"Unexpected ""!"" at position 0 in state STOP"
derived-resource,interactive-short-6,short,6,1,0,2,2,3d0e167e241c5af8846ddee5bc5b7bee,300106,0.006664311943113434,,2,33376,33377,True,timeout,True,False,"Unexpected ""!"" at position 0 in state STOP"
derived-resource,interactive-short-6,short,6,2,0,0,0,d41d8cd98f00b204e9800998ecf8427e,300110,0.0,,0,,,True,timeout,True,True,"Unexpected ""!"" at position 0 in state STOP"
derived-resource,interactive-short-6,short,6,3,0,0,0,d41d8cd98f00b204e9800998ecf8427e,300111,0.0,,0,,,True,timeout,True,True,"Unexpected ""!"" at position 0 in state STOP"
derived-resource,interactive-short-6,short,6,4,0,0,0,d41d8cd98f00b204e9800998ecf8427e,300108,0.0,,0,,,True,timeout,True,True,"Unexpected ""!"" at position 0 in state STOP"
derived-resource,interactive-short-6,short,6,0,1,2,2,19192ef9b00eb3452f81449ffa840a3f,300112,0.006664178706616196,,2,5390,5390,True,timeout,True,False,"Unexpected ""!"" at position 0 in state STOP"
derived-resource,interactive-short-6,short,6,1,1,2,2,3d0e167e241c5af8846ddee5bc5b7bee,300106,0.006664311943113434,,2,61174,61175,True,timeout,True,False,"Unexpected ""!"" at position 0 in state STOP"
derived-resource,interactive-short-6,short,6,2,1,0,0,d41d8cd98f00b204e9800998ecf8427e,300108,0.0,,0,,,True,timeout,True,True,"Unexpected ""!"" at position 0 in state STOP"
derived-resource,interactive-short-6,short,6,3,1,0,0,d41d8cd98f00b204e9800998ecf8427e,300111,0.0,,0,,,True,timeout,True,True,"Unexpected ""!"" at position 0 in state STOP"
derived-resource,interactive-short-6,short,6,4,1,0,0,d41d8cd98f00b204e9800998ecf8427e,300113,0.0,,0,,,True,timeout,True,True,"Unexpected ""!"" at position 0 in state STOP"
derived-resource,interactive-short-6,short,6,0,2,2,2,19192ef9b00eb3452f81449ffa840a3f,301163,0.006640922025614036,,2,26571,26571,True,timeout,True,False,"Unexpected ""!"" at position 0 in state STOP"
derived-resource,interactive-short-6,short,6,1,2,2,2,3d0e167e241c5af8846ddee5bc5b7bee,300110,0.006664223118189996,,2,57564,57564,True,timeout,True,False,"Unexpected ""!"" at position 0 in state STOP"
derived-resource,interactive-short-6,short,6,2,2,0,0,d41d8cd98f00b204e9800998ecf8427e,300019,0.0,,0,,,True,timeout,True,True,"Unexpected ""!"" at position 0 in state STOP"
derived-resource,interactive-short-6,short,6,3,2,0,0,d41d8cd98f00b204e9800998ecf8427e,300113,0.0,,0,,,True,timeout,True,True,"Unexpected ""!"" at position 0 in state STOP"
derived-resource,interactive-short-6,short,6,4,2,0,0,d41d8cd98f00b204e9800998ecf8427e,300107,0.0,,0,,,True,timeout,True,True,"Unexpected ""!"" at position 0 in state STOP"
derived-resource,interactive-short-6,short,6,0,3,2,2,19192ef9b00eb3452f81449ffa840a3f,300109,0.006664245324198875,,2,21017,21017,True,timeout,True,False,"Unexpected ""!"" at position 0 in state STOP"
derived-resource,interactive-short-6,short,6,1,3,2,2,3d0e167e241c5af8846ddee5bc5b7bee,300109,0.006664245324198875,,2,54645,54645,True,timeout,True,False,"Unexpected ""!"" at position 0 in state STOP"
derived-resource,interactive-short-6,short,6,2,3,0,0,d41d8cd98f00b204e9800998ecf8427e,300112,0.0,,0,,,True,timeout,True,True,"Unexpected ""!"" at position 0 in state STOP"
derived-resource,interactive-short-6,short,6,3,3,0,0,d41d8cd98f00b204e9800998ecf8427e,300112,0.0,,0,,,True,timeout,True,True,"Unexpected ""!"" at position 0 in state STOP"
derived-resource,interactive-short-6,short,6,4,3,0,0,d41d8cd98f00b204e9800998ecf8427e,300675,0.0,,0,,,True,timeout,True,True,terminated
derived-resource,interactive-short-6,short,6,0,4,2,2,19192ef9b00eb3452f81449ffa840a3f,300110,0.006664223118189996,,2,31473,31473,True,timeout,True,False,"Unexpected ""!"" at position 0 in state STOP"
derived-resource,interactive-short-6,short,6,1,4,2,2,3d0e167e241c5af8846ddee5bc5b7bee,300174,0.006662802241366675,,2,35684,35685,True,timeout,True,False,"Unexpected ""!"" at position 0 in state STOP"
derived-resource,interactive-short-6,short,6,2,4,0,0,d41d8cd98f00b204e9800998ecf8427e,300109,0.0,,0,,,True,timeout,True,True,"Unexpected ""!"" at position 0 in state STOP"
derived-resource,interactive-short-6,short,6,3,4,0,0,d41d8cd98f00b204e9800998ecf8427e,300111,0.0,,0,,,True,timeout,True,True,"Unexpected ""!"" at position 0 in state STOP"
derived-resource,interactive-short-6,short,6,4,4,0,0,d41d8cd98f00b204e9800998ecf8427e,300110,0.0,,0,,,True,timeout,True,True,"Unexpected ""!"" at position 0 in state STOP"
derived-resource,interactive-short-6,short,6,0,5,2,2,19192ef9b00eb3452f81449ffa840a3f,300108,0.006664267530355738,,2,47224,47224,True,timeout,True,False,"Unexpected ""!"" at position 0 in state STOP"
derived-resource,interactive-short-6,short,6,1,5,2,2,3d0e167e241c5af8846ddee5bc5b7bee,300108,0.006664267530355738,,2,33228,33228,True,timeout,True,False,"Unexpected ""!"" at position 0 in state STOP"
derived-resource,interactive-short-6,short,6,2,5,0,0,d41d8cd98f00b204e9800998ecf8427e,300104,0.0,,0,,,True,timeout,True,True,"Unexpected ""!"" at position 0 in state STOP"
derived-resource,interactive-short-6,short,6,3,5,0,0,d41d8cd98f00b204e9800998ecf8427e,300109,0.0,,0,,,True,timeout,True,True,"Unexpected ""!"" at position 0 in state STOP"
derived-resource,interactive-short-6,short,6,4,5,0,0,d41d8cd98f00b204e9800998ecf8427e,300109,0.0,,0,,,True,timeout,True,True,"Unexpected ""!"" at position 0 in state STOP"
derived-resource,interactive-short-7,short,7,0,0,0,0,d41d8cd98f00b204e9800998ecf8427e,300113,0.0,,0,,,True,timeout,True,True,"Unexpected ""!"" at position 0 in state STOP"
derived-resource,interactive-short-7,short,7,1,0,0,0,d41d8cd98f00b204e9800998ecf8427e,300084,0.0,,0,,,True,timeout,True,True,"Unexpected ""!"" at position 0 in state STOP"
derived-resource,interactive-short-7,short,7,2,0,0,0,d41d8cd98f00b204e9800998ecf8427e,300156,0.0,,0,,,True,timeout,True,True,"Unexpected ""!"" at position 0 in state STOP"
derived-resource,interactive-short-7,short,7,3,0,0,0,d41d8cd98f00b204e9800998ecf8427e,300111,0.0,,0,,,True,timeout,True,True,"Unexpected ""!"" at position 0 in state STOP"
derived-resource,interactive-short-7,short,7,4,0,0,0,d41d8cd98f00b204e9800998ecf8427e,300113,0.0,,0,,,True,timeout,True,True,"Unexpected ""!"" at position 0 in state STOP"
derived-resource,interactive-short-7,short,7,0,1,0,0,d41d8cd98f00b204e9800998ecf8427e,300111,0.0,,0,,,True,timeout,True,True,"Unexpected ""!"" at position 0 in state STOP"
derived-resource,interactive-short-7,short,7,1,1,0,0,d41d8cd98f00b204e9800998ecf8427e,300111,0.0,,0,,,True,timeout,True,True,"Unexpected ""!"" at position 0 in state STOP"
derived-resource,interactive-short-7,short,7,2,1,0,0,d41d8cd98f00b204e9800998ecf8427e,300109,0.0,,0,,,True,timeout,True,True,"Unexpected ""!"" at position 0 in state STOP"
derived-resource,interactive-short-7,short,7,3,1,0,0,d41d8cd98f00b204e9800998ecf8427e,300113,0.0,,0,,,True,timeout,True,True,"Unexpected ""!"" at position 0 in state STOP"
derived-resource,interactive-short-7,short,7,4,1,0,0,d41d8cd98f00b204e9800998ecf8427e,300110,0.0,,0,,,True,timeout,True,True,"Unexpected ""!"" at position 0 in state STOP"
derived-resource,interactive-short-7,short,7,0,2,0,0,d41d8cd98f00b204e9800998ecf8427e,300109,0.0,,0,,,True,timeout,True,True,"Unexpected ""!"" at position 0 in state STOP"
derived-resource,interactive-short-7,short,7,1,2,0,0,d41d8cd98f00b204e9800998ecf8427e,300111,0.0,,0,,,True,timeout,True,True,"Unexpected ""!"" at position 0 in state STOP"
derived-resource,interactive-short-7,short,7,2,2,0,0,d41d8cd98f00b204e9800998ecf8427e,300111,0.0,,0,,,True,timeout,True,True,"Unexpected ""!"" at position 0 in state STOP"
derived-resource,interactive-short-7,short,7,3,2,0,0,d41d8cd98f00b204e9800998ecf8427e,300111,0.0,,0,,,True,timeout,True,True,"Unexpected ""!"" at position 0 in state STOP"
derived-resource,interactive-short-7,short,7,4,2,0,0,d41d8cd98f00b204e9800998ecf8427e,300110,0.0,,0,,,True,timeout,True,True,"Unexpected ""!"" at position 0 in state STOP"
derived-resource,interactive-short-7,short,7,0,3,0,0,d41d8cd98f00b204e9800998ecf8427e,300108,0.0,,0,,,True,timeout,True,True,"Unexpected ""!"" at position 0 in state STOP"
derived-resource,interactive-short-7,short,7,1,3,0,0,d41d8cd98f00b204e9800998ecf8427e,300110,0.0,,0,,,True,timeout,True,True,"Unexpected ""!"" at position 0 in state STOP"
derived-resource,interactive-short-7,short,7,2,3,0,0,d41d8cd98f00b204e9800998ecf8427e,300109,0.0,,0,,,True,timeout,True,True,"Unexpected ""!"" at position 0 in state STOP"
derived-resource,interactive-short-7,short,7,3,3,0,0,d41d8cd98f00b204e9800998ecf8427e,300086,0.0,,0,,,True,timeout,True,True,"Unexpected ""!"" at position 0 in state STOP"
derived-resource,interactive-short-7,short,7,4,3,0,0,d41d8cd98f00b204e9800998ecf8427e,300033,0.0,,0,,,True,timeout,True,True,"Unexpected ""!"" at position 0 in state STOP"
derived-resource,interactive-short-7,short,7,0,4,0,0,d41d8cd98f00b204e9800998ecf8427e,300110,0.0,,0,,,True,timeout,True,True,"Unexpected ""!"" at position 0 in state STOP"
derived-resource,interactive-short-7,short,7,1,4,0,0,d41d8cd98f00b204e9800998ecf8427e,300111,0.0,,0,,,True,timeout,True,True,"Unexpected ""!"" at position 0 in state STOP"
derived-resource,interactive-short-7,short,7,2,4,0,0,d41d8cd98f00b204e9800998ecf8427e,300110,0.0,,0,,,True,timeout,True,True,"Unexpected ""!"" at position 0 in state STOP"
derived-resource,interactive-short-7,short,7,3,4,0,0,d41d8cd98f00b204e9800998ecf8427e,300167,0.0,,0,,,True,timeout,True,True,"Unexpected ""!"" at position 0 in state STOP"
derived-resource,interactive-short-7,short,7,4,4,0,0,d41d8cd98f00b204e9800998ecf8427e,300111,0.0,,0,,,True,timeout,True,True,"Unexpected ""!"" at position 0 in state STOP"
derived-resource,interactive-short-7,short,7,0,5,0,0,d41d8cd98f00b204e9800998ecf8427e,300110,0.0,,0,,,True,timeout,True,True,"Unexpected ""!"" at position 0 in state STOP"
derived-resource,interactive-short-7,short,7,1,5,0,0,d41d8cd98f00b204e9800998ecf8427e,300669,0.0,,0,,,True,timeout,True,True,terminated
derived-resource,interactive-short-7,short,7,2,5,0,0,d41d8cd98f00b204e9800998ecf8427e,300113,0.0,,0,,,True,timeout,True,True,"Unexpected ""!"" at position 0 in state STOP"
derived-resource,interactive-short-7,short,7,3,5,0,0,d41d8cd98f00b204e9800998ecf8427e,300111,0.0,,0,,,True,timeout,True,True,"Unexpected ""!"" at position 0 in state STOP"
derived-resource,interactive-short-7,short,7,4,5,0,0,d41d8cd98f00b204e9800998ecf8427e,300112,0.0,,0,,,True,timeout,True,True,"Unexpected ""!"" at position 0 in state STOP"
