engine,template,family,template_index,instance,replication,results,delivered,hash,time_ms,throughput_per_s,http_requests,n_timestamps,first_result_ms,last_result_ms,failed,failure_kind,timed_out,empty_result,error
adaptive-derived-resources,interactive-discover-1,discover,1,0,0,6,6,d632b8166f912f4afd062d64186f2dc6,3286,1.825928180158247,74.0,6,1079,1098,False,ok,False,False,
adaptive-derived-resources,interactive-discover-1,discover,1,1,0,4,4,e00f199d535cd1710bf9be67f04f39e4,873,4.581901489117984,10.0,4,492,493,False,ok,False,False,
adaptive-derived-resources,interactive-discover-1,discover,1,2,0,1,1,c4499554f796e968a069e67a8f5d9d1c,658,1.519756838905775,10.0,1,315,315,False,ok,False,False,
adaptive-derived-resources,interactive-discover-1,discover,1,3,0,14,14,6c0a9fe8be642ee232c10c9996912b97,770,18.18181818181818,12.0,14,321,328,False,ok,False,False,
adaptive-derived-resources,interactive-discover-1,discover,1,4,0,8,8,7536d3a2c1abc2a9ac92b1860efa3282,1304,6.134969325153374,62.0,8,336,338,False,ok,False,False,
adaptive-derived-resources,interactive-discover-1,discover,1,0,1,6,6,d632b8166f912f4afd062d64186f2dc6,1227,4.889975550122249,74.0,6,287,287,False,ok,False,False,
adaptive-derived-resources,interactive-discover-1,discover,1,1,1,4,4,e00f199d535cd1710bf9be67f04f39e4,632,6.329113924050633,10.0,4,295,295,False,ok,False,False,
adaptive-derived-resources,interactive-discover-1,discover,1,2,1,1,1,c4499554f796e968a069e67a8f5d9d1c,606,1.6501650165016502,10.0,1,267,267,False,ok,False,False,
adaptive-derived-resources,interactive-discover-1,discover,1,3,1,14,14,6c0a9fe8be642ee232c10c9996912b97,659,21.2443095599393,12.0,14,271,271,False,ok,False,False,
adaptive-derived-resources,interactive-discover-1,discover,1,4,1,8,8,7536d3a2c1abc2a9ac92b1860efa3282,1044,7.662835249042145,62.0,8,267,268,False,ok,False,False,
adaptive-derived-resources,interactive-discover-1,discover,1,0,2,6,6,d632b8166f912f4afd062d64186f2dc6,1231,4.8740861088545895,74.0,6,288,289,False,ok,False,False,
adaptive-derived-resources,interactive-discover-1,discover,1,1,2,4,4,e00f199d535cd1710bf9be67f04f39e4,737,5.4274084124830395,10.0,4,374,374,False,ok,False,False,
adaptive-derived-resources,interactive-discover-1,discover,1,2,2,1,1,c4499554f796e968a069e67a8f5d9d1c,624,1.6025641025641026,10.0,1,289,289,False,ok,False,False,
adaptive-derived-resources,interactive-discover-1,discover,1,3,2,14,14,6c0a9fe8be642ee232c10c9996912b97,684,20.46783625730994,12.0,14,264,265,False,ok,False,False,
adaptive-derived-resources,interactive-discover-1,discover,1,4,2,8,8,7536d3a2c1abc2a9ac92b1860efa3282,1052,7.604562737642585,62.0,8,267,267,False,ok,False,False,
adaptive-derived-resources,interactive-discover-1,discover,1,0,3,6,6,d632b8166f912f4afd062d64186f2dc6,1245,4.8192771084337345,74.0,6,288,289,False,ok,False,False,
adaptive-derived-resources,interactive-discover-1,discover,1,1,3,4,4,e00f199d535cd1710bf9be67f04f39e4,578,6.920415224913495,10.0,4,247,247,False,ok,False,False,
adaptive-derived-resources,interactive-discover-1,discover,1,2,3,1,1,c4499554f796e968a069e67a8f5d9d1c,609,1.6420361247947455,10.0,1,293,293,False,ok,False,False,
adaptive-derived-resources,interactive-discover-1,discover,1,3,3,14,14,6c0a9fe8be642ee232c10c9996912b97,673,20.80237741456166,12.0,14,282,283,False,ok,False,False,
adaptive-derived-resources,interactive-discover-1,discover,1,4,3,8,8,7536d3a2c1abc2a9ac92b1860efa3282,997,8.02407221664995,62.0,8,271,272,False,ok,False,False,
adaptive-derived-resources,interactive-discover-1,discover,1,0,4,6,6,d632b8166f912f4afd062d64186f2dc6,1172,5.119453924914676,74.0,6,284,285,False,ok,False,False,
adaptive-derived-resources,interactive-discover-1,discover,1,1,4,4,4,e00f199d535cd1710bf9be67f04f39e4,587,6.814310051107325,10.0,4,261,261,False,ok,False,False,
adaptive-derived-resources,interactive-discover-1,discover,1,2,4,1,1,c4499554f796e968a069e67a8f5d9d1c,564,1.773049645390071,10.0,1,247,247,False,ok,False,False,
adaptive-derived-resources,interactive-discover-1,discover,1,3,4,14,14,6c0a9fe8be642ee232c10c9996912b97,665,21.052631578947366,12.0,14,250,252,False,ok,False,False,
adaptive-derived-resources,interactive-discover-1,discover,1,4,4,8,8,7536d3a2c1abc2a9ac92b1860efa3282,1044,7.662835249042145,62.0,8,253,253,False,ok,False,False,
adaptive-derived-resources,interactive-discover-1,discover,1,0,5,6,6,d632b8166f912f4afd062d64186f2dc6,1165,5.150214592274678,74.0,6,277,278,False,ok,False,False,
adaptive-derived-resources,interactive-discover-1,discover,1,1,5,4,4,e00f199d535cd1710bf9be67f04f39e4,607,6.589785831960461,10.0,4,278,278,False,ok,False,False,
adaptive-derived-resources,interactive-discover-1,discover,1,2,5,1,1,c4499554f796e968a069e67a8f5d9d1c,608,1.6447368421052633,10.0,1,272,272,False,ok,False,False,
adaptive-derived-resources,interactive-discover-1,discover,1,3,5,14,14,6c0a9fe8be642ee232c10c9996912b97,673,20.80237741456166,12.0,14,270,271,False,ok,False,False,
adaptive-derived-resources,interactive-discover-1,discover,1,4,5,8,8,7536d3a2c1abc2a9ac92b1860efa3282,1030,7.766990291262136,62.0,8,277,278,False,ok,False,False,
adaptive-derived-resources,interactive-discover-2,discover,2,0,0,66,66,18ff3becda1d7305aaa0da5860ca7511,1213,54.41055234954658,75.0,66,322,377,False,ok,False,False,
adaptive-derived-resources,interactive-discover-2,discover,2,1,0,46,46,f6a5ba863b07324a44f8e492bf9ab0e1,602,76.41196013289037,11.0,46,306,317,False,ok,False,False,
adaptive-derived-resources,interactive-discover-2,discover,2,2,0,32,32,113587781a953fec190d8e3339b06c26,605,52.892561983471076,11.0,32,290,293,False,ok,False,False,
adaptive-derived-resources,interactive-discover-2,discover,2,3,0,198,198,23320e2cdf40e8165aa7fdff74171184,680,291.17647058823525,13.0,198,293,337,False,ok,False,False,
adaptive-derived-resources,interactive-discover-2,discover,2,4,0,98,98,a7ea80830c1f3358609f53e0ce62fd9a,1335,73.40823970037454,63.0,98,331,377,False,ok,False,False,
adaptive-derived-resources,interactive-discover-2,discover,2,0,1,66,66,18ff3becda1d7305aaa0da5860ca7511,1203,54.86284289276808,75.0,66,309,359,False,ok,False,False,
adaptive-derived-resources,interactive-discover-2,discover,2,1,1,46,46,f6a5ba863b07324a44f8e492bf9ab0e1,608,75.65789473684211,11.0,46,273,278,False,ok,False,False,
adaptive-derived-resources,interactive-discover-2,discover,2,2,1,32,32,113587781a953fec190d8e3339b06c26,627,51.036682615629985,11.0,32,290,293,False,ok,False,False,
adaptive-derived-resources,interactive-discover-2,discover,2,3,1,198,198,23320e2cdf40e8165aa7fdff74171184,688,287.79069767441865,13.0,198,273,329,False,ok,False,False,
adaptive-derived-resources,interactive-discover-2,discover,2,4,1,98,98,a7ea80830c1f3358609f53e0ce62fd9a,1093,89.66148215919488,63.0,98,293,361,False,ok,False,False,
adaptive-derived-resources,interactive-discover-2,discover,2,0,2,66,66,18ff3becda1d7305aaa0da5860ca7511,1195,55.230125523012546,75.0,66,325,374,False,ok,False,False,
adaptive-derived-resources,interactive-discover-2,discover,2,1,2,46,46,f6a5ba863b07324a44f8e492bf9ab0e1,611,75.28641571194763,11.0,46,261,269,False,ok,False,False,
adaptive-derived-resources,interactive-discover-2,discover,2,2,2,32,32,113587781a953fec190d8e3339b06c26,622,51.446945337620576,11.0,32,294,297,False,ok,False,False,
adaptive-derived-resources,interactive-discover-2,discover,2,3,2,198,198,23320e2cdf40e8165aa7fdff74171184,720,275.0,13.0,198,295,350,False,ok,False,False,
adaptive-derived-resources,interactive-discover-2,discover,2,4,2,98,98,a7ea80830c1f3358609f53e0ce62fd9a,1154,84.92201039861352,63.0,98,301,346,False,ok,False,False,
adaptive-derived-resources,interactive-discover-2,discover,2,0,3,66,66,18ff3becda1d7305aaa0da5860ca7511,1113,59.299191374663074,75.0,66,316,366,False,ok,False,False,
adaptive-derived-resources,interactive-discover-2,discover,2,1,3,46,46,f6a5ba863b07324a44f8e492bf9ab0e1,628,73.2484076433121,11.0,46,276,282,False,ok,False,False,
adaptive-derived-resources,interactive-discover-2,discover,2,2,3,32,32,113587781a953fec190d8e3339b06c26,618,51.77993527508091,11.0,32,276,279,False,ok,False,False,
adaptive-derived-resources,interactive-discover-2,discover,2,3,3,198,198,23320e2cdf40e8165aa7fdff74171184,671,295.08196721311475,13.0,198,299,347,False,ok,False,False,
adaptive-derived-resources,interactive-discover-2,discover,2,4,3,98,98,a7ea80830c1f3358609f53e0ce62fd9a,1035,94.68599033816426,63.0,98,305,348,False,ok,False,False,
adaptive-derived-resources,interactive-discover-2,discover,2,0,4,66,66,18ff3becda1d7305aaa0da5860ca7511,1589,41.53555695405916,75.0,66,320,369,False,ok,False,False,
adaptive-derived-resources,interactive-discover-2,discover,2,1,4,46,46,f6a5ba863b07324a44f8e492bf9ab0e1,604,76.15894039735099,11.0,46,284,300,False,ok,False,False,
adaptive-derived-resources,interactive-discover-2,discover,2,2,4,32,32,113587781a953fec190d8e3339b06c26,578,55.36332179930796,11.0,32,260,262,False,ok,False,False,
adaptive-derived-resources,interactive-discover-2,discover,2,3,4,198,198,23320e2cdf40e8165aa7fdff74171184,699,283.2618025751073,13.0,198,295,346,False,ok,False,False,
adaptive-derived-resources,interactive-discover-2,discover,2,4,4,98,98,a7ea80830c1f3358609f53e0ce62fd9a,1098,89.25318761384334,63.0,98,312,356,False,ok,False,False,
adaptive-derived-resources,interactive-discover-2,discover,2,0,5,66,66,18ff3becda1d7305aaa0da5860ca7511,1350,48.888888888888886,75.0,66,324,375,False,ok,False,False,
adaptive-derived-resources,interactive-discover-2,discover,2,1,5,46,46,f6a5ba863b07324a44f8e492bf9ab0e1,615,74.79674796747967,11.0,46,276,281,False,ok,False,False,
adaptive-derived-resources,interactive-discover-2,discover,2,2,5,32,32,113587781a953fec190d8e3339b06c26,578,55.36332179930796,11.0,32,264,267,False,ok,False,False,
adaptive-derived-resources,interactive-discover-2,discover,2,3,5,198,198,23320e2cdf40e8165aa7fdff74171184,680,291.17647058823525,13.0,198,274,330,False,ok,False,False,
adaptive-derived-resources,interactive-discover-2,discover,2,4,5,98,98,a7ea80830c1f3358609f53e0ce62fd9a,998,98.19639278557115,63.0,98,293,337,False,ok,False,False,
adaptive-derived-resources,interactive-discover-3,discover,3,0,0,68,68,e9f9c6f077dd7a85180d21221150597a,105783,0.6428254067288695,327.0,68,105774,105782,False,ok,False,False,
adaptive-derived-resources,interactive-discover-3,discover,3,1,0,66,66,bf39c452faf678539dd6bec9f8931c5e,104669,0.6305591913556068,267.0,66,104664,104666,False,ok,False,False,
adaptive-derived-resources,interactive-discover-3,discover,3,2,0,54,54,c6f1026b5b378b95fed1b609efe82a86,83186,0.6491476931214386,179.0,54,83181,83185,False,ok,False,False,
adaptive-derived-resources,interactive-discover-3,discover,3,3,0,196,196,3103aacb8c0b38645fd73f8b05191c84,170714,1.1481190763499185,425.0,196,170702,170713,False,ok,False,False,
adaptive-derived-resources,interactive-discover-3,discover,3,4,0,137,137,922f2cfc8273304ad1f823de44367223,117306,1.1678857006461734,365.0,137,117300,117306,False,ok,False,False,
adaptive-derived-resources,interactive-discover-3,discover,3,0,1,68,68,e9f9c6f077dd7a85180d21221150597a,103037,0.6599571027883188,327.0,68,103033,103036,False,ok,False,False,
adaptive-derived-resources,interactive-discover-3,discover,3,1,1,66,66,bf39c452faf678539dd6bec9f8931c5e,101797,0.6483491654960363,267.0,66,101794,101796,False,ok,False,False,
adaptive-derived-resources,interactive-discover-3,discover,3,2,1,54,54,c6f1026b5b378b95fed1b609efe82a86,83412,0.6473888649115235,179.0,54,83408,83411,False,ok,False,False,
adaptive-derived-resources,interactive-discover-3,discover,3,3,1,196,196,3103aacb8c0b38645fd73f8b05191c84,171636,1.1419515719312965,425.0,196,171629,171635,False,ok,False,False,
adaptive-derived-resources,interactive-discover-3,discover,3,4,1,137,137,922f2cfc8273304ad1f823de44367223,113556,1.2064532037056608,365.0,137,113543,113555,False,ok,False,False,
adaptive-derived-resources,interactive-discover-3,discover,3,0,2,68,68,e9f9c6f077dd7a85180d21221150597a,98118,0.6930430705884751,327.0,68,98115,98117,False,ok,False,False,
adaptive-derived-resources,interactive-discover-3,discover,3,1,2,66,66,bf39c452faf678539dd6bec9f8931c5e,99751,0.6616475022806788,267.0,66,99748,99750,False,ok,False,False,
adaptive-derived-resources,interactive-discover-3,discover,3,2,2,54,54,c6f1026b5b378b95fed1b609efe82a86,81421,0.6632195625207256,179.0,54,81417,81421,False,ok,False,False,
adaptive-derived-resources,interactive-discover-3,discover,3,3,2,196,196,3103aacb8c0b38645fd73f8b05191c84,174928,1.120460989664319,425.0,196,174920,174927,False,ok,False,False,
adaptive-derived-resources,interactive-discover-3,discover,3,4,2,137,137,922f2cfc8273304ad1f823de44367223,121994,1.123006049477843,365.0,137,121987,121993,False,ok,False,False,
adaptive-derived-resources,interactive-discover-3,discover,3,0,3,68,68,e9f9c6f077dd7a85180d21221150597a,103226,0.6587487648460659,327.0,68,103223,103225,False,ok,False,False,
adaptive-derived-resources,interactive-discover-3,discover,3,1,3,66,66,bf39c452faf678539dd6bec9f8931c5e,101192,0.6522254723693574,267.0,66,101190,101192,False,ok,False,False,
adaptive-derived-resources,interactive-discover-3,discover,3,2,3,54,54,c6f1026b5b378b95fed1b609efe82a86,82217,0.6567984723354051,179.0,54,82215,82216,False,ok,False,False,
adaptive-derived-resources,interactive-discover-3,discover,3,3,3,196,196,3103aacb8c0b38645fd73f8b05191c84,181534,1.0796875516432185,425.0,196,181528,181533,False,ok,False,False,
adaptive-derived-resources,interactive-discover-3,discover,3,4,3,137,137,922f2cfc8273304ad1f823de44367223,119580,1.1456765345375481,365.0,137,119569,119579,False,ok,False,False,
adaptive-derived-resources,interactive-discover-3,discover,3,0,4,68,68,e9f9c6f077dd7a85180d21221150597a,105366,0.6453694740238787,327.0,68,105363,105365,False,ok,False,False,
adaptive-derived-resources,interactive-discover-3,discover,3,1,4,66,66,bf39c452faf678539dd6bec9f8931c5e,99781,0.661448572373498,267.0,66,99779,99780,False,ok,False,False,
adaptive-derived-resources,interactive-discover-3,discover,3,2,4,54,54,c6f1026b5b378b95fed1b609efe82a86,82207,0.6568783680221879,179.0,54,82205,82207,False,ok,False,False,
adaptive-derived-resources,interactive-discover-3,discover,3,3,4,196,196,3103aacb8c0b38645fd73f8b05191c84,168545,1.1628941825625205,425.0,196,168532,168544,False,ok,False,False,
adaptive-derived-resources,interactive-discover-3,discover,3,4,4,137,137,922f2cfc8273304ad1f823de44367223,120127,1.1404596801718183,365.0,137,120122,120126,False,ok,False,False,
adaptive-derived-resources,interactive-discover-3,discover,3,0,5,68,68,e9f9c6f077dd7a85180d21221150597a,113889,0.5970725882218652,327.0,68,113885,113887,False,ok,False,False,
adaptive-derived-resources,interactive-discover-3,discover,3,1,5,66,66,bf39c452faf678539dd6bec9f8931c5e,109435,0.603097729245671,267.0,66,109432,109434,False,ok,False,False,
adaptive-derived-resources,interactive-discover-3,discover,3,2,5,54,54,c6f1026b5b378b95fed1b609efe82a86,88100,0.6129398410896709,179.0,54,88097,88099,False,ok,False,False,
adaptive-derived-resources,interactive-discover-3,discover,3,3,5,196,196,3103aacb8c0b38645fd73f8b05191c84,167412,1.1707643418631877,425.0,196,167403,167411,False,ok,False,False,
adaptive-derived-resources,interactive-discover-3,discover,3,4,5,137,137,922f2cfc8273304ad1f823de44367223,117272,1.1682242990654206,365.0,137,117264,117271,False,ok,False,False,
adaptive-derived-resources,interactive-discover-4,discover,4,0,0,5,5,3112eede040aaa01aedc457789eed356,1526,3.2765399737876804,107.0,5,1525,1525,False,ok,False,False,
adaptive-derived-resources,interactive-discover-4,discover,4,1,0,3,3,cd6f381a6281527b1dbda2f21a1a702a,669,4.484304932735426,19.0,3,668,668,False,ok,False,False,
adaptive-derived-resources,interactive-discover-4,discover,4,2,0,3,3,ed1ebad4adf97e9e94be0ca88af2d8bb,666,4.504504504504505,19.0,3,665,665,False,ok,False,False,
adaptive-derived-resources,interactive-discover-4,discover,4,3,0,3,3,16a10be88d7ff874026ce66a4e993ecb,674,4.451038575667655,23.0,3,673,673,False,ok,False,False,
adaptive-derived-resources,interactive-discover-4,discover,4,4,0,7,7,d0ef3bb68aa278a8f97f329adee97dd8,1323,5.291005291005291,103.0,7,1322,1322,False,ok,False,False,
adaptive-derived-resources,interactive-discover-4,discover,4,0,1,5,5,3112eede040aaa01aedc457789eed356,1301,3.8431975403535743,107.0,5,1300,1300,False,ok,False,False,
adaptive-derived-resources,interactive-discover-4,discover,4,1,1,3,3,cd6f381a6281527b1dbda2f21a1a702a,628,4.777070063694268,19.0,3,626,627,False,ok,False,False,
adaptive-derived-resources,interactive-discover-4,discover,4,2,1,3,3,ed1ebad4adf97e9e94be0ca88af2d8bb,632,4.746835443037974,19.0,3,631,631,False,ok,False,False,
adaptive-derived-resources,interactive-discover-4,discover,4,3,1,3,3,16a10be88d7ff874026ce66a4e993ecb,681,4.405286343612334,23.0,3,680,680,False,ok,False,False,
adaptive-derived-resources,interactive-discover-4,discover,4,4,1,7,7,d0ef3bb68aa278a8f97f329adee97dd8,1276,5.485893416927899,103.0,7,1275,1275,False,ok,False,False,
adaptive-derived-resources,interactive-discover-4,discover,4,0,2,5,5,3112eede040aaa01aedc457789eed356,1324,3.7764350453172204,107.0,5,1323,1324,False,ok,False,False,
adaptive-derived-resources,interactive-discover-4,discover,4,1,2,3,3,cd6f381a6281527b1dbda2f21a1a702a,594,5.050505050505051,19.0,3,593,593,False,ok,False,False,
adaptive-derived-resources,interactive-discover-4,discover,4,2,2,3,3,ed1ebad4adf97e9e94be0ca88af2d8bb,613,4.893964110929853,19.0,3,612,612,False,ok,False,False,
adaptive-derived-resources,interactive-discover-4,discover,4,3,2,3,3,16a10be88d7ff874026ce66a4e993ecb,665,4.511278195488722,23.0,3,664,664,False,ok,False,False,
adaptive-derived-resources,interactive-discover-4,discover,4,4,2,7,7,d0ef3bb68aa278a8f97f329adee97dd8,1286,5.443234836702954,103.0,7,1285,1285,False,ok,False,False,
adaptive-derived-resources,interactive-discover-4,discover,4,0,3,5,5,3112eede040aaa01aedc457789eed356,1250,4.0,107.0,5,1249,1249,False,ok,False,False,
adaptive-derived-resources,interactive-discover-4,discover,4,1,3,3,3,cd6f381a6281527b1dbda2f21a1a702a,615,4.878048780487805,19.0,3,614,614,False,ok,False,False,
adaptive-derived-resources,interactive-discover-4,discover,4,2,3,3,3,ed1ebad4adf97e9e94be0ca88af2d8bb,630,4.761904761904762,19.0,3,629,629,False,ok,False,False,
adaptive-derived-resources,interactive-discover-4,discover,4,3,3,3,3,16a10be88d7ff874026ce66a4e993ecb,680,4.411764705882352,23.0,3,680,680,False,ok,False,False,
adaptive-derived-resources,interactive-discover-4,discover,4,4,3,7,7,d0ef3bb68aa278a8f97f329adee97dd8,1262,5.54675118858954,103.0,7,1261,1261,False,ok,False,False,
adaptive-derived-resources,interactive-discover-4,discover,4,0,4,5,5,3112eede040aaa01aedc457789eed356,1308,3.8226299694189603,107.0,5,1307,1307,False,ok,False,False,
adaptive-derived-resources,interactive-discover-4,discover,4,1,4,3,3,cd6f381a6281527b1dbda2f21a1a702a,599,5.008347245409015,19.0,3,598,599,False,ok,False,False,
adaptive-derived-resources,interactive-discover-4,discover,4,2,4,3,3,ed1ebad4adf97e9e94be0ca88af2d8bb,593,5.059021922428331,19.0,3,592,592,False,ok,False,False,
adaptive-derived-resources,interactive-discover-4,discover,4,3,4,3,3,16a10be88d7ff874026ce66a4e993ecb,679,4.4182621502209125,23.0,3,678,678,False,ok,False,False,
adaptive-derived-resources,interactive-discover-4,discover,4,4,4,7,7,d0ef3bb68aa278a8f97f329adee97dd8,1174,5.96252129471891,103.0,7,1173,1174,False,ok,False,False,
adaptive-derived-resources,interactive-discover-4,discover,4,0,5,5,5,3112eede040aaa01aedc457789eed356,1326,3.770739064856712,107.0,5,1325,1325,False,ok,False,False,
adaptive-derived-resources,interactive-discover-4,discover,4,1,5,3,3,cd6f381a6281527b1dbda2f21a1a702a,610,4.918032786885246,19.0,3,609,609,False,ok,False,False,
adaptive-derived-resources,interactive-discover-4,discover,4,2,5,3,3,ed1ebad4adf97e9e94be0ca88af2d8bb,610,4.918032786885246,19.0,3,610,610,False,ok,False,False,
adaptive-derived-resources,interactive-discover-4,discover,4,3,5,3,3,16a10be88d7ff874026ce66a4e993ecb,697,4.304160688665711,23.0,3,696,696,False,ok,False,False,
adaptive-derived-resources,interactive-discover-4,discover,4,4,5,7,7,d0ef3bb68aa278a8f97f329adee97dd8,1299,5.388760585065436,103.0,7,1298,1298,False,ok,False,False,
adaptive-derived-resources,interactive-discover-5,discover,5,0,0,15,15,cab888487e7572de37a55f0e8c3ec060,974,15.400410677618071,74.0,15,423,489,False,ok,False,False,
adaptive-derived-resources,interactive-discover-5,discover,5,1,0,3,3,7fc43bb183e4fb0238576536413c6c45,565,5.3097345132743365,10.0,3,364,369,False,ok,False,False,
adaptive-derived-resources,interactive-discover-5,discover,5,2,0,3,3,2543010e761cb36b6f0c3e103e58af43,562,5.338078291814946,10.0,3,373,377,False,ok,False,False,
adaptive-derived-resources,interactive-discover-5,discover,5,3,0,4,4,76fc6cfa5c07ff3011e9f2d7ac2ae7e0,611,6.546644844517185,12.0,4,401,434,False,ok,False,False,
adaptive-derived-resources,interactive-discover-5,discover,5,4,0,20,20,880a30fb8a9114b4807acb78d9e7d141,910,21.978021978021978,62.0,20,446,553,False,ok,False,False,
adaptive-derived-resources,interactive-discover-5,discover,5,0,1,15,15,cab888487e7572de37a55f0e8c3ec060,1050,14.285714285714285,74.0,15,440,504,False,ok,False,False,
adaptive-derived-resources,interactive-discover-5,discover,5,1,1,3,3,7fc43bb183e4fb0238576536413c6c45,553,5.424954792043399,10.0,3,356,360,False,ok,False,False,
adaptive-derived-resources,interactive-discover-5,discover,5,2,1,3,3,2543010e761cb36b6f0c3e103e58af43,551,5.44464609800363,10.0,3,343,347,False,ok,False,False,
adaptive-derived-resources,interactive-discover-5,discover,5,3,1,4,4,76fc6cfa5c07ff3011e9f2d7ac2ae7e0,576,6.944444444444445,12.0,4,372,404,False,ok,False,False,
adaptive-derived-resources,interactive-discover-5,discover,5,4,1,20,20,880a30fb8a9114b4807acb78d9e7d141,898,22.271714922048996,62.0,20,436,504,False,ok,False,False,
adaptive-derived-resources,interactive-discover-5,discover,5,0,2,15,15,cab888487e7572de37a55f0e8c3ec060,1015,14.77832512315271,74.0,15,421,486,False,ok,False,False,
adaptive-derived-resources,interactive-discover-5,discover,5,1,2,3,3,7fc43bb183e4fb0238576536413c6c45,572,5.244755244755245,10.0,3,361,366,False,ok,False,False,
adaptive-derived-resources,interactive-discover-5,discover,5,2,2,3,3,2543010e761cb36b6f0c3e103e58af43,568,5.281690140845071,10.0,3,369,373,False,ok,False,False,
adaptive-derived-resources,interactive-discover-5,discover,5,3,2,4,4,76fc6cfa5c07ff3011e9f2d7ac2ae7e0,623,6.420545746388443,12.0,4,411,443,False,ok,False,False,
adaptive-derived-resources,interactive-discover-5,discover,5,4,2,20,20,880a30fb8a9114b4807acb78d9e7d141,892,22.42152466367713,62.0,20,411,520,False,ok,False,False,
adaptive-derived-resources,interactive-discover-5,discover,5,0,3,15,15,cab888487e7572de37a55f0e8c3ec060,1025,14.634146341463415,74.0,15,420,521,False,ok,False,False,
adaptive-derived-resources,interactive-discover-5,discover,5,1,3,3,3,7fc43bb183e4fb0238576536413c6c45,551,5.44464609800363,10.0,3,360,367,False,ok,False,False,
adaptive-derived-resources,interactive-discover-5,discover,5,2,3,3,3,2543010e761cb36b6f0c3e103e58af43,576,5.208333333333334,10.0,3,372,379,False,ok,False,False,
adaptive-derived-resources,interactive-discover-5,discover,5,3,3,4,4,76fc6cfa5c07ff3011e9f2d7ac2ae7e0,577,6.932409012131716,12.0,4,365,397,False,ok,False,False,
adaptive-derived-resources,interactive-discover-5,discover,5,4,3,20,20,880a30fb8a9114b4807acb78d9e7d141,877,22.80501710376283,62.0,20,419,484,False,ok,False,False,
adaptive-derived-resources,interactive-discover-5,discover,5,0,4,15,15,cab888487e7572de37a55f0e8c3ec060,1028,14.591439688715953,74.0,15,422,482,False,ok,False,False,
adaptive-derived-resources,interactive-discover-5,discover,5,1,4,3,3,7fc43bb183e4fb0238576536413c6c45,584,5.136986301369864,10.0,3,369,374,False,ok,False,False,
adaptive-derived-resources,interactive-discover-5,discover,5,2,4,3,3,2543010e761cb36b6f0c3e103e58af43,577,5.199306759098787,10.0,3,359,363,False,ok,False,False,
adaptive-derived-resources,interactive-discover-5,discover,5,3,4,4,4,76fc6cfa5c07ff3011e9f2d7ac2ae7e0,602,6.644518272425249,12.0,4,389,421,False,ok,False,False,
adaptive-derived-resources,interactive-discover-5,discover,5,4,4,20,20,880a30fb8a9114b4807acb78d9e7d141,879,22.753128555176335,62.0,20,420,487,False,ok,False,False,
adaptive-derived-resources,interactive-discover-5,discover,5,0,5,15,15,cab888487e7572de37a55f0e8c3ec060,1027,14.605647517039923,74.0,15,420,485,False,ok,False,False,
adaptive-derived-resources,interactive-discover-5,discover,5,1,5,3,3,7fc43bb183e4fb0238576536413c6c45,586,5.119453924914676,10.0,3,376,380,False,ok,False,False,
adaptive-derived-resources,interactive-discover-5,discover,5,2,5,3,3,2543010e761cb36b6f0c3e103e58af43,573,5.235602094240838,10.0,3,373,377,False,ok,False,False,
adaptive-derived-resources,interactive-discover-5,discover,5,3,5,4,4,76fc6cfa5c07ff3011e9f2d7ac2ae7e0,592,6.756756756756757,12.0,4,370,401,False,ok,False,False,
adaptive-derived-resources,interactive-discover-5,discover,5,4,5,20,20,880a30fb8a9114b4807acb78d9e7d141,873,22.90950744558992,62.0,20,415,513,False,ok,False,False,
adaptive-derived-resources,interactive-discover-6,discover,6,0,0,33,33,240c19f39eed1e3ac67718ff57b63a0d,107925,0.30576789437109103,10421.0,33,687,1163,False,ok,False,False,
adaptive-derived-resources,interactive-discover-6,discover,6,1,0,1,1,cd3466cc43b32ce51d8f13d5516f2ef2,605,1.6528925619834711,11.0,1,503,503,False,ok,False,False,
adaptive-derived-resources,interactive-discover-6,discover,6,2,0,1,1,29960679941029d6a70f26d6904d3728,597,1.6750418760469012,11.0,1,496,496,False,ok,False,False,
adaptive-derived-resources,interactive-discover-6,discover,6,3,0,2,2,dda32920d34bcd8a1bf9ed13c89c4b4d,108240,0.018477457501847747,10419.0,2,526,529,False,ok,False,False,
adaptive-derived-resources,interactive-discover-6,discover,6,4,0,27,27,613936d3d666a311d54e99e3a8f9cdad,1101,24.52316076294278,63.0,27,644,903,False,ok,False,False,
adaptive-derived-resources,interactive-discover-6,discover,6,0,1,33,33,240c19f39eed1e3ac67718ff57b63a0d,105266,0.31349153572853533,10421.0,33,704,913,False,ok,False,False,
adaptive-derived-resources,interactive-discover-6,discover,6,1,1,1,1,cd3466cc43b32ce51d8f13d5516f2ef2,603,1.658374792703151,11.0,1,509,509,False,ok,False,False,
adaptive-derived-resources,interactive-discover-6,discover,6,2,1,1,1,29960679941029d6a70f26d6904d3728,600,1.6666666666666667,11.0,1,493,493,False,ok,False,False,
adaptive-derived-resources,interactive-discover-6,discover,6,3,1,2,2,dda32920d34bcd8a1bf9ed13c89c4b4d,105624,0.018935090509732636,10419.0,2,546,570,False,ok,False,False,
adaptive-derived-resources,interactive-discover-6,discover,6,4,1,27,27,613936d3d666a311d54e99e3a8f9cdad,1099,24.56778889899909,63.0,27,720,950,False,ok,False,False,
adaptive-derived-resources,interactive-discover-6,discover,6,0,2,33,33,240c19f39eed1e3ac67718ff57b63a0d,103989,0.3173412572483628,10421.0,33,742,924,False,ok,False,False,
adaptive-derived-resources,interactive-discover-6,discover,6,1,2,1,1,cd3466cc43b32ce51d8f13d5516f2ef2,609,1.6420361247947455,11.0,1,507,507,False,ok,False,False,
adaptive-derived-resources,interactive-discover-6,discover,6,2,2,1,1,29960679941029d6a70f26d6904d3728,589,1.697792869269949,11.0,1,490,490,False,ok,False,False,
adaptive-derived-resources,interactive-discover-6,discover,6,3,2,2,2,dda32920d34bcd8a1bf9ed13c89c4b4d,104641,0.019112967192591812,10419.0,2,545,564,False,ok,False,False,
adaptive-derived-resources,interactive-discover-6,discover,6,4,2,27,27,613936d3d666a311d54e99e3a8f9cdad,1079,25.023169601482856,63.0,27,663,885,False,ok,False,False,
adaptive-derived-resources,interactive-discover-6,discover,6,0,3,33,33,240c19f39eed1e3ac67718ff57b63a0d,103808,0.3178945745992601,10421.0,33,703,907,False,ok,False,False,
adaptive-derived-resources,interactive-discover-6,discover,6,1,3,1,1,cd3466cc43b32ce51d8f13d5516f2ef2,622,1.607717041800643,11.0,1,509,509,False,ok,False,False,
adaptive-derived-resources,interactive-discover-6,discover,6,2,3,1,1,29960679941029d6a70f26d6904d3728,582,1.718213058419244,11.0,1,485,485,False,ok,False,False,
adaptive-derived-resources,interactive-discover-6,discover,6,3,3,2,2,dda32920d34bcd8a1bf9ed13c89c4b4d,106138,0.018843392564397293,10419.0,2,533,535,False,ok,False,False,
adaptive-derived-resources,interactive-discover-6,discover,6,4,3,27,27,613936d3d666a311d54e99e3a8f9cdad,1060,25.471698113207545,63.0,27,720,883,False,ok,False,False,
adaptive-derived-resources,interactive-discover-6,discover,6,0,4,33,33,240c19f39eed1e3ac67718ff57b63a0d,104384,0.316140404659718,10421.0,33,671,897,False,ok,False,False,
adaptive-derived-resources,interactive-discover-6,discover,6,1,4,1,1,cd3466cc43b32ce51d8f13d5516f2ef2,583,1.7152658662092626,11.0,1,485,485,False,ok,False,False,
adaptive-derived-resources,interactive-discover-6,discover,6,2,4,1,1,29960679941029d6a70f26d6904d3728,578,1.7301038062283738,11.0,1,470,470,False,ok,False,False,
adaptive-derived-resources,interactive-discover-6,discover,6,3,4,2,2,dda32920d34bcd8a1bf9ed13c89c4b4d,105261,0.019000389507984914,10419.0,2,460,478,False,ok,False,False,
adaptive-derived-resources,interactive-discover-6,discover,6,4,4,27,27,613936d3d666a311d54e99e3a8f9cdad,1066,25.328330206378986,63.0,27,658,910,False,ok,False,False,
adaptive-derived-resources,interactive-discover-6,discover,6,0,5,33,33,240c19f39eed1e3ac67718ff57b63a0d,105329,0.3133040283302794,10421.0,33,676,890,False,ok,False,False,
adaptive-derived-resources,interactive-discover-6,discover,6,1,5,1,1,cd3466cc43b32ce51d8f13d5516f2ef2,627,1.594896331738437,11.0,1,520,520,False,ok,False,False,
adaptive-derived-resources,interactive-discover-6,discover,6,2,5,1,1,29960679941029d6a70f26d6904d3728,615,1.6260162601626016,11.0,1,511,511,False,ok,False,False,
adaptive-derived-resources,interactive-discover-6,discover,6,3,5,2,2,dda32920d34bcd8a1bf9ed13c89c4b4d,104642,0.019112784541579865,10419.0,2,556,559,False,ok,False,False,
adaptive-derived-resources,interactive-discover-6,discover,6,4,5,27,27,613936d3d666a311d54e99e3a8f9cdad,1058,25.51984877126654,63.0,27,642,848,False,ok,False,False,
adaptive-derived-resources,interactive-discover-7,discover,7,0,0,2,2,d8614c4f7b4fe0cc2f1623d07244cf20,158753,0.012598187120873308,13408.0,2,777,1949,False,ok,False,False,
adaptive-derived-resources,interactive-discover-7,discover,7,1,0,1,1,75ab2bd12ac1e16dcc02f8c9e8d97308,607,1.6474464579901154,12.0,1,518,518,False,ok,False,False,
adaptive-derived-resources,interactive-discover-7,discover,7,2,0,1,1,faf54113a5297c559416a2dd78b9cc86,626,1.597444089456869,12.0,1,521,521,False,ok,False,False,
adaptive-derived-resources,interactive-discover-7,discover,7,3,0,2,2,d2faccc09255b3a49e90b46ed45ffe1d,157801,0.012674190911337698,13358.0,2,466,1411,False,ok,False,False,
adaptive-derived-resources,interactive-discover-7,discover,7,4,0,1,1,3ee14484ce425fdbae40700cdd59c0d2,1051,0.9514747859181732,64.0,1,635,635,False,ok,False,False,
adaptive-derived-resources,interactive-discover-7,discover,7,0,1,2,2,d8614c4f7b4fe0cc2f1623d07244cf20,160398,0.01246898340378309,13453.0,2,732,1915,False,ok,False,False,
adaptive-derived-resources,interactive-discover-7,discover,7,1,1,1,1,75ab2bd12ac1e16dcc02f8c9e8d97308,641,1.5600624024960998,12.0,1,540,540,False,ok,False,False,
adaptive-derived-resources,interactive-discover-7,discover,7,2,1,1,1,faf54113a5297c559416a2dd78b9cc86,596,1.6778523489932886,12.0,1,492,492,False,ok,False,False,
adaptive-derived-resources,interactive-discover-7,discover,7,3,1,2,2,d2faccc09255b3a49e90b46ed45ffe1d,159261,0.012558002272998412,13436.0,2,531,1499,False,ok,False,False,
adaptive-derived-resources,interactive-discover-7,discover,7,4,1,1,1,3ee14484ce425fdbae40700cdd59c0d2,1020,0.9803921568627451,64.0,1,660,660,False,ok,False,False,
adaptive-derived-resources,interactive-discover-7,discover,7,0,2,2,2,d8614c4f7b4fe0cc2f1623d07244cf20,158376,0.012628175986260544,13455.0,2,789,1687,False,ok,False,False,
adaptive-derived-resources,interactive-discover-7,discover,7,1,2,1,1,75ab2bd12ac1e16dcc02f8c9e8d97308,615,1.6260162601626016,12.0,1,506,506,False,ok,False,False,
adaptive-derived-resources,interactive-discover-7,discover,7,2,2,1,1,faf54113a5297c559416a2dd78b9cc86,616,1.6233766233766234,12.0,1,520,520,False,ok,False,False,
adaptive-derived-resources,interactive-discover-7,discover,7,3,2,2,2,d2faccc09255b3a49e90b46ed45ffe1d,160337,0.0124737272120596,13582.0,2,530,1623,False,ok,False,False,
adaptive-derived-resources,interactive-discover-7,discover,7,4,2,1,1,3ee14484ce425fdbae40700cdd59c0d2,1077,0.9285051067780873,64.0,1,676,676,False,ok,False,False,
adaptive-derived-resources,interactive-discover-7,discover,7,0,3,2,2,d8614c4f7b4fe0cc2f1623d07244cf20,155852,0.012832687421399789,13481.0,2,627,1778,False,ok,False,False,
adaptive-derived-resources,interactive-discover-7,discover,7,1,3,1,1,75ab2bd12ac1e16dcc02f8c9e8d97308,629,1.589825119236884,12.0,1,505,505,False,ok,False,False,
adaptive-derived-resources,interactive-discover-7,discover,7,2,3,1,1,faf54113a5297c559416a2dd78b9cc86,612,1.6339869281045751,12.0,1,504,504,False,ok,False,False,
adaptive-derived-resources,interactive-discover-7,discover,7,3,3,2,2,d2faccc09255b3a49e90b46ed45ffe1d,159503,0.012538949110675036,13522.0,2,480,1603,False,ok,False,False,
adaptive-derived-resources,interactive-discover-7,discover,7,4,3,1,1,3ee14484ce425fdbae40700cdd59c0d2,1086,0.9208103130755064,64.0,1,732,732,False,ok,False,False,
adaptive-derived-resources,interactive-discover-7,discover,7,0,4,2,2,d8614c4f7b4fe0cc2f1623d07244cf20,156002,0.012820348457071062,13434.0,2,692,1832,False,ok,False,False,
adaptive-derived-resources,interactive-discover-7,discover,7,1,4,1,1,75ab2bd12ac1e16dcc02f8c9e8d97308,613,1.6313213703099512,12.0,1,518,518,False,ok,False,False,
adaptive-derived-resources,interactive-discover-7,discover,7,2,4,1,1,faf54113a5297c559416a2dd78b9cc86,612,1.6339869281045751,12.0,1,500,500,False,ok,False,False,
adaptive-derived-resources,interactive-discover-7,discover,7,3,4,2,2,d2faccc09255b3a49e90b46ed45ffe1d,159846,0.012512042841234689,13372.0,2,558,1496,False,ok,False,False,
adaptive-derived-resources,interactive-discover-7,discover,7,4,4,1,1,3ee14484ce425fdbae40700cdd59c0d2,1126,0.8880994671403198,64.0,1,751,751,False,ok,False,False,
adaptive-derived-resources,interactive-discover-7,discover,7,0,5,2,2,d8614c4f7b4fe0cc2f1623d07244cf20,156323,0.012794022632626037,13348.0,2,741,1949,False,ok,False,False,
adaptive-derived-resources,interactive-discover-7,discover,7,1,5,1,1,75ab2bd12ac1e16dcc02f8c9e8d97308,591,1.6920473773265652,12.0,1,495,495,False,ok,False,False,
adaptive-derived-resources,interactive-discover-7,discover,7,2,5,1,1,faf54113a5297c559416a2dd78b9cc86,632,1.5822784810126582,12.0,1,532,532,False,ok,False,False,
adaptive-derived-resources,interactive-discover-7,discover,7,3,5,2,2,d2faccc09255b3a49e90b46ed45ffe1d,155794,0.012837464857439952,13400.0,2,526,744,False,ok,False,False,
adaptive-derived-resources,interactive-discover-7,discover,7,4,5,1,1,3ee14484ce425fdbae40700cdd59c0d2,1031,0.9699321047526674,64.0,1,624,624,False,ok,False,False,
adaptive-derived-resources,interactive-discover-8,discover,8,0,0,10,10,bb71a2c609d69621c29d6ac5e530728c,788,12.690355329949238,16.0,10,733,786,False,ok,False,False,
adaptive-derived-resources,interactive-discover-8,discover,8,1,0,10,10,c5fc6510f749e57260ee80ca4a49d598,301,33.222591362126245,8.0,10,296,299,False,ok,False,False,
adaptive-derived-resources,interactive-discover-8,discover,8,2,0,10,10,47395c155c432ceb9252dff20ddbc2e9,292,34.24657534246575,11.0,10,288,291,False,ok,False,False,
adaptive-derived-resources,interactive-discover-8,discover,8,3,0,10,10,e3a9b27c34314fb63915976e8d686b2b,1171,8.539709649871904,25.0,10,1112,1167,False,ok,False,False,
adaptive-derived-resources,interactive-discover-8,discover,8,4,0,10,10,db9d7d840d29ef3b52464d33ce251243,368,27.17391304347826,9.0,10,367,367,False,ok,False,False,
adaptive-derived-resources,interactive-discover-8,discover,8,0,1,10,10,bb71a2c609d69621c29d6ac5e530728c,643,15.552099533437014,17.0,10,549,628,False,ok,False,False,
adaptive-derived-resources,interactive-discover-8,discover,8,1,1,10,10,c5fc6510f749e57260ee80ca4a49d598,302,33.11258278145696,13.0,10,299,301,False,ok,False,False,
adaptive-derived-resources,interactive-discover-8,discover,8,2,1,10,10,47395c155c432ceb9252dff20ddbc2e9,256,39.0625,10.0,10,253,255,False,ok,False,False,
adaptive-derived-resources,interactive-discover-8,discover,8,3,1,10,10,f139f36e9b03558041f610015cddbea6,1155,8.658008658008658,26.0,10,361,1151,False,ok,False,False,
adaptive-derived-resources,interactive-discover-8,discover,8,4,1,10,10,db9d7d840d29ef3b52464d33ce251243,401,24.937655860349125,13.0,10,400,400,False,ok,False,False,
adaptive-derived-resources,interactive-discover-8,discover,8,0,2,10,10,bb71a2c609d69621c29d6ac5e530728c,675,14.814814814814813,19.0,10,567,672,False,ok,False,False,
adaptive-derived-resources,interactive-discover-8,discover,8,1,2,10,10,c5fc6510f749e57260ee80ca4a49d598,272,36.76470588235294,13.0,10,270,271,False,ok,False,False,
adaptive-derived-resources,interactive-discover-8,discover,8,2,2,10,10,47395c155c432ceb9252dff20ddbc2e9,278,35.97122302158273,11.0,10,273,277,False,ok,False,False,
adaptive-derived-resources,interactive-discover-8,discover,8,3,2,10,10,e3a9b27c34314fb63915976e8d686b2b,1110,9.009009009009008,23.0,10,816,1106,False,ok,False,False,
adaptive-derived-resources,interactive-discover-8,discover,8,4,2,10,10,db9d7d840d29ef3b52464d33ce251243,415,24.096385542168676,15.0,10,413,414,False,ok,False,False,
adaptive-derived-resources,interactive-discover-8,discover,8,0,3,10,10,bb71a2c609d69621c29d6ac5e530728c,592,16.89189189189189,14.0,10,546,589,False,ok,False,False,
adaptive-derived-resources,interactive-discover-8,discover,8,1,3,10,10,c5fc6510f749e57260ee80ca4a49d598,278,35.97122302158273,12.0,10,277,277,False,ok,False,False,
adaptive-derived-resources,interactive-discover-8,discover,8,2,3,10,10,47395c155c432ceb9252dff20ddbc2e9,283,35.3356890459364,12.0,10,280,280,False,ok,False,False,
adaptive-derived-resources,interactive-discover-8,discover,8,3,3,10,10,f139f36e9b03558041f610015cddbea6,1107,9.033423667570009,24.0,10,385,1103,False,ok,False,False,
adaptive-derived-resources,interactive-discover-8,discover,8,4,3,10,10,db9d7d840d29ef3b52464d33ce251243,386,25.906735751295336,12.0,10,385,385,False,ok,False,False,
adaptive-derived-resources,interactive-discover-8,discover,8,0,4,10,10,0602d9a8c66070269dd3d009e3d2d2a0,592,16.89189189189189,14.0,10,588,590,False,ok,False,False,
adaptive-derived-resources,interactive-discover-8,discover,8,1,4,10,10,c5fc6510f749e57260ee80ca4a49d598,281,35.58718861209964,11.0,10,277,280,False,ok,False,False,
adaptive-derived-resources,interactive-discover-8,discover,8,2,4,10,10,47395c155c432ceb9252dff20ddbc2e9,263,38.02281368821293,11.0,10,261,261,False,ok,False,False,
adaptive-derived-resources,interactive-discover-8,discover,8,3,4,10,10,f139f36e9b03558041f610015cddbea6,904,11.061946902654867,24.0,10,707,900,False,ok,False,False,
adaptive-derived-resources,interactive-discover-8,discover,8,4,4,10,10,db9d7d840d29ef3b52464d33ce251243,336,29.76190476190476,14.0,10,335,335,False,ok,False,False,
adaptive-derived-resources,interactive-discover-8,discover,8,0,5,10,10,0602d9a8c66070269dd3d009e3d2d2a0,607,16.474464579901152,14.0,10,603,605,False,ok,False,False,
adaptive-derived-resources,interactive-discover-8,discover,8,1,5,10,10,c5fc6510f749e57260ee80ca4a49d598,270,37.03703703703704,10.0,10,267,269,False,ok,False,False,
adaptive-derived-resources,interactive-discover-8,discover,8,2,5,10,10,47395c155c432ceb9252dff20ddbc2e9,261,38.314176245210724,11.0,10,259,260,False,ok,False,False,
adaptive-derived-resources,interactive-discover-8,discover,8,3,5,10,10,e3a9b27c34314fb63915976e8d686b2b,1027,9.737098344693282,21.0,10,980,1023,False,ok,False,False,
adaptive-derived-resources,interactive-discover-8,discover,8,4,5,10,10,db9d7d840d29ef3b52464d33ce251243,632,15.822784810126581,10.0,10,630,630,False,ok,False,False,
adaptive-derived-resources,interactive-short-1,short,1,0,0,1,1,6b641713c69378408c911f18ba9ba38b,1339,0.7468259895444361,78.0,1,584,584,False,ok,False,False,
adaptive-derived-resources,interactive-short-1,short,1,1,0,1,1,f02ab3570928d3fc74a51ceb7a4a39ac,733,1.364256480218281,14.0,1,390,390,False,ok,False,False,
adaptive-derived-resources,interactive-short-1,short,1,2,0,1,1,ff4ea17b4281fdba2a7a842efe3a722a,701,1.4265335235378032,14.0,1,385,385,False,ok,False,False,
adaptive-derived-resources,interactive-short-1,short,1,3,0,1,1,64191c6d5f502dc3f35888f44214ade1,776,1.2886597938144329,16.0,1,427,427,False,ok,False,False,
adaptive-derived-resources,interactive-short-1,short,1,4,0,1,1,d8972c3dd7a9ab1cc6d9b0773f1037c3,1115,0.8968609865470852,66.0,1,503,503,False,ok,False,False,
adaptive-derived-resources,interactive-short-1,short,1,0,1,1,1,6b641713c69378408c911f18ba9ba38b,1206,0.8291873963515755,78.0,1,406,406,False,ok,False,False,
adaptive-derived-resources,interactive-short-1,short,1,1,1,1,1,f02ab3570928d3fc74a51ceb7a4a39ac,735,1.3605442176870748,14.0,1,380,380,False,ok,False,False,
adaptive-derived-resources,interactive-short-1,short,1,2,1,1,1,ff4ea17b4281fdba2a7a842efe3a722a,699,1.430615164520744,14.0,1,361,361,False,ok,False,False,
adaptive-derived-resources,interactive-short-1,short,1,3,1,1,1,64191c6d5f502dc3f35888f44214ade1,732,1.366120218579235,16.0,1,366,366,False,ok,False,False,
adaptive-derived-resources,interactive-short-1,short,1,4,1,1,1,d8972c3dd7a9ab1cc6d9b0773f1037c3,1057,0.946073793755913,66.0,1,378,378,False,ok,False,False,
adaptive-derived-resources,interactive-short-1,short,1,0,2,1,1,6b641713c69378408c911f18ba9ba38b,1201,0.832639467110741,78.0,1,370,370,False,ok,False,False,
adaptive-derived-resources,interactive-short-1,short,1,1,2,1,1,f02ab3570928d3fc74a51ceb7a4a39ac,718,1.392757660167131,14.0,1,386,386,False,ok,False,False,
adaptive-derived-resources,interactive-short-1,short,1,2,2,1,1,ff4ea17b4281fdba2a7a842efe3a722a,720,1.3888888888888888,14.0,1,380,380,False,ok,False,False,
adaptive-derived-resources,interactive-short-1,short,1,3,2,1,1,64191c6d5f502dc3f35888f44214ade1,754,1.3262599469496021,16.0,1,385,385,False,ok,False,False,
adaptive-derived-resources,interactive-short-1,short,1,4,2,1,1,d8972c3dd7a9ab1cc6d9b0773f1037c3,1062,0.9416195856873822,66.0,1,374,374,False,ok,False,False,
adaptive-derived-resources,interactive-short-1,short,1,0,3,1,1,6b641713c69378408c911f18ba9ba38b,1160,0.8620689655172414,78.0,1,459,459,False,ok,False,False,
adaptive-derived-resources,interactive-short-1,short,1,1,3,1,1,f02ab3570928d3fc74a51ceb7a4a39ac,728,1.3736263736263736,14.0,1,375,375,False,ok,False,False,
adaptive-derived-resources,interactive-short-1,short,1,2,3,1,1,ff4ea17b4281fdba2a7a842efe3a722a,715,1.3986013986013988,14.0,1,369,369,False,ok,False,False,
adaptive-derived-resources,interactive-short-1,short,1,3,3,1,1,64191c6d5f502dc3f35888f44214ade1,751,1.3315579227696406,16.0,1,380,380,False,ok,False,False,
adaptive-derived-resources,interactive-short-1,short,1,4,3,1,1,d8972c3dd7a9ab1cc6d9b0773f1037c3,1047,0.9551098376313276,66.0,1,368,368,False,ok,False,False,
adaptive-derived-resources,interactive-short-1,short,1,0,4,1,1,6b641713c69378408c911f18ba9ba38b,1223,0.8176614881439084,78.0,1,410,410,False,ok,False,False,
adaptive-derived-resources,interactive-short-1,short,1,1,4,1,1,f02ab3570928d3fc74a51ceb7a4a39ac,690,1.4492753623188408,14.0,1,342,342,False,ok,False,False,
adaptive-derived-resources,interactive-short-1,short,1,2,4,1,1,ff4ea17b4281fdba2a7a842efe3a722a,699,1.430615164520744,14.0,1,347,347,False,ok,False,False,
adaptive-derived-resources,interactive-short-1,short,1,3,4,1,1,64191c6d5f502dc3f35888f44214ade1,763,1.310615989515072,16.0,1,383,383,False,ok,False,False,
adaptive-derived-resources,interactive-short-1,short,1,4,4,1,1,d8972c3dd7a9ab1cc6d9b0773f1037c3,1049,0.9532888465204957,66.0,1,380,380,False,ok,False,False,
adaptive-derived-resources,interactive-short-1,short,1,0,5,1,1,6b641713c69378408c911f18ba9ba38b,1187,0.8424599831508003,78.0,1,415,415,False,ok,False,False,
adaptive-derived-resources,interactive-short-1,short,1,1,5,1,1,f02ab3570928d3fc74a51ceb7a4a39ac,686,1.4577259475218658,14.0,1,353,353,False,ok,False,False,
adaptive-derived-resources,interactive-short-1,short,1,2,5,1,1,ff4ea17b4281fdba2a7a842efe3a722a,719,1.3908205841446455,14.0,1,380,380,False,ok,False,False,
adaptive-derived-resources,interactive-short-1,short,1,3,5,1,1,64191c6d5f502dc3f35888f44214ade1,744,1.3440860215053763,16.0,1,369,369,False,ok,False,False,
adaptive-derived-resources,interactive-short-1,short,1,4,5,1,1,d8972c3dd7a9ab1cc6d9b0773f1037c3,1098,0.9107468123861566,66.0,1,415,415,False,ok,False,False,
adaptive-derived-resources,interactive-short-2,short,2,0,0,0,0,d41d8cd98f00b204e9800998ecf8427e,300107,0.0,,0,,,True,timeout,True,True,"Unexpected ""!"" at position 0 in state STOP"
adaptive-derived-resources,interactive-short-2,short,2,1,0,0,0,d41d8cd98f00b204e9800998ecf8427e,300142,0.0,,0,,,True,timeout,True,True,"Unexpected ""!"" at position 0 in state STOP"
adaptive-derived-resources,interactive-short-2,short,2,2,0,0,0,d41d8cd98f00b204e9800998ecf8427e,300485,0.0,,0,,,True,timeout,True,True,terminated
adaptive-derived-resources,interactive-short-2,short,2,3,0,0,0,d41d8cd98f00b204e9800998ecf8427e,300111,0.0,,0,,,True,timeout,True,True,"Unexpected ""!"" at position 0 in state STOP"
adaptive-derived-resources,interactive-short-2,short,2,4,0,0,0,d41d8cd98f00b204e9800998ecf8427e,300114,0.0,,0,,,True,timeout,True,True,"Unexpected ""!"" at position 0 in state STOP"
adaptive-derived-resources,interactive-short-2,short,2,0,1,0,0,d41d8cd98f00b204e9800998ecf8427e,300109,0.0,,0,,,True,timeout,True,True,"Unexpected ""!"" at position 0 in state STOP"
adaptive-derived-resources,interactive-short-2,short,2,1,1,0,0,d41d8cd98f00b204e9800998ecf8427e,300113,0.0,,0,,,True,timeout,True,True,"Unexpected ""!"" at position 0 in state STOP"
adaptive-derived-resources,interactive-short-2,short,2,2,1,0,0,d41d8cd98f00b204e9800998ecf8427e,300117,0.0,,0,,,True,timeout,True,True,"Unexpected ""!"" at position 0 in state STOP"
adaptive-derived-resources,interactive-short-2,short,2,3,1,0,0,d41d8cd98f00b204e9800998ecf8427e,300114,0.0,,0,,,True,timeout,True,True,"Unexpected ""!"" at position 0 in state STOP"
adaptive-derived-resources,interactive-short-2,short,2,4,1,0,0,d41d8cd98f00b204e9800998ecf8427e,300110,0.0,,0,,,True,timeout,True,True,"Unexpected ""!"" at position 0 in state STOP"
adaptive-derived-resources,interactive-short-2,short,2,0,2,0,0,d41d8cd98f00b204e9800998ecf8427e,300113,0.0,,0,,,True,timeout,True,True,"Unexpected ""!"" at position 0 in state STOP"
adaptive-derived-resources,interactive-short-2,short,2,1,2,0,0,d41d8cd98f00b204e9800998ecf8427e,300111,0.0,,0,,,True,timeout,True,True,"Unexpected ""!"" at position 0 in state STOP"
adaptive-derived-resources,interactive-short-2,short,2,2,2,0,0,d41d8cd98f00b204e9800998ecf8427e,300493,0.0,,0,,,True,timeout,True,True,terminated
adaptive-derived-resources,interactive-short-2,short,2,3,2,0,0,d41d8cd98f00b204e9800998ecf8427e,300101,0.0,,0,,,True,timeout,True,True,"Unexpected ""!"" at position 0 in state STOP"
adaptive-derived-resources,interactive-short-2,short,2,4,2,0,0,d41d8cd98f00b204e9800998ecf8427e,300113,0.0,,0,,,True,timeout,True,True,"Unexpected ""!"" at position 0 in state STOP"
adaptive-derived-resources,interactive-short-2,short,2,0,3,0,0,d41d8cd98f00b204e9800998ecf8427e,300104,0.0,,0,,,True,timeout,True,True,"Unexpected ""!"" at position 0 in state STOP"
adaptive-derived-resources,interactive-short-2,short,2,1,3,0,0,d41d8cd98f00b204e9800998ecf8427e,300060,0.0,,0,,,True,timeout,True,True,"Unexpected ""!"" at position 0 in state STOP"
adaptive-derived-resources,interactive-short-2,short,2,2,3,0,0,d41d8cd98f00b204e9800998ecf8427e,300112,0.0,,0,,,True,timeout,True,True,"Unexpected ""!"" at position 0 in state STOP"
adaptive-derived-resources,interactive-short-2,short,2,3,3,0,0,d41d8cd98f00b204e9800998ecf8427e,300224,0.0,,0,,,True,timeout,True,True,"Unexpected ""!"" at position 0 in state STOP"
adaptive-derived-resources,interactive-short-2,short,2,4,3,0,0,d41d8cd98f00b204e9800998ecf8427e,300335,0.0,,0,,,True,timeout,True,True,"Unexpected ""!"" at position 0 in state STOP"
adaptive-derived-resources,interactive-short-2,short,2,0,4,0,0,d41d8cd98f00b204e9800998ecf8427e,300113,0.0,,0,,,True,timeout,True,True,"Unexpected ""!"" at position 0 in state STOP"
adaptive-derived-resources,interactive-short-2,short,2,1,4,0,0,d41d8cd98f00b204e9800998ecf8427e,300116,0.0,,0,,,True,timeout,True,True,"Unexpected ""!"" at position 0 in state STOP"
adaptive-derived-resources,interactive-short-2,short,2,2,4,0,0,d41d8cd98f00b204e9800998ecf8427e,300049,0.0,,0,,,True,timeout,True,True,"Unexpected ""!"" at position 0 in state STOP"
adaptive-derived-resources,interactive-short-2,short,2,3,4,0,0,d41d8cd98f00b204e9800998ecf8427e,300092,0.0,,0,,,True,timeout,True,True,"Unexpected ""!"" at position 0 in state STOP"
adaptive-derived-resources,interactive-short-2,short,2,4,4,0,0,d41d8cd98f00b204e9800998ecf8427e,300112,0.0,,0,,,True,timeout,True,True,"Unexpected ""!"" at position 0 in state STOP"
adaptive-derived-resources,interactive-short-2,short,2,0,5,0,0,d41d8cd98f00b204e9800998ecf8427e,300111,0.0,,0,,,True,timeout,True,True,"Unexpected ""!"" at position 0 in state STOP"
adaptive-derived-resources,interactive-short-2,short,2,1,5,0,0,d41d8cd98f00b204e9800998ecf8427e,300097,0.0,,0,,,True,timeout,True,True,"Unexpected ""!"" at position 0 in state STOP"
adaptive-derived-resources,interactive-short-2,short,2,2,5,0,0,d41d8cd98f00b204e9800998ecf8427e,300111,0.0,,0,,,True,timeout,True,True,"Unexpected ""!"" at position 0 in state STOP"
adaptive-derived-resources,interactive-short-2,short,2,3,5,0,0,d41d8cd98f00b204e9800998ecf8427e,300113,0.0,,0,,,True,timeout,True,True,"Unexpected ""!"" at position 0 in state STOP"
adaptive-derived-resources,interactive-short-2,short,2,4,5,0,0,d41d8cd98f00b204e9800998ecf8427e,300475,0.0,,0,,,True,timeout,True,True,terminated
adaptive-derived-resources,interactive-short-3,short,3,0,0,3,3,f116c376cadfab127000461eedfe6fe4,300163,0.009994569617174667,,3,1758,1761,True,timeout,True,False,"Unexpected ""!"" at position 0 in state STOP"
adaptive-derived-resources,interactive-short-3,short,3,1,0,8,8,08ebdc5f1cb631f378df2fbbe319ad2b,300112,0.026656714826464784,,8,2356,7925,True,timeout,True,False,"Unexpected ""!"" at position 0 in state STOP"
adaptive-derived-resources,interactive-short-3,short,3,2,0,2,2,9f303454021d27b90ec166f8c7c8b1e5,300112,0.006664178706616196,,2,1456,1751,True,timeout,True,False,"Unexpected ""!"" at position 0 in state STOP"
adaptive-derived-resources,interactive-short-3,short,3,3,0,22,22,6661f58650b557e11764a3d453197934,300112,0.07330596577277816,,22,2875,8122,True,timeout,True,False,"Unexpected ""!"" at position 0 in state STOP"
adaptive-derived-resources,interactive-short-3,short,3,4,0,9,9,813665c4acac0aa3b7065a671a133e83,300112,0.02998880417977288,,9,2300,62260,True,timeout,True,False,"Unexpected ""!"" at position 0 in state STOP"
adaptive-derived-resources,interactive-short-3,short,3,0,1,3,3,f116c376cadfab127000461eedfe6fe4,300109,0.009996367986298313,,3,1859,2093,True,timeout,True,False,"Unexpected ""!"" at position 0 in state STOP"
adaptive-derived-resources,interactive-short-3,short,3,1,1,11,11,58121c3685c0fac35fde98106c3a10fd,300121,0.03665188374022478,,11,1985,9210,True,timeout,True,False,"Unexpected ""!"" at position 0 in state STOP"
adaptive-derived-resources,interactive-short-3,short,3,2,1,3,3,dab29cf79f331d542a1222e1ad68062d,300114,0.009996201443451489,,3,1438,5400,True,timeout,True,False,"Unexpected ""!"" at position 0 in state STOP"
adaptive-derived-resources,interactive-short-3,short,3,3,1,12,12,9bff5babf625aba43bdfc2d291f2a3f8,301385,0.039816181959951555,,12,2778,30036,True,timeout,True,False,"Unexpected ""!"" at position 0 in state STOP"
adaptive-derived-resources,interactive-short-3,short,3,4,1,7,7,14f56668a45b1b2654110d32629f832d,300074,0.023327579197131375,,7,2574,6474,True,timeout,True,False,"Unexpected ""!"" at position 0 in state STOP"
adaptive-derived-resources,interactive-short-3,short,3,0,2,3,3,f116c376cadfab127000461eedfe6fe4,301673,0.009944542600763077,,3,1484,1803,True,timeout,True,False,"Unexpected ""!"" at position 0 in state STOP"
adaptive-derived-resources,interactive-short-3,short,3,1,2,7,7,f02a9a2f3c696dac1516d39f958cb72a,300604,0.023286449947439156,,7,2676,2715,True,timeout,True,False,"Unexpected ""!"" at position 0 in state STOP"
adaptive-derived-resources,interactive-short-3,short,3,2,2,3,3,dab29cf79f331d542a1222e1ad68062d,300129,0.00999570184820527,,3,1446,2644,True,timeout,True,False,"Unexpected ""!"" at position 0 in state STOP"
adaptive-derived-resources,interactive-short-3,short,3,3,2,23,23,2663fa1e89522c1f3da366097ea519b9,300113,0.0766377997620896,,23,4570,23355,True,timeout,True,False,"Unexpected ""!"" at position 0 in state STOP"
adaptive-derived-resources,interactive-short-3,short,3,4,2,7,7,b685b07209c3a4b7248ed451401d5e8c,303770,0.02304375020574777,,7,1904,36393,True,timeout,True,False,"Unexpected ""!"" at position 0 in state STOP"
adaptive-derived-resources,interactive-short-3,short,3,0,3,6,6,94a7afc7ea99f34470fdee44220596fb,300099,0.0199934021772815,,6,1848,9142,True,timeout,True,False,"Unexpected ""!"" at position 0 in state STOP"
adaptive-derived-resources,interactive-short-3,short,3,1,3,7,7,f02a9a2f3c696dac1516d39f958cb72a,300170,0.023320118599460305,,7,2273,2821,True,timeout,True,False,"Unexpected ""!"" at position 0 in state STOP"
adaptive-derived-resources,interactive-short-3,short,3,2,3,2,2,9f303454021d27b90ec166f8c7c8b1e5,300056,0.006665422454475165,,2,1501,1871,True,timeout,True,False,"Unexpected ""!"" at position 0 in state STOP"
adaptive-derived-resources,interactive-short-3,short,3,3,3,15,15,fd3caff2fdc244ca395d3b170f85e8d0,303797,0.04937507611990902,,15,1771,3287,True,timeout,True,False,terminated
adaptive-derived-resources,interactive-short-3,short,3,4,3,9,9,4af075c2859e554df01abd9083b745d5,300126,0.029987405289778297,,9,2117,2966,True,timeout,True,False,"Unexpected ""!"" at position 0 in state STOP"
adaptive-derived-resources,interactive-short-3,short,3,0,4,3,3,f116c376cadfab127000461eedfe6fe4,300176,0.00999413677309312,,3,1719,1974,True,timeout,True,False,"Unexpected ""!"" at position 0 in state STOP"
adaptive-derived-resources,interactive-short-3,short,3,1,4,10,10,b5d33b7daa3ab2884bd2ab48a10ed671,303540,0.03294458720432233,,10,2939,3031,True,timeout,True,False,terminated
adaptive-derived-resources,interactive-short-3,short,3,2,4,2,2,9f303454021d27b90ec166f8c7c8b1e5,300162,0.006663068609617474,,2,1450,1687,True,timeout,True,False,"Unexpected ""!"" at position 0 in state STOP"
adaptive-derived-resources,interactive-short-3,short,3,3,4,22,22,6661f58650b557e11764a3d453197934,300110,0.07330645430008996,,22,3825,11126,True,timeout,True,False,"Unexpected ""!"" at position 0 in state STOP"
adaptive-derived-resources,interactive-short-3,short,3,4,4,10,10,4b7c814da6182dcb4109f592f32aefaa,305372,0.03274694471005855,,10,2142,66193,True,timeout,True,False,"Unexpected ""!"" at position 0 in state STOP"
adaptive-derived-resources,interactive-short-3,short,3,0,5,3,3,f116c376cadfab127000461eedfe6fe4,300114,0.009996201443451489,,3,1800,2067,True,timeout,True,False,"Unexpected ""!"" at position 0 in state STOP"
adaptive-derived-resources,interactive-short-3,short,3,1,5,7,7,f02a9a2f3c696dac1516d39f958cb72a,300112,0.023324625473156686,,7,2211,2482,True,timeout,True,False,"Unexpected ""!"" at position 0 in state STOP"
adaptive-derived-resources,interactive-short-3,short,3,2,5,2,2,9f303454021d27b90ec166f8c7c8b1e5,300271,0.006660649879608753,,2,3971,4207,True,timeout,True,False,"Unexpected ""!"" at position 0 in state STOP"
adaptive-derived-resources,interactive-short-3,short,3,3,5,22,22,6661f58650b557e11764a3d453197934,305971,0.07190223910109128,,22,3363,13483,True,timeout,True,False,"Unexpected ""!"" at position 0 in state STOP"
adaptive-derived-resources,interactive-short-3,short,3,4,5,11,11,a03a7598c0030907993f964fd5510bee,300234,0.03663808895727999,,11,2562,30707,True,timeout,True,False,"Unexpected ""!"" at position 0 in state STOP"
adaptive-derived-resources,interactive-short-4,short,4,0,0,1,1,be952defdc6bff97ab1d2bd30503bd7a,387,2.5839793281653747,6.0,1,269,269,False,ok,False,False,
adaptive-derived-resources,interactive-short-4,short,4,1,0,1,1,c7f96e08adf5efcc4ad5302bc4ebe30f,345,2.8985507246376816,6.0,1,236,236,False,ok,False,False,
adaptive-derived-resources,interactive-short-4,short,4,2,0,1,1,b14fe4f20ab576f2bf485f4d72fc2332,659,1.5174506828528072,30.0,1,288,288,False,ok,False,False,
adaptive-derived-resources,interactive-short-4,short,4,3,0,1,1,c114679689014713f0be71d73de99a0b,806,1.2406947890818858,39.0,1,293,293,False,ok,False,False,
adaptive-derived-resources,interactive-short-4,short,4,4,0,1,1,c93535a997dcc3e3b4e497b89e662936,256,3.90625,6.0,1,154,154,False,ok,False,False,
adaptive-derived-resources,interactive-short-4,short,4,0,1,1,1,be952defdc6bff97ab1d2bd30503bd7a,256,3.90625,6.0,1,142,142,False,ok,False,False,
adaptive-derived-resources,interactive-short-4,short,4,1,1,1,1,c7f96e08adf5efcc4ad5302bc4ebe30f,246,4.065040650406504,6.0,1,145,145,False,ok,False,False,
adaptive-derived-resources,interactive-short-4,short,4,2,1,1,1,b14fe4f20ab576f2bf485f4d72fc2332,474,2.109704641350211,30.0,1,183,183,False,ok,False,False,
adaptive-derived-resources,interactive-short-4,short,4,3,1,1,1,c114679689014713f0be71d73de99a0b,605,1.6528925619834711,39.0,1,234,234,False,ok,False,False,
adaptive-derived-resources,interactive-short-4,short,4,4,1,1,1,c93535a997dcc3e3b4e497b89e662936,237,4.219409282700422,6.0,1,138,138,False,ok,False,False,
adaptive-derived-resources,interactive-short-4,short,4,0,2,1,1,be952defdc6bff97ab1d2bd30503bd7a,247,4.048582995951417,6.0,1,136,136,False,ok,False,False,
adaptive-derived-resources,interactive-short-4,short,4,1,2,1,1,c7f96e08adf5efcc4ad5302bc4ebe30f,220,4.545454545454546,6.0,1,119,119,False,ok,False,False,
adaptive-derived-resources,interactive-short-4,short,4,2,2,1,1,b14fe4f20ab576f2bf485f4d72fc2332,459,2.178649237472767,30.0,1,175,175,False,ok,False,False,
adaptive-derived-resources,interactive-short-4,short,4,3,2,1,1,c114679689014713f0be71d73de99a0b,526,1.9011406844106462,39.0,1,187,187,False,ok,False,False,
adaptive-derived-resources,interactive-short-4,short,4,4,2,1,1,c93535a997dcc3e3b4e497b89e662936,244,4.098360655737705,6.0,1,136,136,False,ok,False,False,
adaptive-derived-resources,interactive-short-4,short,4,0,3,1,1,be952defdc6bff97ab1d2bd30503bd7a,231,4.329004329004329,6.0,1,126,126,False,ok,False,False,
adaptive-derived-resources,interactive-short-4,short,4,1,3,1,1,c7f96e08adf5efcc4ad5302bc4ebe30f,252,3.9682539682539684,6.0,1,143,143,False,ok,False,False,
adaptive-derived-resources,interactive-short-4,short,4,2,3,1,1,b14fe4f20ab576f2bf485f4d72fc2332,482,2.074688796680498,30.0,1,183,183,False,ok,False,False,
adaptive-derived-resources,interactive-short-4,short,4,3,3,1,1,c114679689014713f0be71d73de99a0b,569,1.7574692442882252,39.0,1,202,202,False,ok,False,False,
adaptive-derived-resources,interactive-short-4,short,4,4,3,1,1,c93535a997dcc3e3b4e497b89e662936,240,4.166666666666667,6.0,1,144,144,False,ok,False,False,
adaptive-derived-resources,interactive-short-4,short,4,0,4,1,1,be952defdc6bff97ab1d2bd30503bd7a,235,4.25531914893617,6.0,1,133,133,False,ok,False,False,
adaptive-derived-resources,interactive-short-4,short,4,1,4,1,1,c7f96e08adf5efcc4ad5302bc4ebe30f,236,4.237288135593221,6.0,1,143,143,False,ok,False,False,
adaptive-derived-resources,interactive-short-4,short,4,2,4,1,1,b14fe4f20ab576f2bf485f4d72fc2332,456,2.1929824561403506,30.0,1,176,176,False,ok,False,False,
adaptive-derived-resources,interactive-short-4,short,4,3,4,1,1,c114679689014713f0be71d73de99a0b,528,1.8939393939393938,39.0,1,192,192,False,ok,False,False,
adaptive-derived-resources,interactive-short-4,short,4,4,4,1,1,c93535a997dcc3e3b4e497b89e662936,237,4.219409282700422,6.0,1,129,129,False,ok,False,False,
adaptive-derived-resources,interactive-short-4,short,4,0,5,1,1,be952defdc6bff97ab1d2bd30503bd7a,249,4.016064257028113,6.0,1,148,148,False,ok,False,False,
adaptive-derived-resources,interactive-short-4,short,4,1,5,1,1,c7f96e08adf5efcc4ad5302bc4ebe30f,208,4.8076923076923075,6.0,1,108,108,False,ok,False,False,
adaptive-derived-resources,interactive-short-4,short,4,2,5,1,1,b14fe4f20ab576f2bf485f4d72fc2332,458,2.1834061135371177,30.0,1,178,178,False,ok,False,False,
adaptive-derived-resources,interactive-short-4,short,4,3,5,1,1,c114679689014713f0be71d73de99a0b,549,1.8214936247723132,39.0,1,212,212,False,ok,False,False,
adaptive-derived-resources,interactive-short-4,short,4,4,5,1,1,c93535a997dcc3e3b4e497b89e662936,220,4.545454545454546,6.0,1,117,117,False,ok,False,False,
adaptive-derived-resources,interactive-short-5,short,5,0,0,1,1,dc0e41612718b8e8febbfed0b6a81235,892,1.1210762331838564,15.0,1,506,506,False,ok,False,False,
adaptive-derived-resources,interactive-short-5,short,5,1,0,1,1,503ee1b279b823f2e5e6c3c7ad09348a,898,1.1135857461024499,15.0,1,423,423,False,ok,False,False,
adaptive-derived-resources,interactive-short-5,short,5,2,0,1,1,f5c7036bdd812461f2fb5aae6b3ae925,2500,0.4,73.0,1,494,494,False,ok,False,False,
adaptive-derived-resources,interactive-short-5,short,5,3,0,1,1,34828ddcb65169a440f3b93e10833a13,567,1.7636684303350971,20.0,1,444,444,False,ok,False,False,
adaptive-derived-resources,interactive-short-5,short,5,4,0,1,1,85635c1632159d9ccdaa8e67a0da19e7,1316,0.7598784194528875,75.0,1,391,391,False,ok,False,False,
adaptive-derived-resources,interactive-short-5,short,5,0,1,1,1,dc0e41612718b8e8febbfed0b6a81235,691,1.4471780028943562,15.0,1,337,337,False,ok,False,False,
adaptive-derived-resources,interactive-short-5,short,5,1,1,1,1,503ee1b279b823f2e5e6c3c7ad09348a,759,1.3175230566534915,15.0,1,352,352,False,ok,False,False,
adaptive-derived-resources,interactive-short-5,short,5,2,1,1,1,f5c7036bdd812461f2fb5aae6b3ae925,1753,0.5704506560182545,73.0,1,460,460,False,ok,False,False,
adaptive-derived-resources,interactive-short-5,short,5,3,1,1,1,34828ddcb65169a440f3b93e10833a13,497,2.0120724346076457,20.0,1,386,386,False,ok,False,False,
adaptive-derived-resources,interactive-short-5,short,5,4,1,1,1,85635c1632159d9ccdaa8e67a0da19e7,1041,0.9606147934678195,75.0,1,360,360,False,ok,False,False,
adaptive-derived-resources,interactive-short-5,short,5,0,2,1,1,dc0e41612718b8e8febbfed0b6a81235,726,1.3774104683195594,15.0,1,374,374,False,ok,False,False,
adaptive-derived-resources,interactive-short-5,short,5,1,2,1,1,503ee1b279b823f2e5e6c3c7ad09348a,776,1.2886597938144329,15.0,1,389,389,False,ok,False,False,
adaptive-derived-resources,interactive-short-5,short,5,2,2,1,1,f5c7036bdd812461f2fb5aae6b3ae925,1749,0.5717552887364208,73.0,1,502,502,False,ok,False,False,
adaptive-derived-resources,interactive-short-5,short,5,3,2,1,1,34828ddcb65169a440f3b93e10833a13,536,1.8656716417910446,20.0,1,417,417,False,ok,False,False,
adaptive-derived-resources,interactive-short-5,short,5,4,2,1,1,85635c1632159d9ccdaa8e67a0da19e7,1052,0.9505703422053231,75.0,1,367,367,False,ok,False,False,
adaptive-derived-resources,interactive-short-5,short,5,0,3,1,1,dc0e41612718b8e8febbfed0b6a81235,708,1.4124293785310735,15.0,1,338,338,False,ok,False,False,
adaptive-derived-resources,interactive-short-5,short,5,1,3,1,1,503ee1b279b823f2e5e6c3c7ad09348a,768,1.3020833333333333,15.0,1,371,371,False,ok,False,False,
adaptive-derived-resources,interactive-short-5,short,5,2,3,1,1,f5c7036bdd812461f2fb5aae6b3ae925,1697,0.5892751915144372,73.0,1,460,460,False,ok,False,False,
adaptive-derived-resources,interactive-short-5,short,5,3,3,1,1,34828ddcb65169a440f3b93e10833a13,518,1.9305019305019304,20.0,1,369,369,False,ok,False,False,
adaptive-derived-resources,interactive-short-5,short,5,4,3,1,1,85635c1632159d9ccdaa8e67a0da19e7,1065,0.9389671361502347,75.0,1,387,387,False,ok,False,False,
adaptive-derived-resources,interactive-short-5,short,5,0,4,1,1,dc0e41612718b8e8febbfed0b6a81235,717,1.394700139470014,15.0,1,366,366,False,ok,False,False,
adaptive-derived-resources,interactive-short-5,short,5,1,4,1,1,503ee1b279b823f2e5e6c3c7ad09348a,761,1.314060446780552,15.0,1,351,351,False,ok,False,False,
adaptive-derived-resources,interactive-short-5,short,5,2,4,1,1,f5c7036bdd812461f2fb5aae6b3ae925,1967,0.5083884087442806,73.0,1,467,467,False,ok,False,False,
adaptive-derived-resources,interactive-short-5,short,5,3,4,1,1,34828ddcb65169a440f3b93e10833a13,524,1.9083969465648853,20.0,1,366,366,False,ok,False,False,
adaptive-derived-resources,interactive-short-5,short,5,4,4,1,1,85635c1632159d9ccdaa8e67a0da19e7,1098,0.9107468123861566,75.0,1,414,414,False,ok,False,False,
adaptive-derived-resources,interactive-short-5,short,5,0,5,1,1,dc0e41612718b8e8febbfed0b6a81235,685,1.4598540145985401,15.0,1,315,315,False,ok,False,False,
adaptive-derived-resources,interactive-short-5,short,5,1,5,1,1,503ee1b279b823f2e5e6c3c7ad09348a,783,1.277139208173691,15.0,1,398,398,False,ok,False,False,
adaptive-derived-resources,interactive-short-5,short,5,2,5,1,1,f5c7036bdd812461f2fb5aae6b3ae925,1665,0.6006006006006006,73.0,1,489,489,False,ok,False,False,
adaptive-derived-resources,interactive-short-5,short,5,3,5,1,1,34828ddcb65169a440f3b93e10833a13,513,1.949317738791423,20.0,1,396,396,False,ok,False,False,
adaptive-derived-resources,interactive-short-5,short,5,4,5,1,1,85635c1632159d9ccdaa8e67a0da19e7,1089,0.9182736455463728,75.0,1,402,402,False,ok,False,False,
adaptive-derived-resources,interactive-short-6,short,6,0,0,1,1,ba304a277e0c6fae635de35002222d91,300139,0.003331789604150077,,1,485,485,True,timeout,True,False,"Unexpected ""!"" at position 0 in state STOP"
adaptive-derived-resources,interactive-short-6,short,6,1,0,1,1,e849f1a14477da933bfaa5ee561efce8,301505,0.0033166945821794,,1,1000,1000,True,timeout,True,False,terminated
adaptive-derived-resources,interactive-short-6,short,6,2,0,0,0,d41d8cd98f00b204e9800998ecf8427e,300173,0.0,,0,,,True,timeout,True,True,"Unexpected ""!"" at position 0 in state STOP"
adaptive-derived-resources,interactive-short-6,short,6,3,0,0,0,d41d8cd98f00b204e9800998ecf8427e,300314,0.0,,0,,,True,timeout,True,True,"Unexpected ""!"" at position 0 in state STOP"
adaptive-derived-resources,interactive-short-6,short,6,4,0,0,0,d41d8cd98f00b204e9800998ecf8427e,300110,0.0,,0,,,True,timeout,True,True,"Unexpected ""!"" at position 0 in state STOP"
adaptive-derived-resources,interactive-short-6,short,6,0,1,1,1,ba304a277e0c6fae635de35002222d91,300110,0.003332111559094998,,1,978,978,True,timeout,True,False,"Unexpected ""!"" at position 0 in state STOP"
adaptive-derived-resources,interactive-short-6,short,6,1,1,1,1,e849f1a14477da933bfaa5ee561efce8,300111,0.0033321004561645525,,1,1029,1029,True,timeout,True,False,"Unexpected ""!"" at position 0 in state STOP"
adaptive-derived-resources,interactive-short-6,short,6,2,1,0,0,d41d8cd98f00b204e9800998ecf8427e,300166,0.0,,0,,,True,timeout,True,True,"Unexpected ""!"" at position 0 in state STOP"
adaptive-derived-resources,interactive-short-6,short,6,3,1,0,0,d41d8cd98f00b204e9800998ecf8427e,300116,0.0,,0,,,True,timeout,True,True,"Unexpected ""!"" at position 0 in state STOP"
adaptive-derived-resources,interactive-short-6,short,6,4,1,0,0,d41d8cd98f00b204e9800998ecf8427e,300107,0.0,,0,,,True,timeout,True,True,"Unexpected ""!"" at position 0 in state STOP"
adaptive-derived-resources,interactive-short-6,short,6,0,2,1,1,ba304a277e0c6fae635de35002222d91,300117,0.00333203384013568,,1,996,996,True,timeout,True,False,"Unexpected ""!"" at position 0 in state STOP"
adaptive-derived-resources,interactive-short-6,short,6,1,2,1,1,e849f1a14477da933bfaa5ee561efce8,300112,0.003332089353308098,,1,1070,1070,True,timeout,True,False,"Unexpected ""!"" at position 0 in state STOP"
adaptive-derived-resources,interactive-short-6,short,6,2,2,0,0,d41d8cd98f00b204e9800998ecf8427e,300120,0.0,,0,,,True,timeout,True,True,"Unexpected ""!"" at position 0 in state STOP"
adaptive-derived-resources,interactive-short-6,short,6,3,2,0,0,d41d8cd98f00b204e9800998ecf8427e,300113,0.0,,0,,,True,timeout,True,True,"Unexpected ""!"" at position 0 in state STOP"
adaptive-derived-resources,interactive-short-6,short,6,4,2,0,0,d41d8cd98f00b204e9800998ecf8427e,300109,0.0,,0,,,True,timeout,True,True,"Unexpected ""!"" at position 0 in state STOP"
adaptive-derived-resources,interactive-short-6,short,6,0,3,1,1,ba304a277e0c6fae635de35002222d91,300109,0.0033321226620994376,,1,1036,1036,True,timeout,True,False,"Unexpected ""!"" at position 0 in state STOP"
adaptive-derived-resources,interactive-short-6,short,6,1,3,1,1,e849f1a14477da933bfaa5ee561efce8,300108,0.003332133765177869,,1,1491,1491,True,timeout,True,False,"Unexpected ""!"" at position 0 in state STOP"
adaptive-derived-resources,interactive-short-6,short,6,2,3,0,0,d41d8cd98f00b204e9800998ecf8427e,300121,0.0,,0,,,True,timeout,True,True,"Unexpected ""!"" at position 0 in state STOP"
adaptive-derived-resources,interactive-short-6,short,6,3,3,0,0,d41d8cd98f00b204e9800998ecf8427e,300106,0.0,,0,,,True,timeout,True,True,"Unexpected ""!"" at position 0 in state STOP"
adaptive-derived-resources,interactive-short-6,short,6,4,3,0,0,d41d8cd98f00b204e9800998ecf8427e,300180,0.0,,0,,,True,timeout,True,True,"Unexpected ""!"" at position 0 in state STOP"
adaptive-derived-resources,interactive-short-6,short,6,0,4,1,1,ba304a277e0c6fae635de35002222d91,300111,0.0033321004561645525,,1,1358,1358,True,timeout,True,False,"Unexpected ""!"" at position 0 in state STOP"
adaptive-derived-resources,interactive-short-6,short,6,1,4,1,1,e849f1a14477da933bfaa5ee561efce8,300108,0.003332133765177869,,1,1142,1142,True,timeout,True,False,"Unexpected ""!"" at position 0 in state STOP"
adaptive-derived-resources,interactive-short-6,short,6,2,4,0,0,d41d8cd98f00b204e9800998ecf8427e,300107,0.0,,0,,,True,timeout,True,True,"Unexpected ""!"" at position 0 in state STOP"
adaptive-derived-resources,interactive-short-6,short,6,3,4,0,0,d41d8cd98f00b204e9800998ecf8427e,300054,0.0,,0,,,True,timeout,True,True,"Unexpected ""!"" at position 0 in state STOP"
adaptive-derived-resources,interactive-short-6,short,6,4,4,0,0,d41d8cd98f00b204e9800998ecf8427e,300114,0.0,,0,,,True,timeout,True,True,"Unexpected ""!"" at position 0 in state STOP"
adaptive-derived-resources,interactive-short-6,short,6,0,5,1,1,ba304a277e0c6fae635de35002222d91,300108,0.003332133765177869,,1,944,944,True,timeout,True,False,"Unexpected ""!"" at position 0 in state STOP"
adaptive-derived-resources,interactive-short-6,short,6,1,5,1,1,e849f1a14477da933bfaa5ee561efce8,300109,0.0033321226620994376,,1,1102,1102,True,timeout,True,False,"Unexpected ""!"" at position 0 in state STOP"
adaptive-derived-resources,interactive-short-6,short,6,2,5,0,0,d41d8cd98f00b204e9800998ecf8427e,300114,0.0,,0,,,True,timeout,True,True,"Unexpected ""!"" at position 0 in state STOP"
adaptive-derived-resources,interactive-short-6,short,6,3,5,0,0,d41d8cd98f00b204e9800998ecf8427e,300108,0.0,,0,,,True,timeout,True,True,"Unexpected ""!"" at position 0 in state STOP"
adaptive-derived-resources,interactive-short-6,short,6,4,5,0,0,d41d8cd98f00b204e9800998ecf8427e,300110,0.0,,0,,,True,timeout,True,True,"Unexpected ""!"" at position 0 in state STOP"
adaptive-derived-resources,interactive-short-7,short,7,0,0,0,0,d41d8cd98f00b204e9800998ecf8427e,300499,0.0,,0,,,True,timeout,True,True,terminated
adaptive-derived-resources,interactive-short-7,short,7,1,0,0,0,d41d8cd98f00b204e9800998ecf8427e,300428,0.0,,0,,,True,timeout,True,True,"Unexpected ""!"" at position 0 in state STOP"
adaptive-derived-resources,interactive-short-7,short,7,2,0,0,0,d41d8cd98f00b204e9800998ecf8427e,300501,0.0,,0,,,True,timeout,True,True,terminated
adaptive-derived-resources,interactive-short-7,short,7,3,0,0,0,d41d8cd98f00b204e9800998ecf8427e,300098,0.0,,0,,,True,timeout,True,True,"Unexpected ""!"" at position 0 in state STOP"
adaptive-derived-resources,interactive-short-7,short,7,4,0,0,0,d41d8cd98f00b204e9800998ecf8427e,300016,0.0,,0,,,True,timeout,True,True,"Unexpected ""!"" at position 0 in state STOP"
adaptive-derived-resources,interactive-short-7,short,7,0,1,0,0,d41d8cd98f00b204e9800998ecf8427e,300110,0.0,,0,,,True,timeout,True,True,"Unexpected ""!"" at position 0 in state STOP"
adaptive-derived-resources,interactive-short-7,short,7,1,1,0,0,d41d8cd98f00b204e9800998ecf8427e,300233,0.0,,0,,,True,timeout,True,True,"Unexpected ""!"" at position 0 in state STOP"
adaptive-derived-resources,interactive-short-7,short,7,2,1,0,0,d41d8cd98f00b204e9800998ecf8427e,300038,0.0,,0,,,True,timeout,True,True,"Unexpected ""!"" at position 0 in state STOP"
adaptive-derived-resources,interactive-short-7,short,7,3,1,0,0,d41d8cd98f00b204e9800998ecf8427e,300173,0.0,,0,,,True,timeout,True,True,"Unexpected ""!"" at position 0 in state STOP"
adaptive-derived-resources,interactive-short-7,short,7,4,1,0,0,d41d8cd98f00b204e9800998ecf8427e,300520,0.0,,0,,,True,timeout,True,True,terminated
adaptive-derived-resources,interactive-short-7,short,7,0,2,0,0,d41d8cd98f00b204e9800998ecf8427e,300110,0.0,,0,,,True,timeout,True,True,"Unexpected ""!"" at position 0 in state STOP"
adaptive-derived-resources,interactive-short-7,short,7,1,2,0,0,d41d8cd98f00b204e9800998ecf8427e,300110,0.0,,0,,,True,timeout,True,True,"Unexpected ""!"" at position 0 in state STOP"
adaptive-derived-resources,interactive-short-7,short,7,2,2,0,0,d41d8cd98f00b204e9800998ecf8427e,300113,0.0,,0,,,True,timeout,True,True,"Unexpected ""!"" at position 0 in state STOP"
adaptive-derived-resources,interactive-short-7,short,7,3,2,0,0,d41d8cd98f00b204e9800998ecf8427e,300106,0.0,,0,,,True,timeout,True,True,"Unexpected ""!"" at position 0 in state STOP"
adaptive-derived-resources,interactive-short-7,short,7,4,2,0,0,d41d8cd98f00b204e9800998ecf8427e,300141,0.0,,0,,,True,timeout,True,True,"Unexpected ""!"" at position 0 in state STOP"
adaptive-derived-resources,interactive-short-7,short,7,0,3,0,0,d41d8cd98f00b204e9800998ecf8427e,300109,0.0,,0,,,True,timeout,True,True,"Unexpected ""!"" at position 0 in state STOP"
adaptive-derived-resources,interactive-short-7,short,7,1,3,0,0,d41d8cd98f00b204e9800998ecf8427e,300075,0.0,,0,,,True,timeout,True,True,"Unexpected ""!"" at position 0 in state STOP"
adaptive-derived-resources,interactive-short-7,short,7,2,3,0,0,d41d8cd98f00b204e9800998ecf8427e,300498,0.0,,0,,,True,timeout,True,True,terminated
adaptive-derived-resources,interactive-short-7,short,7,3,3,0,0,d41d8cd98f00b204e9800998ecf8427e,300114,0.0,,0,,,True,timeout,True,True,"Unexpected ""!"" at position 0 in state STOP"
adaptive-derived-resources,interactive-short-7,short,7,4,3,0,0,d41d8cd98f00b204e9800998ecf8427e,300906,0.0,,0,,,True,timeout,True,True,terminated
adaptive-derived-resources,interactive-short-7,short,7,0,4,0,0,d41d8cd98f00b204e9800998ecf8427e,300126,0.0,,0,,,True,timeout,True,True,"Unexpected ""!"" at position 0 in state STOP"
adaptive-derived-resources,interactive-short-7,short,7,1,4,0,0,d41d8cd98f00b204e9800998ecf8427e,300117,0.0,,0,,,True,timeout,True,True,"Unexpected ""!"" at position 0 in state STOP"
adaptive-derived-resources,interactive-short-7,short,7,2,4,0,0,d41d8cd98f00b204e9800998ecf8427e,300046,0.0,,0,,,True,timeout,True,True,"Unexpected ""!"" at position 0 in state STOP"
adaptive-derived-resources,interactive-short-7,short,7,3,4,0,0,d41d8cd98f00b204e9800998ecf8427e,300508,0.0,,0,,,True,timeout,True,True,terminated
adaptive-derived-resources,interactive-short-7,short,7,4,4,0,0,d41d8cd98f00b204e9800998ecf8427e,300231,0.0,,0,,,True,timeout,True,True,"Unexpected ""!"" at position 0 in state STOP"
adaptive-derived-resources,interactive-short-7,short,7,0,5,0,0,d41d8cd98f00b204e9800998ecf8427e,300297,0.0,,0,,,True,timeout,True,True,"Unexpected ""!"" at position 0 in state STOP"
adaptive-derived-resources,interactive-short-7,short,7,1,5,0,0,d41d8cd98f00b204e9800998ecf8427e,300480,0.0,,0,,,True,timeout,True,True,terminated
adaptive-derived-resources,interactive-short-7,short,7,2,5,0,0,d41d8cd98f00b204e9800998ecf8427e,300235,0.0,,0,,,True,timeout,True,True,"Unexpected ""!"" at position 0 in state STOP"
adaptive-derived-resources,interactive-short-7,short,7,3,5,0,0,d41d8cd98f00b204e9800998ecf8427e,300180,0.0,,0,,,True,timeout,True,True,"Unexpected ""!"" at position 0 in state STOP"
adaptive-derived-resources,interactive-short-7,short,7,4,5,0,0,d41d8cd98f00b204e9800998ecf8427e,300122,0.0,,0,,,True,timeout,True,True,"Unexpected ""!"" at position 0 in state STOP"
adaptive,interactive-discover-1,discover,1,0,0,6,6,d632b8166f912f4afd062d64186f2dc6,3450,1.7391304347826086,101.0,6,1218,1771,False,ok,False,False,
adaptive,interactive-discover-1,discover,1,1,0,4,4,e00f199d535cd1710bf9be67f04f39e4,2240,1.7857142857142856,99.0,4,482,527,False,ok,False,False,
adaptive,interactive-discover-1,discover,1,2,0,1,1,c4499554f796e968a069e67a8f5d9d1c,1715,0.5830903790087463,85.0,1,460,460,False,ok,False,False,
adaptive,interactive-discover-1,discover,1,3,0,14,14,6c0a9fe8be642ee232c10c9996912b97,1401,9.992862241256246,59.0,14,499,509,False,ok,False,False,
adaptive,interactive-discover-1,discover,1,4,0,8,8,7536d3a2c1abc2a9ac92b1860efa3282,1892,4.2283298097251585,89.0,8,507,513,False,ok,False,False,
adaptive,interactive-discover-1,discover,1,0,1,6,6,d632b8166f912f4afd062d64186f2dc6,1870,3.2085561497326203,101.0,6,563,776,False,ok,False,False,
adaptive,interactive-discover-1,discover,1,1,1,4,4,e00f199d535cd1710bf9be67f04f39e4,1522,2.628120893561104,99.0,4,430,465,False,ok,False,False,
adaptive,interactive-discover-1,discover,1,2,1,1,1,c4499554f796e968a069e67a8f5d9d1c,1344,0.744047619047619,85.0,1,439,439,False,ok,False,False,
adaptive,interactive-discover-1,discover,1,3,1,14,14,6c0a9fe8be642ee232c10c9996912b97,1346,10.40118870728083,59.0,14,746,797,False,ok,False,False,
adaptive,interactive-discover-1,discover,1,4,1,8,8,7536d3a2c1abc2a9ac92b1860efa3282,1482,5.398110661268556,89.0,8,478,480,False,ok,False,False,
adaptive,interactive-discover-1,discover,1,0,2,6,6,d632b8166f912f4afd062d64186f2dc6,1512,3.9682539682539684,101.0,6,491,784,False,ok,False,False,
adaptive,interactive-discover-1,discover,1,1,2,4,4,e00f199d535cd1710bf9be67f04f39e4,1347,2.9695619896065333,99.0,4,436,464,False,ok,False,False,
adaptive,interactive-discover-1,discover,1,2,2,1,1,c4499554f796e968a069e67a8f5d9d1c,1133,0.8826125330979699,85.0,1,462,462,False,ok,False,False,
adaptive,interactive-discover-1,discover,1,3,2,14,14,6c0a9fe8be642ee232c10c9996912b97,916,15.283842794759824,59.0,14,455,514,False,ok,False,False,
adaptive,interactive-discover-1,discover,1,4,2,8,8,7536d3a2c1abc2a9ac92b1860efa3282,1505,5.3156146179401995,89.0,8,602,612,False,ok,False,False,
adaptive,interactive-discover-1,discover,1,0,3,6,6,d632b8166f912f4afd062d64186f2dc6,1445,4.1522491349480966,101.0,6,488,685,False,ok,False,False,
adaptive,interactive-discover-1,discover,1,1,3,4,4,e00f199d535cd1710bf9be67f04f39e4,1181,3.3869602032176123,99.0,4,428,513,False,ok,False,False,
adaptive,interactive-discover-1,discover,1,2,3,1,1,c4499554f796e968a069e67a8f5d9d1c,1091,0.9165902841429882,85.0,1,444,444,False,ok,False,False,
adaptive,interactive-discover-1,discover,1,3,3,14,14,6c0a9fe8be642ee232c10c9996912b97,977,14.329580348004095,59.0,14,484,516,False,ok,False,False,
adaptive,interactive-discover-1,discover,1,4,3,8,8,7536d3a2c1abc2a9ac92b1860efa3282,1327,6.028636021100226,89.0,8,467,471,False,ok,False,False,
adaptive,interactive-discover-1,discover,1,0,4,6,6,d632b8166f912f4afd062d64186f2dc6,1388,4.322766570605188,101.0,6,479,683,False,ok,False,False,
adaptive,interactive-discover-1,discover,1,1,4,4,4,e00f199d535cd1710bf9be67f04f39e4,1152,3.4722222222222223,99.0,4,392,420,False,ok,False,False,
adaptive,interactive-discover-1,discover,1,2,4,1,1,c4499554f796e968a069e67a8f5d9d1c,1111,0.9000900090009001,85.0,1,397,397,False,ok,False,False,
adaptive,interactive-discover-1,discover,1,3,4,14,14,6c0a9fe8be642ee232c10c9996912b97,968,14.462809917355372,59.0,14,461,502,False,ok,False,False,
adaptive,interactive-discover-1,discover,1,4,4,8,8,7536d3a2c1abc2a9ac92b1860efa3282,1208,6.622516556291391,89.0,8,470,472,False,ok,False,False,
adaptive,interactive-discover-1,discover,1,0,5,6,6,d632b8166f912f4afd062d64186f2dc6,1329,4.514672686230249,101.0,6,460,594,False,ok,False,False,
adaptive,interactive-discover-1,discover,1,1,5,4,4,e00f199d535cd1710bf9be67f04f39e4,1154,3.466204506065858,99.0,4,419,443,False,ok,False,False,
adaptive,interactive-discover-1,discover,1,2,5,1,1,c4499554f796e968a069e67a8f5d9d1c,1056,0.9469696969696969,85.0,1,429,429,False,ok,False,False,
adaptive,interactive-discover-1,discover,1,3,5,14,14,6c0a9fe8be642ee232c10c9996912b97,933,15.005359056806002,59.0,14,393,415,False,ok,False,False,
adaptive,interactive-discover-1,discover,1,4,5,8,8,7536d3a2c1abc2a9ac92b1860efa3282,1194,6.700167504187605,89.0,8,460,468,False,ok,False,False,
adaptive,interactive-discover-2,discover,2,0,0,66,66,18ff3becda1d7305aaa0da5860ca7511,1381,47.79145546705286,101.0,66,365,814,False,ok,False,False,
adaptive,interactive-discover-2,discover,2,1,0,46,46,f6a5ba863b07324a44f8e492bf9ab0e1,1145,40.174672489082965,99.0,46,441,691,False,ok,False,False,
adaptive,interactive-discover-2,discover,2,2,0,32,32,113587781a953fec190d8e3339b06c26,1013,31.589338598223105,85.0,32,405,657,False,ok,False,False,
adaptive,interactive-discover-2,discover,2,3,0,198,198,23320e2cdf40e8165aa7fdff74171184,952,207.98319327731093,59.0,198,479,745,False,ok,False,False,
adaptive,interactive-discover-2,discover,2,4,0,98,98,a7ea80830c1f3358609f53e0ce62fd9a,1368,71.63742690058479,89.0,98,441,801,False,ok,False,False,
adaptive,interactive-discover-2,discover,2,0,1,66,66,18ff3becda1d7305aaa0da5860ca7511,1347,48.9977728285078,101.0,66,471,840,False,ok,False,False,
adaptive,interactive-discover-2,discover,2,1,1,46,46,f6a5ba863b07324a44f8e492bf9ab0e1,1200,38.333333333333336,99.0,46,417,771,False,ok,False,False,
adaptive,interactive-discover-2,discover,2,2,1,32,32,113587781a953fec190d8e3339b06c26,1128,28.368794326241137,85.0,32,402,588,False,ok,False,False,
adaptive,interactive-discover-2,discover,2,3,1,198,198,23320e2cdf40e8165aa7fdff74171184,931,212.67454350161117,59.0,198,433,691,False,ok,False,False,
adaptive,interactive-discover-2,discover,2,4,1,98,98,a7ea80830c1f3358609f53e0ce62fd9a,1215,80.65843621399176,89.0,98,494,706,False,ok,False,False,
adaptive,interactive-discover-2,discover,2,0,2,66,66,18ff3becda1d7305aaa0da5860ca7511,1369,48.21037253469686,101.0,66,355,800,False,ok,False,False,
adaptive,interactive-discover-2,discover,2,1,2,46,46,f6a5ba863b07324a44f8e492bf9ab0e1,1107,41.55374887082204,99.0,46,404,657,False,ok,False,False,
adaptive,interactive-discover-2,discover,2,2,2,32,32,113587781a953fec190d8e3339b06c26,1042,30.71017274472169,85.0,32,438,807,False,ok,False,False,
adaptive,interactive-discover-2,discover,2,3,2,198,198,23320e2cdf40e8165aa7fdff74171184,989,200.20222446916077,59.0,198,540,669,False,ok,False,False,
adaptive,interactive-discover-2,discover,2,4,2,98,98,a7ea80830c1f3358609f53e0ce62fd9a,1434,68.34030683403068,89.0,98,474,755,False,ok,False,False,
adaptive,interactive-discover-2,discover,2,0,3,66,66,18ff3becda1d7305aaa0da5860ca7511,1309,50.420168067226896,101.0,66,515,757,False,ok,False,False,
adaptive,interactive-discover-2,discover,2,1,3,46,46,f6a5ba863b07324a44f8e492bf9ab0e1,1125,40.888888888888886,99.0,46,418,725,False,ok,False,False,
adaptive,interactive-discover-2,discover,2,2,3,32,32,113587781a953fec190d8e3339b06c26,1003,31.90428713858425,85.0,32,404,590,False,ok,False,False,
adaptive,interactive-discover-2,discover,2,3,3,198,198,23320e2cdf40e8165aa7fdff74171184,936,211.53846153846152,59.0,198,407,671,False,ok,False,False,
adaptive,interactive-discover-2,discover,2,4,3,98,98,a7ea80830c1f3358609f53e0ce62fd9a,1198,81.80300500834724,89.0,98,358,608,False,ok,False,False,
adaptive,interactive-discover-2,discover,2,0,4,66,66,18ff3becda1d7305aaa0da5860ca7511,1315,50.19011406844107,101.0,66,363,740,False,ok,False,False,
adaptive,interactive-discover-2,discover,2,1,4,46,46,f6a5ba863b07324a44f8e492bf9ab0e1,1082,42.513863216266174,99.0,46,412,748,False,ok,False,False,
adaptive,interactive-discover-2,discover,2,2,4,32,32,113587781a953fec190d8e3339b06c26,1027,31.158714703018504,85.0,32,408,608,False,ok,False,False,
adaptive,interactive-discover-2,discover,2,3,4,198,198,23320e2cdf40e8165aa7fdff74171184,892,221.97309417040358,59.0,198,440,693,False,ok,False,False,
adaptive,interactive-discover-2,discover,2,4,4,98,98,a7ea80830c1f3358609f53e0ce62fd9a,1150,85.21739130434783,89.0,98,437,711,False,ok,False,False,
adaptive,interactive-discover-2,discover,2,0,5,66,66,18ff3becda1d7305aaa0da5860ca7511,1322,49.92435703479576,101.0,66,467,692,False,ok,False,False,
adaptive,interactive-discover-2,discover,2,1,5,46,46,f6a5ba863b07324a44f8e492bf9ab0e1,1088,42.27941176470588,99.0,46,386,565,False,ok,False,False,
adaptive,interactive-discover-2,discover,2,2,5,32,32,113587781a953fec190d8e3339b06c26,1006,31.809145129224653,85.0,32,450,628,False,ok,False,False,
adaptive,interactive-discover-2,discover,2,3,5,198,198,23320e2cdf40e8165aa7fdff74171184,1017,194.69026548672568,59.0,198,416,871,False,ok,False,False,
adaptive,interactive-discover-2,discover,2,4,5,98,98,a7ea80830c1f3358609f53e0ce62fd9a,1165,84.12017167381974,89.0,98,486,801,False,ok,False,False,
adaptive,interactive-discover-3,discover,3,0,0,68,68,e9f9c6f077dd7a85180d21221150597a,117648,0.5779953760369917,353.0,68,117646,117647,False,ok,False,False,
adaptive,interactive-discover-3,discover,3,1,0,66,66,bf39c452faf678539dd6bec9f8931c5e,111936,0.5896226415094339,355.0,66,111933,111935,False,ok,False,False,
adaptive,interactive-discover-3,discover,3,2,0,54,54,c6f1026b5b378b95fed1b609efe82a86,93007,0.5806014601051533,253.0,54,93004,93006,False,ok,False,False,
adaptive,interactive-discover-3,discover,3,3,0,196,196,3103aacb8c0b38645fd73f8b05191c84,185185,1.0584010584010584,471.0,196,185174,185182,False,ok,False,False,
adaptive,interactive-discover-3,discover,3,4,0,137,137,922f2cfc8273304ad1f823de44367223,129581,1.0572537640549156,391.0,137,129576,129579,False,ok,False,False,
adaptive,interactive-discover-3,discover,3,0,1,68,68,e9f9c6f077dd7a85180d21221150597a,113073,0.601381408470634,353.0,68,113069,113072,False,ok,False,False,
adaptive,interactive-discover-3,discover,3,1,1,66,66,bf39c452faf678539dd6bec9f8931c5e,104536,0.6313614448611005,355.0,66,104534,104536,False,ok,False,False,
adaptive,interactive-discover-3,discover,3,2,1,54,54,c6f1026b5b378b95fed1b609efe82a86,92357,0.5846876793312905,253.0,54,92354,92356,False,ok,False,False,
adaptive,interactive-discover-3,discover,3,3,1,196,196,3103aacb8c0b38645fd73f8b05191c84,185337,1.057533034418384,471.0,196,185323,185336,False,ok,False,False,
adaptive,interactive-discover-3,discover,3,4,1,137,137,922f2cfc8273304ad1f823de44367223,135099,1.014071162628887,391.0,137,135093,135097,False,ok,False,False,
adaptive,interactive-discover-3,discover,3,0,2,68,68,e9f9c6f077dd7a85180d21221150597a,116812,0.5821319727425265,353.0,68,116809,116811,False,ok,False,False,
adaptive,interactive-discover-3,discover,3,1,2,66,66,bf39c452faf678539dd6bec9f8931c5e,111911,0.5897543583740651,355.0,66,111909,111911,False,ok,False,False,
adaptive,interactive-discover-3,discover,3,2,2,54,54,c6f1026b5b378b95fed1b609efe82a86,92720,0.5823986194995686,253.0,54,92717,92719,False,ok,False,False,
adaptive,interactive-discover-3,discover,3,3,2,196,196,3103aacb8c0b38645fd73f8b05191c84,188755,1.0383830891896904,471.0,196,188742,188754,False,ok,False,False,
adaptive,interactive-discover-3,discover,3,4,2,137,137,922f2cfc8273304ad1f823de44367223,132172,1.036528160276004,391.0,137,132167,132172,False,ok,False,False,
adaptive,interactive-discover-3,discover,3,0,3,68,68,e9f9c6f077dd7a85180d21221150597a,113789,0.5975973072968389,353.0,68,113787,113788,False,ok,False,False,
adaptive,interactive-discover-3,discover,3,1,3,66,66,bf39c452faf678539dd6bec9f8931c5e,113958,0.5791607434317907,355.0,66,113956,113958,False,ok,False,False,
adaptive,interactive-discover-3,discover,3,2,3,54,54,c6f1026b5b378b95fed1b609efe82a86,92093,0.5863637844352991,253.0,54,92090,92092,False,ok,False,False,
adaptive,interactive-discover-3,discover,3,3,3,196,196,3103aacb8c0b38645fd73f8b05191c84,175968,1.1138388797963266,471.0,196,175944,175966,False,ok,False,False,
adaptive,interactive-discover-3,discover,3,4,3,137,137,922f2cfc8273304ad1f823de44367223,129859,1.0549904126783665,391.0,137,129855,129858,False,ok,False,False,
adaptive,interactive-discover-3,discover,3,0,4,68,68,e9f9c6f077dd7a85180d21221150597a,112653,0.603623516462056,353.0,68,112651,112653,False,ok,False,False,
adaptive,interactive-discover-3,discover,3,1,4,66,66,bf39c452faf678539dd6bec9f8931c5e,114588,0.5759765420462876,355.0,66,114586,114587,False,ok,False,False,
adaptive,interactive-discover-3,discover,3,2,4,54,54,c6f1026b5b378b95fed1b609efe82a86,93356,0.5784309524829685,253.0,54,93353,93356,False,ok,False,False,
adaptive,interactive-discover-3,discover,3,3,4,196,196,3103aacb8c0b38645fd73f8b05191c84,188912,1.0375201151859066,471.0,196,188902,188910,False,ok,False,False,
adaptive,interactive-discover-3,discover,3,4,4,137,137,922f2cfc8273304ad1f823de44367223,131112,1.044908170114101,391.0,137,131109,131111,False,ok,False,False,
adaptive,interactive-discover-3,discover,3,0,5,68,68,e9f9c6f077dd7a85180d21221150597a,113924,0.5968891541729574,353.0,68,113920,113923,False,ok,False,False,
adaptive,interactive-discover-3,discover,3,1,5,66,66,bf39c452faf678539dd6bec9f8931c5e,104512,0.6315064298836497,355.0,66,104507,104511,False,ok,False,False,
adaptive,interactive-discover-3,discover,3,2,5,54,54,c6f1026b5b378b95fed1b609efe82a86,94297,0.5726587272129549,253.0,54,94292,94296,False,ok,False,False,
adaptive,interactive-discover-3,discover,3,3,5,196,196,3103aacb8c0b38645fd73f8b05191c84,188031,1.0423813094649286,471.0,196,188010,188029,False,ok,False,False,
adaptive,interactive-discover-3,discover,3,4,5,137,137,922f2cfc8273304ad1f823de44367223,129767,1.0557383618331317,391.0,137,129756,129766,False,ok,False,False,
adaptive,interactive-discover-4,discover,4,0,0,5,5,3112eede040aaa01aedc457789eed356,2172,2.302025782688766,133.0,5,2169,2170,False,ok,False,False,
adaptive,interactive-discover-4,discover,4,1,0,3,3,cd6f381a6281527b1dbda2f21a1a702a,1522,1.9710906701708277,107.0,3,1521,1521,False,ok,False,False,
adaptive,interactive-discover-4,discover,4,2,0,3,3,ed1ebad4adf97e9e94be0ca88af2d8bb,1352,2.2189349112426036,93.0,3,1351,1351,False,ok,False,False,
adaptive,interactive-discover-4,discover,4,3,0,3,3,16a10be88d7ff874026ce66a4e993ecb,1211,2.477291494632535,69.0,3,1209,1209,False,ok,False,False,
adaptive,interactive-discover-4,discover,4,4,0,7,7,d0ef3bb68aa278a8f97f329adee97dd8,1696,4.127358490566038,129.0,7,1694,1694,False,ok,False,False,
adaptive,interactive-discover-4,discover,4,0,1,5,5,3112eede040aaa01aedc457789eed356,1622,3.0826140567200984,133.0,5,1620,1620,False,ok,False,False,
adaptive,interactive-discover-4,discover,4,1,1,3,3,cd6f381a6281527b1dbda2f21a1a702a,1258,2.384737678855326,107.0,3,1257,1257,False,ok,False,False,
adaptive,interactive-discover-4,discover,4,2,1,3,3,ed1ebad4adf97e9e94be0ca88af2d8bb,1151,2.6064291920069502,93.0,3,1149,1149,False,ok,False,False,
adaptive,interactive-discover-4,discover,4,3,1,3,3,16a10be88d7ff874026ce66a4e993ecb,1135,2.643171806167401,69.0,3,1133,1133,False,ok,False,False,
adaptive,interactive-discover-4,discover,4,4,1,7,7,d0ef3bb68aa278a8f97f329adee97dd8,1607,4.355942750466708,129.0,7,1605,1605,False,ok,False,False,
adaptive,interactive-discover-4,discover,4,0,2,5,5,3112eede040aaa01aedc457789eed356,1580,3.1645569620253164,133.0,5,1578,1578,False,ok,False,False,
adaptive,interactive-discover-4,discover,4,1,2,3,3,cd6f381a6281527b1dbda2f21a1a702a,1223,2.452984464431725,107.0,3,1222,1222,False,ok,False,False,
adaptive,interactive-discover-4,discover,4,2,2,3,3,ed1ebad4adf97e9e94be0ca88af2d8bb,1147,2.6155187445510024,93.0,3,1146,1146,False,ok,False,False,
adaptive,interactive-discover-4,discover,4,3,2,3,3,16a10be88d7ff874026ce66a4e993ecb,1103,2.71985494106981,69.0,3,1101,1101,False,ok,False,False,
adaptive,interactive-discover-4,discover,4,4,2,7,7,d0ef3bb68aa278a8f97f329adee97dd8,1546,4.527813712807244,129.0,7,1544,1544,False,ok,False,False,
adaptive,interactive-discover-4,discover,4,0,3,5,5,3112eede040aaa01aedc457789eed356,1593,3.138731952291274,133.0,5,1591,1591,False,ok,False,False,
adaptive,interactive-discover-4,discover,4,1,3,3,3,cd6f381a6281527b1dbda2f21a1a702a,1233,2.4330900243309,107.0,3,1231,1231,False,ok,False,False,
adaptive,interactive-discover-4,discover,4,2,3,3,3,ed1ebad4adf97e9e94be0ca88af2d8bb,1132,2.65017667844523,93.0,3,1131,1131,False,ok,False,False,
adaptive,interactive-discover-4,discover,4,3,3,3,3,16a10be88d7ff874026ce66a4e993ecb,1052,2.8517110266159693,69.0,3,1050,1050,False,ok,False,False,
adaptive,interactive-discover-4,discover,4,4,3,7,7,d0ef3bb68aa278a8f97f329adee97dd8,1523,4.596191726854892,129.0,7,1521,1521,False,ok,False,False,
adaptive,interactive-discover-4,discover,4,0,4,5,5,3112eede040aaa01aedc457789eed356,1596,3.132832080200501,133.0,5,1594,1594,False,ok,False,False,
adaptive,interactive-discover-4,discover,4,1,4,3,3,cd6f381a6281527b1dbda2f21a1a702a,1277,2.3492560689115116,107.0,3,1276,1276,False,ok,False,False,
adaptive,interactive-discover-4,discover,4,2,4,3,3,ed1ebad4adf97e9e94be0ca88af2d8bb,1202,2.4958402662229617,93.0,3,1200,1201,False,ok,False,False,
adaptive,interactive-discover-4,discover,4,3,4,3,3,16a10be88d7ff874026ce66a4e993ecb,1035,2.8985507246376816,69.0,3,1033,1033,False,ok,False,False,
adaptive,interactive-discover-4,discover,4,4,4,7,7,d0ef3bb68aa278a8f97f329adee97dd8,1610,4.3478260869565215,129.0,7,1608,1608,False,ok,False,False,
adaptive,interactive-discover-4,discover,4,0,5,5,5,3112eede040aaa01aedc457789eed356,1592,3.1407035175879394,133.0,5,1590,1590,False,ok,False,False,
adaptive,interactive-discover-4,discover,4,1,5,3,3,cd6f381a6281527b1dbda2f21a1a702a,1246,2.407704654895666,107.0,3,1245,1245,False,ok,False,False,
adaptive,interactive-discover-4,discover,4,2,5,3,3,ed1ebad4adf97e9e94be0ca88af2d8bb,1239,2.4213075060532687,93.0,3,1238,1238,False,ok,False,False,
adaptive,interactive-discover-4,discover,4,3,5,3,3,16a10be88d7ff874026ce66a4e993ecb,1017,2.9498525073746316,69.0,3,1015,1015,False,ok,False,False,
adaptive,interactive-discover-4,discover,4,4,5,7,7,d0ef3bb68aa278a8f97f329adee97dd8,1572,4.452926208651399,129.0,7,1569,1570,False,ok,False,False,
adaptive,interactive-discover-5,discover,5,0,0,15,15,cab888487e7572de37a55f0e8c3ec060,1346,11.144130757800891,101.0,15,473,662,False,ok,False,False,
adaptive,interactive-discover-5,discover,5,1,0,3,3,7fc43bb183e4fb0238576536413c6c45,1245,2.4096385542168672,99.0,3,532,717,False,ok,False,False,
adaptive,interactive-discover-5,discover,5,2,0,3,3,2543010e761cb36b6f0c3e103e58af43,1104,2.7173913043478257,85.0,3,548,675,False,ok,False,False,
adaptive,interactive-discover-5,discover,5,3,0,4,4,76fc6cfa5c07ff3011e9f2d7ac2ae7e0,977,4.094165813715455,59.0,4,519,715,False,ok,False,False,
adaptive,interactive-discover-5,discover,5,4,0,20,20,880a30fb8a9114b4807acb78d9e7d141,1265,15.810276679841898,89.0,20,562,733,False,ok,False,False,
adaptive,interactive-discover-5,discover,5,0,1,15,15,cab888487e7572de37a55f0e8c3ec060,1358,11.045655375552283,101.0,15,453,635,False,ok,False,False,
adaptive,interactive-discover-5,discover,5,1,1,3,3,7fc43bb183e4fb0238576536413c6c45,1224,2.450980392156863,99.0,3,545,752,False,ok,False,False,
adaptive,interactive-discover-5,discover,5,2,1,3,3,2543010e761cb36b6f0c3e103e58af43,1127,2.6619343389529724,85.0,3,598,701,False,ok,False,False,
adaptive,interactive-discover-5,discover,5,3,1,4,4,76fc6cfa5c07ff3011e9f2d7ac2ae7e0,974,4.106776180698152,59.0,4,516,660,False,ok,False,False,
adaptive,interactive-discover-5,discover,5,4,1,20,20,880a30fb8a9114b4807acb78d9e7d141,1257,15.910898965791569,89.0,20,574,681,False,ok,False,False,
adaptive,interactive-discover-5,discover,5,0,2,15,15,cab888487e7572de37a55f0e8c3ec060,1428,10.504201680672269,101.0,15,590,681,False,ok,False,False,
adaptive,interactive-discover-5,discover,5,1,2,3,3,7fc43bb183e4fb0238576536413c6c45,1253,2.394253790901836,99.0,3,607,803,False,ok,False,False,
adaptive,interactive-discover-5,discover,5,2,2,3,3,2543010e761cb36b6f0c3e103e58af43,1112,2.6978417266187047,85.0,3,579,768,False,ok,False,False,
adaptive,interactive-discover-5,discover,5,3,2,4,4,76fc6cfa5c07ff3011e9f2d7ac2ae7e0,975,4.102564102564103,59.0,4,533,655,False,ok,False,False,
adaptive,interactive-discover-5,discover,5,4,2,20,20,880a30fb8a9114b4807acb78d9e7d141,1337,14.958863126402393,89.0,20,478,636,False,ok,False,False,
adaptive,interactive-discover-5,discover,5,0,3,15,15,cab888487e7572de37a55f0e8c3ec060,1439,10.423905489923557,101.0,15,549,644,False,ok,False,False,
adaptive,interactive-discover-5,discover,5,1,3,3,3,7fc43bb183e4fb0238576536413c6c45,1228,2.44299674267101,99.0,3,529,673,False,ok,False,False,
adaptive,interactive-discover-5,discover,5,2,3,3,3,2543010e761cb36b6f0c3e103e58af43,1120,2.6785714285714284,85.0,3,535,770,False,ok,False,False,
adaptive,interactive-discover-5,discover,5,3,3,4,4,76fc6cfa5c07ff3011e9f2d7ac2ae7e0,906,4.415011037527593,59.0,4,522,654,False,ok,False,False,
adaptive,interactive-discover-5,discover,5,4,3,20,20,880a30fb8a9114b4807acb78d9e7d141,1247,16.038492381716118,89.0,20,494,660,False,ok,False,False,
adaptive,interactive-discover-5,discover,5,0,4,15,15,cab888487e7572de37a55f0e8c3ec060,1391,10.783608914450037,101.0,15,447,649,False,ok,False,False,
adaptive,interactive-discover-5,discover,5,1,4,3,3,7fc43bb183e4fb0238576536413c6c45,1270,2.3622047244094486,99.0,3,563,675,False,ok,False,False,
adaptive,interactive-discover-5,discover,5,2,4,3,3,2543010e761cb36b6f0c3e103e58af43,1128,2.659574468085107,85.0,3,529,754,False,ok,False,False,
adaptive,interactive-discover-5,discover,5,3,4,4,4,76fc6cfa5c07ff3011e9f2d7ac2ae7e0,933,4.287245444801715,59.0,4,559,591,False,ok,False,False,
adaptive,interactive-discover-5,discover,5,4,4,20,20,880a30fb8a9114b4807acb78d9e7d141,1243,16.090104585679807,89.0,20,485,674,False,ok,False,False,
adaptive,interactive-discover-5,discover,5,0,5,15,15,cab888487e7572de37a55f0e8c3ec060,1449,10.351966873706004,101.0,15,483,695,False,ok,False,False,
adaptive,interactive-discover-5,discover,5,1,5,3,3,7fc43bb183e4fb0238576536413c6c45,1315,2.2813688212927756,99.0,3,522,605,False,ok,False,False,
adaptive,interactive-discover-5,discover,5,2,5,3,3,2543010e761cb36b6f0c3e103e58af43,1157,2.592912705272256,85.0,3,568,754,False,ok,False,False,
adaptive,interactive-discover-5,discover,5,3,5,4,4,76fc6cfa5c07ff3011e9f2d7ac2ae7e0,1041,3.842459173871278,59.0,4,528,693,False,ok,False,False,
adaptive,interactive-discover-5,discover,5,4,5,20,20,880a30fb8a9114b4807acb78d9e7d141,1321,15.14004542013626,89.0,20,558,671,False,ok,False,False,
adaptive,interactive-discover-6,discover,6,0,0,33,33,240c19f39eed1e3ac67718ff57b63a0d,115438,0.2858677385263085,10447.0,33,708,1247,False,ok,False,False,
adaptive,interactive-discover-6,discover,6,1,0,1,1,cd3466cc43b32ce51d8f13d5516f2ef2,1373,0.7283321194464676,99.0,1,1023,1023,False,ok,False,False,
adaptive,interactive-discover-6,discover,6,2,0,1,1,29960679941029d6a70f26d6904d3728,1272,0.7861635220125786,85.0,1,953,953,False,ok,False,False,
adaptive,interactive-discover-6,discover,6,3,0,2,2,dda32920d34bcd8a1bf9ed13c89c4b4d,109133,0.018326262450404553,10465.0,2,874,874,False,ok,False,False,
adaptive,interactive-discover-6,discover,6,4,0,27,27,613936d3d666a311d54e99e3a8f9cdad,1416,19.06779661016949,89.0,27,915,1140,False,ok,False,False,
adaptive,interactive-discover-6,discover,6,0,1,33,33,240c19f39eed1e3ac67718ff57b63a0d,110965,0.2973910692560717,10447.0,33,944,1204,False,ok,False,False,
adaptive,interactive-discover-6,discover,6,1,1,1,1,cd3466cc43b32ce51d8f13d5516f2ef2,1328,0.753012048192771,99.0,1,986,986,False,ok,False,False,
adaptive,interactive-discover-6,discover,6,2,1,1,1,29960679941029d6a70f26d6904d3728,1247,0.8019246190858058,85.0,1,936,936,False,ok,False,False,
adaptive,interactive-discover-6,discover,6,3,1,2,2,dda32920d34bcd8a1bf9ed13c89c4b4d,112846,0.017723268879712175,10465.0,2,872,872,False,ok,False,False,
adaptive,interactive-discover-6,discover,6,4,1,27,27,613936d3d666a311d54e99e3a8f9cdad,1424,18.960674157303373,89.0,27,869,1131,False,ok,False,False,
adaptive,interactive-discover-6,discover,6,0,2,33,33,240c19f39eed1e3ac67718ff57b63a0d,109655,0.3009438694085997,10447.0,33,1041,1199,False,ok,False,False,
adaptive,interactive-discover-6,discover,6,1,2,1,1,cd3466cc43b32ce51d8f13d5516f2ef2,1355,0.7380073800738007,99.0,1,1012,1012,False,ok,False,False,
adaptive,interactive-discover-6,discover,6,2,2,1,1,29960679941029d6a70f26d6904d3728,1223,0.8176614881439084,85.0,1,962,962,False,ok,False,False,
adaptive,interactive-discover-6,discover,6,3,2,2,2,dda32920d34bcd8a1bf9ed13c89c4b4d,111336,0.01796364158942301,10465.0,2,911,911,False,ok,False,False,
adaptive,interactive-discover-6,discover,6,4,2,27,27,613936d3d666a311d54e99e3a8f9cdad,1524,17.716535433070867,89.0,27,1012,1149,False,ok,False,False,
adaptive,interactive-discover-6,discover,6,0,3,33,33,240c19f39eed1e3ac67718ff57b63a0d,111138,0.2969281433892998,10447.0,33,842,1186,False,ok,False,False,
adaptive,interactive-discover-6,discover,6,1,3,1,1,cd3466cc43b32ce51d8f13d5516f2ef2,1359,0.7358351729212657,99.0,1,1034,1034,False,ok,False,False,
adaptive,interactive-discover-6,discover,6,2,3,1,1,29960679941029d6a70f26d6904d3728,1242,0.8051529790660226,85.0,1,918,918,False,ok,False,False,
adaptive,interactive-discover-6,discover,6,3,3,2,2,dda32920d34bcd8a1bf9ed13c89c4b4d,109869,0.018203496891752907,10465.0,2,997,1022,False,ok,False,False,
adaptive,interactive-discover-6,discover,6,4,3,27,27,613936d3d666a311d54e99e3a8f9cdad,1427,18.9208128941836,89.0,27,939,1106,False,ok,False,False,
adaptive,interactive-discover-6,discover,6,0,4,33,33,240c19f39eed1e3ac67718ff57b63a0d,109327,0.30184675331802757,10447.0,33,940,1257,False,ok,False,False,
adaptive,interactive-discover-6,discover,6,1,4,1,1,cd3466cc43b32ce51d8f13d5516f2ef2,1311,0.7627765064836003,99.0,1,1066,1066,False,ok,False,False,
adaptive,interactive-discover-6,discover,6,2,4,1,1,29960679941029d6a70f26d6904d3728,1218,0.8210180623973727,85.0,1,903,903,False,ok,False,False,
adaptive,interactive-discover-6,discover,6,3,4,2,2,dda32920d34bcd8a1bf9ed13c89c4b4d,109854,0.01820598248584485,10465.0,2,866,867,False,ok,False,False,
adaptive,interactive-discover-6,discover,6,4,4,27,27,613936d3d666a311d54e99e3a8f9cdad,1351,19.98519615099926,89.0,27,811,1052,False,ok,False,False,
adaptive,interactive-discover-6,discover,6,0,5,33,33,240c19f39eed1e3ac67718ff57b63a0d,109283,0.3019682841796071,10447.0,33,922,1168,False,ok,False,False,
adaptive,interactive-discover-6,discover,6,1,5,1,1,cd3466cc43b32ce51d8f13d5516f2ef2,1314,0.76103500761035,99.0,1,1010,1010,False,ok,False,False,
adaptive,interactive-discover-6,discover,6,2,5,1,1,29960679941029d6a70f26d6904d3728,1216,0.8223684210526316,85.0,1,923,923,False,ok,False,False,
adaptive,interactive-discover-6,discover,6,3,5,2,2,dda32920d34bcd8a1bf9ed13c89c4b4d,112379,0.01779691935325995,10465.0,2,938,958,False,ok,False,False,
adaptive,interactive-discover-6,discover,6,4,5,27,27,613936d3d666a311d54e99e3a8f9cdad,1505,17.940199335548176,89.0,27,995,1122,False,ok,False,False,
adaptive,interactive-discover-7,discover,7,0,0,2,2,d8614c4f7b4fe0cc2f1623d07244cf20,300129,0.0066638012321368475,,2,1030,2856,True,timeout,True,False,"Unexpected ""!"" at position 0 in state STOP"
adaptive,interactive-discover-7,discover,7,1,0,1,1,75ab2bd12ac1e16dcc02f8c9e8d97308,1810,0.5524861878453039,99.0,1,1456,1456,False,ok,False,False,
adaptive,interactive-discover-7,discover,7,2,0,1,1,faf54113a5297c559416a2dd78b9cc86,1304,0.7668711656441718,85.0,1,1036,1036,False,ok,False,False,
adaptive,interactive-discover-7,discover,7,3,0,2,2,d2faccc09255b3a49e90b46ed45ffe1d,300009,0.006666466672666486,,2,933,2839,True,timeout,True,False,"Unexpected ""!"" at position 0 in state STOP"
adaptive,interactive-discover-7,discover,7,4,0,1,1,3ee14484ce425fdbae40700cdd59c0d2,2191,0.4564125969876769,89.0,1,1590,1590,False,ok,False,False,
adaptive,interactive-discover-7,discover,7,0,1,2,2,d8614c4f7b4fe0cc2f1623d07244cf20,300012,0.00666640001066624,,2,1131,2808,True,timeout,True,False,"Unexpected ""!"" at position 0 in state STOP"
adaptive,interactive-discover-7,discover,7,1,1,1,1,75ab2bd12ac1e16dcc02f8c9e8d97308,1599,0.6253908692933083,99.0,1,1197,1197,False,ok,False,False,
adaptive,interactive-discover-7,discover,7,2,1,1,1,faf54113a5297c559416a2dd78b9cc86,1263,0.7917656373713381,85.0,1,989,989,False,ok,False,False,
adaptive,interactive-discover-7,discover,7,3,1,2,2,d2faccc09255b3a49e90b46ed45ffe1d,300009,0.006666466672666486,,2,915,2074,True,timeout,True,False,"Unexpected ""!"" at position 0 in state STOP"
adaptive,interactive-discover-7,discover,7,4,1,1,1,3ee14484ce425fdbae40700cdd59c0d2,2217,0.4510599909788002,89.0,1,1649,1649,False,ok,False,False,
adaptive,interactive-discover-7,discover,7,0,2,2,2,d8614c4f7b4fe0cc2f1623d07244cf20,300010,0.006666444451851605,,2,910,2033,True,timeout,True,False,"Unexpected ""!"" at position 0 in state STOP"
adaptive,interactive-discover-7,discover,7,1,2,1,1,75ab2bd12ac1e16dcc02f8c9e8d97308,1674,0.5973715651135006,99.0,1,1560,1560,False,ok,False,False,
adaptive,interactive-discover-7,discover,7,2,2,1,1,faf54113a5297c559416a2dd78b9cc86,1357,0.7369196757553427,85.0,1,955,955,False,ok,False,False,
adaptive,interactive-discover-7,discover,7,3,2,2,2,d2faccc09255b3a49e90b46ed45ffe1d,300012,0.00666640001066624,,2,981,2467,True,timeout,True,False,"Unexpected ""!"" at position 0 in state STOP"
adaptive,interactive-discover-7,discover,7,4,2,1,1,3ee14484ce425fdbae40700cdd59c0d2,2224,0.44964028776978415,89.0,1,1582,1582,False,ok,False,False,
adaptive,interactive-discover-7,discover,7,0,3,2,2,d8614c4f7b4fe0cc2f1623d07244cf20,300008,0.006666488893629504,,2,1757,3189,True,timeout,True,False,"Unexpected ""!"" at position 0 in state STOP"
adaptive,interactive-discover-7,discover,7,1,3,1,1,75ab2bd12ac1e16dcc02f8c9e8d97308,1595,0.6269592476489029,99.0,1,1127,1127,False,ok,False,False,
adaptive,interactive-discover-7,discover,7,2,3,1,1,faf54113a5297c559416a2dd78b9cc86,1312,0.7621951219512195,85.0,1,1047,1047,False,ok,False,False,
adaptive,interactive-discover-7,discover,7,3,3,2,2,d2faccc09255b3a49e90b46ed45ffe1d,300009,0.006666466672666486,,2,1026,2245,True,timeout,True,False,"Unexpected ""!"" at position 0 in state STOP"
adaptive,interactive-discover-7,discover,7,4,3,1,1,3ee14484ce425fdbae40700cdd59c0d2,2165,0.4618937644341801,89.0,1,1589,1589,False,ok,False,False,
adaptive,interactive-discover-7,discover,7,0,4,2,2,d8614c4f7b4fe0cc2f1623d07244cf20,300009,0.006666466672666486,,2,1005,2388,True,timeout,True,False,"Unexpected ""!"" at position 0 in state STOP"
adaptive,interactive-discover-7,discover,7,1,4,1,1,75ab2bd12ac1e16dcc02f8c9e8d97308,1636,0.6112469437652812,99.0,1,1236,1236,False,ok,False,False,
adaptive,interactive-discover-7,discover,7,2,4,1,1,faf54113a5297c559416a2dd78b9cc86,1293,0.7733952049497294,85.0,1,995,995,False,ok,False,False,
adaptive,interactive-discover-7,discover,7,3,4,2,2,d2faccc09255b3a49e90b46ed45ffe1d,300011,0.006666422231184856,,2,1083,3373,True,timeout,True,False,"Unexpected ""!"" at position 0 in state STOP"
adaptive,interactive-discover-7,discover,7,4,4,1,1,3ee14484ce425fdbae40700cdd59c0d2,2345,0.42643923240938164,89.0,1,1641,1641,False,ok,False,False,
adaptive,interactive-discover-7,discover,7,0,5,2,2,d8614c4f7b4fe0cc2f1623d07244cf20,300009,0.006666466672666486,,2,1135,2549,True,timeout,True,False,"Unexpected ""!"" at position 0 in state STOP"
adaptive,interactive-discover-7,discover,7,1,5,1,1,75ab2bd12ac1e16dcc02f8c9e8d97308,1917,0.5216484089723527,99.0,1,1475,1475,False,ok,False,False,
adaptive,interactive-discover-7,discover,7,2,5,1,1,faf54113a5297c559416a2dd78b9cc86,1306,0.7656967840735068,85.0,1,1028,1028,False,ok,False,False,
adaptive,interactive-discover-7,discover,7,3,5,2,2,d2faccc09255b3a49e90b46ed45ffe1d,300010,0.006666444451851605,,2,959,2215,True,timeout,True,False,"Unexpected ""!"" at position 0 in state STOP"
adaptive,interactive-discover-7,discover,7,4,5,1,1,3ee14484ce425fdbae40700cdd59c0d2,2242,0.44603033006244425,89.0,1,1663,1663,False,ok,False,False,
adaptive,interactive-discover-8,discover,8,0,0,10,10,6de458b391c32b212e7929ae0ffc458b,496,20.161290322580644,6.0,10,492,495,False,ok,False,False,
adaptive,interactive-discover-8,discover,8,1,0,10,10,94c08ac69169941707291254297ea93a,557,17.95332136445242,8.0,10,448,556,False,ok,False,False,
adaptive,interactive-discover-8,discover,8,2,0,10,10,3576737d99d5db141cc483627030e4a9,5960,1.6778523489932886,64.0,10,422,5878,False,ok,False,False,
adaptive,interactive-discover-8,discover,8,3,0,10,10,2ef5138ab25b49ea390e459465d4d1c7,496,20.161290322580644,6.0,10,437,495,False,ok,False,False,
adaptive,interactive-discover-8,discover,8,4,0,10,10,23c130de23bea69938bb4f437757e794,515,19.41747572815534,8.0,10,513,514,False,ok,False,False,
adaptive,interactive-discover-8,discover,8,0,1,10,10,6de458b391c32b212e7929ae0ffc458b,453,22.075055187637968,7.0,10,452,452,False,ok,False,False,
adaptive,interactive-discover-8,discover,8,1,1,10,10,94c08ac69169941707291254297ea93a,532,18.796992481203006,8.0,10,425,531,False,ok,False,False,
adaptive,interactive-discover-8,discover,8,2,1,10,10,3576737d99d5db141cc483627030e4a9,5358,1.866368047779022,59.0,10,441,5278,False,ok,False,False,
adaptive,interactive-discover-8,discover,8,3,1,10,10,2ef5138ab25b49ea390e459465d4d1c7,485,20.61855670103093,6.0,10,415,484,False,ok,False,False,
adaptive,interactive-discover-8,discover,8,4,1,10,10,23c130de23bea69938bb4f437757e794,495,20.2020202020202,8.0,10,493,494,False,ok,False,False,
adaptive,interactive-discover-8,discover,8,0,2,10,10,6de458b391c32b212e7929ae0ffc458b,450,22.22222222222222,7.0,10,447,447,False,ok,False,False,
adaptive,interactive-discover-8,discover,8,1,2,10,10,94c08ac69169941707291254297ea93a,531,18.832391713747644,9.0,10,421,530,False,ok,False,False,
adaptive,interactive-discover-8,discover,8,2,2,10,10,3576737d99d5db141cc483627030e4a9,4818,2.0755500207555,56.0,10,399,4751,False,ok,False,False,
adaptive,interactive-discover-8,discover,8,3,2,10,10,2ef5138ab25b49ea390e459465d4d1c7,478,20.92050209205021,6.0,10,434,477,False,ok,False,False,
adaptive,interactive-discover-8,discover,8,4,2,10,10,23c130de23bea69938bb4f437757e794,498,20.080321285140563,8.0,10,496,497,False,ok,False,False,
adaptive,interactive-discover-8,discover,8,0,3,10,10,6073b72780811ed1c88620c3acd67577,631,15.847860538827257,9.0,10,628,629,False,ok,False,False,
adaptive,interactive-discover-8,discover,8,1,3,10,10,94c08ac69169941707291254297ea93a,551,18.148820326678763,8.0,10,445,550,False,ok,False,False,
adaptive,interactive-discover-8,discover,8,2,3,10,10,3576737d99d5db141cc483627030e4a9,4133,2.4195499637067504,52.0,10,413,4073,False,ok,False,False,
adaptive,interactive-discover-8,discover,8,3,3,10,10,2ef5138ab25b49ea390e459465d4d1c7,464,21.551724137931032,6.0,10,419,463,False,ok,False,False,
adaptive,interactive-discover-8,discover,8,4,3,10,10,23c130de23bea69938bb4f437757e794,516,19.37984496124031,8.0,10,514,515,False,ok,False,False,
adaptive,interactive-discover-8,discover,8,0,4,10,10,6de458b391c32b212e7929ae0ffc458b,603,16.58374792703151,9.0,10,601,602,False,ok,False,False,
adaptive,interactive-discover-8,discover,8,1,4,10,10,94c08ac69169941707291254297ea93a,513,19.49317738791423,8.0,10,416,511,False,ok,False,False,
adaptive,interactive-discover-8,discover,8,2,4,10,10,3576737d99d5db141cc483627030e4a9,3945,2.534854245880862,51.0,10,424,3893,False,ok,False,False,
adaptive,interactive-discover-8,discover,8,3,4,10,10,2ef5138ab25b49ea390e459465d4d1c7,474,21.09704641350211,7.0,10,448,473,False,ok,False,False,
adaptive,interactive-discover-8,discover,8,4,4,10,10,23c130de23bea69938bb4f437757e794,515,19.41747572815534,8.0,10,514,515,False,ok,False,False,
adaptive,interactive-discover-8,discover,8,0,5,10,10,6de458b391c32b212e7929ae0ffc458b,580,17.24137931034483,8.0,10,579,579,False,ok,False,False,
adaptive,interactive-discover-8,discover,8,1,5,10,10,94c08ac69169941707291254297ea93a,519,19.267822736030826,8.0,10,429,517,False,ok,False,False,
adaptive,interactive-discover-8,discover,8,2,5,10,10,3576737d99d5db141cc483627030e4a9,3859,2.591344908007256,49.0,10,401,3794,False,ok,False,False,
adaptive,interactive-discover-8,discover,8,3,5,10,10,2ef5138ab25b49ea390e459465d4d1c7,480,20.833333333333336,7.0,10,422,479,False,ok,False,False,
adaptive,interactive-discover-8,discover,8,4,5,10,10,23c130de23bea69938bb4f437757e794,500,20.0,8.0,10,498,499,False,ok,False,False,
adaptive,interactive-short-1,short,1,0,0,1,1,6b641713c69378408c911f18ba9ba38b,1516,0.6596306068601583,104.0,1,321,321,False,ok,False,False,
adaptive,interactive-short-1,short,1,1,0,1,1,f02ab3570928d3fc74a51ceb7a4a39ac,1382,0.7235890014471781,101.0,1,360,360,False,ok,False,False,
adaptive,interactive-short-1,short,1,2,0,1,1,ff4ea17b4281fdba2a7a842efe3a722a,2127,0.47014574518100616,87.0,1,341,341,False,ok,False,False,
adaptive,interactive-short-1,short,1,3,0,1,1,64191c6d5f502dc3f35888f44214ade1,1136,0.8802816901408451,61.0,1,358,358,False,ok,False,False,
adaptive,interactive-short-1,short,1,4,0,1,1,d8972c3dd7a9ab1cc6d9b0773f1037c3,1294,0.7727975270479134,91.0,1,341,341,False,ok,False,False,
adaptive,interactive-short-1,short,1,0,1,1,1,6b641713c69378408c911f18ba9ba38b,1379,0.7251631617113851,103.0,1,294,294,False,ok,False,False,
adaptive,interactive-short-1,short,1,1,1,1,1,f02ab3570928d3fc74a51ceb7a4a39ac,1256,0.7961783439490446,101.0,1,323,323,False,ok,False,False,
adaptive,interactive-short-1,short,1,2,1,1,1,ff4ea17b4281fdba2a7a842efe3a722a,1187,0.8424599831508003,87.0,1,344,344,False,ok,False,False,
adaptive,interactive-short-1,short,1,3,1,1,1,64191c6d5f502dc3f35888f44214ade1,911,1.097694840834248,61.0,1,329,329,False,ok,False,False,
adaptive,interactive-short-1,short,1,4,1,1,1,d8972c3dd7a9ab1cc6d9b0773f1037c3,1272,0.7861635220125786,91.0,1,320,320,False,ok,False,False,
adaptive,interactive-short-1,short,1,0,2,1,1,6b641713c69378408c911f18ba9ba38b,1389,0.7199424046076314,103.0,1,305,305,False,ok,False,False,
adaptive,interactive-short-1,short,1,1,2,1,1,f02ab3570928d3fc74a51ceb7a4a39ac,1191,0.8396305625524769,101.0,1,326,326,False,ok,False,False,
adaptive,interactive-short-1,short,1,2,2,1,1,ff4ea17b4281fdba2a7a842efe3a722a,1107,0.903342366757001,87.0,1,348,348,False,ok,False,False,
adaptive,interactive-short-1,short,1,3,2,1,1,64191c6d5f502dc3f35888f44214ade1,1057,0.946073793755913,61.0,1,305,305,False,ok,False,False,
adaptive,interactive-short-1,short,1,4,2,1,1,d8972c3dd7a9ab1cc6d9b0773f1037c3,1234,0.8103727714748784,91.0,1,329,329,False,ok,False,False,
adaptive,interactive-short-1,short,1,0,3,1,1,6b641713c69378408c911f18ba9ba38b,1344,0.744047619047619,103.0,1,333,333,False,ok,False,False,
adaptive,interactive-short-1,short,1,1,3,1,1,f02ab3570928d3fc74a51ceb7a4a39ac,1218,0.8210180623973727,101.0,1,335,335,False,ok,False,False,
adaptive,interactive-short-1,short,1,2,3,1,1,ff4ea17b4281fdba2a7a842efe3a722a,1104,0.9057971014492753,87.0,1,337,337,False,ok,False,False,
adaptive,interactive-short-1,short,1,3,3,1,1,64191c6d5f502dc3f35888f44214ade1,981,1.019367991845056,61.0,1,337,337,False,ok,False,False,
adaptive,interactive-short-1,short,1,4,3,1,1,d8972c3dd7a9ab1cc6d9b0773f1037c3,1263,0.7917656373713381,91.0,1,320,320,False,ok,False,False,
adaptive,interactive-short-1,short,1,0,4,1,1,6b641713c69378408c911f18ba9ba38b,1389,0.7199424046076314,103.0,1,328,328,False,ok,False,False,
adaptive,interactive-short-1,short,1,1,4,1,1,f02ab3570928d3fc74a51ceb7a4a39ac,1340,0.7462686567164178,101.0,1,370,370,False,ok,False,False,
adaptive,interactive-short-1,short,1,2,4,1,1,ff4ea17b4281fdba2a7a842efe3a722a,1100,0.9090909090909091,87.0,1,319,319,False,ok,False,False,
adaptive,interactive-short-1,short,1,3,4,1,1,64191c6d5f502dc3f35888f44214ade1,1029,0.9718172983479106,61.0,1,333,333,False,ok,False,False,
adaptive,interactive-short-1,short,1,4,4,1,1,d8972c3dd7a9ab1cc6d9b0773f1037c3,1251,0.7993605115907275,91.0,1,309,309,False,ok,False,False,
adaptive,interactive-short-1,short,1,0,5,1,1,6b641713c69378408c911f18ba9ba38b,1368,0.7309941520467835,103.0,1,296,296,False,ok,False,False,
adaptive,interactive-short-1,short,1,1,5,1,1,f02ab3570928d3fc74a51ceb7a4a39ac,1229,0.8136696501220504,101.0,1,349,349,False,ok,False,False,
adaptive,interactive-short-1,short,1,2,5,1,1,ff4ea17b4281fdba2a7a842efe3a722a,1104,0.9057971014492753,87.0,1,322,322,False,ok,False,False,
adaptive,interactive-short-1,short,1,3,5,1,1,64191c6d5f502dc3f35888f44214ade1,991,1.0090817356205852,61.0,1,329,329,False,ok,False,False,
adaptive,interactive-short-1,short,1,4,5,1,1,d8972c3dd7a9ab1cc6d9b0773f1037c3,1259,0.7942811755361399,91.0,1,317,317,False,ok,False,False,
adaptive,interactive-short-2,short,2,0,0,0,0,d41d8cd98f00b204e9800998ecf8427e,300086,0.0,,0,,,True,timeout,True,True,"Unexpected ""!"" at position 0 in state STOP"
adaptive,interactive-short-2,short,2,1,0,0,0,d41d8cd98f00b204e9800998ecf8427e,300112,0.0,,0,,,True,timeout,True,True,"Unexpected ""!"" at position 0 in state STOP"
adaptive,interactive-short-2,short,2,2,0,0,0,d41d8cd98f00b204e9800998ecf8427e,300027,0.0,,0,,,True,timeout,True,True,"Unexpected ""!"" at position 0 in state STOP"
adaptive,interactive-short-2,short,2,3,0,0,0,d41d8cd98f00b204e9800998ecf8427e,300504,0.0,,0,,,True,timeout,True,True,terminated
adaptive,interactive-short-2,short,2,4,0,0,0,d41d8cd98f00b204e9800998ecf8427e,300110,0.0,,0,,,True,timeout,True,True,"Unexpected ""!"" at position 0 in state STOP"
adaptive,interactive-short-2,short,2,0,1,0,0,d41d8cd98f00b204e9800998ecf8427e,300069,0.0,,0,,,True,timeout,True,True,"Unexpected ""!"" at position 0 in state STOP"
adaptive,interactive-short-2,short,2,1,1,0,0,d41d8cd98f00b204e9800998ecf8427e,300111,0.0,,0,,,True,timeout,True,True,"Unexpected ""!"" at position 0 in state STOP"
adaptive,interactive-short-2,short,2,2,1,0,0,d41d8cd98f00b204e9800998ecf8427e,300109,0.0,,0,,,True,timeout,True,True,"Unexpected ""!"" at position 0 in state STOP"
adaptive,interactive-short-2,short,2,3,1,0,0,d41d8cd98f00b204e9800998ecf8427e,300111,0.0,,0,,,True,timeout,True,True,"Unexpected ""!"" at position 0 in state STOP"
adaptive,interactive-short-2,short,2,4,1,0,0,d41d8cd98f00b204e9800998ecf8427e,300107,0.0,,0,,,True,timeout,True,True,"Unexpected ""!"" at position 0 in state STOP"
adaptive,interactive-short-2,short,2,0,2,0,0,d41d8cd98f00b204e9800998ecf8427e,300110,0.0,,0,,,True,timeout,True,True,"Unexpected ""!"" at position 0 in state STOP"
adaptive,interactive-short-2,short,2,1,2,0,0,d41d8cd98f00b204e9800998ecf8427e,300109,0.0,,0,,,True,timeout,True,True,"Unexpected ""!"" at position 0 in state STOP"
adaptive,interactive-short-2,short,2,2,2,0,0,d41d8cd98f00b204e9800998ecf8427e,300110,0.0,,0,,,True,timeout,True,True,"Unexpected ""!"" at position 0 in state STOP"
adaptive,interactive-short-2,short,2,3,2,0,0,d41d8cd98f00b204e9800998ecf8427e,300110,0.0,,0,,,True,timeout,True,True,"Unexpected ""!"" at position 0 in state STOP"
adaptive,interactive-short-2,short,2,4,2,0,0,d41d8cd98f00b204e9800998ecf8427e,300111,0.0,,0,,,True,timeout,True,True,"Unexpected ""!"" at position 0 in state STOP"
adaptive,interactive-short-2,short,2,0,3,0,0,d41d8cd98f00b204e9800998ecf8427e,300109,0.0,,0,,,True,timeout,True,True,"Unexpected ""!"" at position 0 in state STOP"
adaptive,interactive-short-2,short,2,1,3,0,0,d41d8cd98f00b204e9800998ecf8427e,300108,0.0,,0,,,True,timeout,True,True,"Unexpected ""!"" at position 0 in state STOP"
adaptive,interactive-short-2,short,2,2,3,0,0,d41d8cd98f00b204e9800998ecf8427e,300125,0.0,,0,,,True,timeout,True,True,"Unexpected ""!"" at position 0 in state STOP"
adaptive,interactive-short-2,short,2,3,3,0,0,d41d8cd98f00b204e9800998ecf8427e,300121,0.0,,0,,,True,timeout,True,True,"Unexpected ""!"" at position 0 in state STOP"
adaptive,interactive-short-2,short,2,4,3,0,0,d41d8cd98f00b204e9800998ecf8427e,300049,0.0,,0,,,True,timeout,True,True,"Unexpected ""!"" at position 0 in state STOP"
adaptive,interactive-short-2,short,2,0,4,0,0,d41d8cd98f00b204e9800998ecf8427e,300068,0.0,,0,,,True,timeout,True,True,"Unexpected ""!"" at position 0 in state STOP"
adaptive,interactive-short-2,short,2,1,4,0,0,d41d8cd98f00b204e9800998ecf8427e,300108,0.0,,0,,,True,timeout,True,True,"Unexpected ""!"" at position 0 in state STOP"
adaptive,interactive-short-2,short,2,2,4,0,0,d41d8cd98f00b204e9800998ecf8427e,300110,0.0,,0,,,True,timeout,True,True,"Unexpected ""!"" at position 0 in state STOP"
adaptive,interactive-short-2,short,2,3,4,0,0,d41d8cd98f00b204e9800998ecf8427e,300109,0.0,,0,,,True,timeout,True,True,"Unexpected ""!"" at position 0 in state STOP"
adaptive,interactive-short-2,short,2,4,4,0,0,d41d8cd98f00b204e9800998ecf8427e,300110,0.0,,0,,,True,timeout,True,True,"Unexpected ""!"" at position 0 in state STOP"
adaptive,interactive-short-2,short,2,0,5,0,0,d41d8cd98f00b204e9800998ecf8427e,300109,0.0,,0,,,True,timeout,True,True,"Unexpected ""!"" at position 0 in state STOP"
adaptive,interactive-short-2,short,2,1,5,0,0,d41d8cd98f00b204e9800998ecf8427e,300113,0.0,,0,,,True,timeout,True,True,"Unexpected ""!"" at position 0 in state STOP"
adaptive,interactive-short-2,short,2,2,5,0,0,d41d8cd98f00b204e9800998ecf8427e,300109,0.0,,0,,,True,timeout,True,True,"Unexpected ""!"" at position 0 in state STOP"
adaptive,interactive-short-2,short,2,3,5,0,0,d41d8cd98f00b204e9800998ecf8427e,300110,0.0,,0,,,True,timeout,True,True,"Unexpected ""!"" at position 0 in state STOP"
adaptive,interactive-short-2,short,2,4,5,0,0,d41d8cd98f00b204e9800998ecf8427e,300111,0.0,,0,,,True,timeout,True,True,"Unexpected ""!"" at position 0 in state STOP"
adaptive,interactive-short-3,short,3,0,0,3,3,f116c376cadfab127000461eedfe6fe4,300022,0.009999266720440502,,3,2865,2865,True,timeout,True,False,"Unexpected ""!"" at position 0 in state STOP"
adaptive,interactive-short-3,short,3,1,0,7,7,f02a9a2f3c696dac1516d39f958cb72a,300109,0.023324858634696063,,7,1553,2036,True,timeout,True,False,"Unexpected ""!"" at position 0 in state STOP"
adaptive,interactive-short-3,short,3,2,0,2,2,9f303454021d27b90ec166f8c7c8b1e5,301921,0.0066242493897410255,,2,1203,1382,True,timeout,True,False,terminated
adaptive,interactive-short-3,short,3,3,0,12,12,9bff5babf625aba43bdfc2d291f2a3f8,300078,0.03998960270329715,,12,1678,37258,True,timeout,True,False,"Unexpected ""!"" at position 0 in state STOP"
adaptive,interactive-short-3,short,3,4,0,9,9,8bfa46824ae5907c6cf46738b5234ed2,300112,0.02998880417977288,,9,1772,17801,True,timeout,True,False,"Unexpected ""!"" at position 0 in state STOP"
adaptive,interactive-short-3,short,3,0,1,3,3,f116c376cadfab127000461eedfe6fe4,300138,0.009995402115027089,,3,1077,2006,True,timeout,True,False,"Unexpected ""!"" at position 0 in state STOP"
adaptive,interactive-short-3,short,3,1,1,7,7,f02a9a2f3c696dac1516d39f958cb72a,300110,0.023324780913664987,,7,1602,2400,True,timeout,True,False,"Unexpected ""!"" at position 0 in state STOP"
adaptive,interactive-short-3,short,3,2,1,2,2,9f303454021d27b90ec166f8c7c8b1e5,300181,0.006662646869721935,,2,1225,1577,True,timeout,True,False,"Unexpected ""!"" at position 0 in state STOP"
adaptive,interactive-short-3,short,3,3,1,12,12,9bff5babf625aba43bdfc2d291f2a3f8,300112,0.039985072239697175,,12,1638,77888,True,timeout,True,False,"Unexpected ""!"" at position 0 in state STOP"
adaptive,interactive-short-3,short,3,4,1,9,9,8bfa46824ae5907c6cf46738b5234ed2,300108,0.029989203886600823,,9,2001,12866,True,timeout,True,False,"Unexpected ""!"" at position 0 in state STOP"
adaptive,interactive-short-3,short,3,0,2,3,3,f116c376cadfab127000461eedfe6fe4,300109,0.009996367986298313,,3,1057,5901,True,timeout,True,False,"Unexpected ""!"" at position 0 in state STOP"
adaptive,interactive-short-3,short,3,1,2,7,7,f02a9a2f3c696dac1516d39f958cb72a,300109,0.023324858634696063,,7,1609,2207,True,timeout,True,False,"Unexpected ""!"" at position 0 in state STOP"
adaptive,interactive-short-3,short,3,2,2,2,2,9f303454021d27b90ec166f8c7c8b1e5,300334,0.006659252698662156,,2,1106,1373,True,timeout,True,False,"Unexpected ""!"" at position 0 in state STOP"
adaptive,interactive-short-3,short,3,3,2,12,12,9bff5babf625aba43bdfc2d291f2a3f8,300108,0.03998560518213443,,12,1909,38332,True,timeout,True,False,"Unexpected ""!"" at position 0 in state STOP"
adaptive,interactive-short-3,short,3,4,2,9,9,8bfa46824ae5907c6cf46738b5234ed2,300108,0.029989203886600823,,9,1730,14411,True,timeout,True,False,"Unexpected ""!"" at position 0 in state STOP"
adaptive,interactive-short-3,short,3,0,3,3,3,f116c376cadfab127000461eedfe6fe4,300109,0.009996367986298313,,3,1023,1834,True,timeout,True,False,"Unexpected ""!"" at position 0 in state STOP"
adaptive,interactive-short-3,short,3,1,3,7,7,f02a9a2f3c696dac1516d39f958cb72a,300108,0.023324936356245086,,7,1877,2202,True,timeout,True,False,"Unexpected ""!"" at position 0 in state STOP"
adaptive,interactive-short-3,short,3,2,3,2,2,9f303454021d27b90ec166f8c7c8b1e5,300109,0.006664245324198875,,2,1185,1444,True,timeout,True,False,"Unexpected ""!"" at position 0 in state STOP"
adaptive,interactive-short-3,short,3,3,3,12,12,9bff5babf625aba43bdfc2d291f2a3f8,300111,0.03998520547397463,,12,1912,36689,True,timeout,True,False,"Unexpected ""!"" at position 0 in state STOP"
adaptive,interactive-short-3,short,3,4,3,9,9,8bfa46824ae5907c6cf46738b5234ed2,300112,0.02998880417977288,,9,3071,22493,True,timeout,True,False,"Unexpected ""!"" at position 0 in state STOP"
adaptive,interactive-short-3,short,3,0,4,3,3,f116c376cadfab127000461eedfe6fe4,300134,0.009995535327553692,,3,930,8391,True,timeout,True,False,"Unexpected ""!"" at position 0 in state STOP"
adaptive,interactive-short-3,short,3,1,4,7,7,f02a9a2f3c696dac1516d39f958cb72a,300109,0.023324858634696063,,7,1737,2183,True,timeout,True,False,"Unexpected ""!"" at position 0 in state STOP"
adaptive,interactive-short-3,short,3,2,4,2,2,9f303454021d27b90ec166f8c7c8b1e5,301891,0.006624907665349414,,2,1040,1344,True,timeout,True,False,terminated
adaptive,interactive-short-3,short,3,3,4,12,12,9bff5babf625aba43bdfc2d291f2a3f8,300177,0.03997641391578968,,12,1797,89360,True,timeout,True,False,"Unexpected ""!"" at position 0 in state STOP"
adaptive,interactive-short-3,short,3,4,4,9,9,8bfa46824ae5907c6cf46738b5234ed2,300122,0.029987804959316543,,9,1410,18702,True,timeout,True,False,"Unexpected ""!"" at position 0 in state STOP"
adaptive,interactive-short-3,short,3,0,5,3,3,f116c376cadfab127000461eedfe6fe4,300110,0.009996334677284995,,3,1446,2136,True,timeout,True,False,"Unexpected ""!"" at position 0 in state STOP"
adaptive,interactive-short-3,short,3,1,5,7,7,f02a9a2f3c696dac1516d39f958cb72a,300041,0.023330144880199705,,7,1531,2288,True,timeout,True,False,"Unexpected ""!"" at position 0 in state STOP"
adaptive,interactive-short-3,short,3,2,5,2,2,9f303454021d27b90ec166f8c7c8b1e5,300127,0.0066638456386796255,,2,1249,1435,True,timeout,True,False,"Unexpected ""!"" at position 0 in state STOP"
adaptive,interactive-short-3,short,3,3,5,12,12,9bff5babf625aba43bdfc2d291f2a3f8,300109,0.03998547194519325,,12,1794,37434,True,timeout,True,False,"Unexpected ""!"" at position 0 in state STOP"
adaptive,interactive-short-3,short,3,4,5,9,9,8bfa46824ae5907c6cf46738b5234ed2,303940,0.029611107455418832,,9,1506,19434,True,timeout,True,False,"Unexpected ""!"" at position 0 in state STOP"
adaptive,interactive-short-4,short,4,0,0,1,1,be952defdc6bff97ab1d2bd30503bd7a,407,2.4570024570024573,2.0,1,284,284,False,ok,False,False,
adaptive,interactive-short-4,short,4,1,0,1,1,c7f96e08adf5efcc4ad5302bc4ebe30f,259,3.861003861003861,2.0,1,150,150,False,ok,False,False,
adaptive,interactive-short-4,short,4,2,0,1,1,b14fe4f20ab576f2bf485f4d72fc2332,738,1.3550135501355014,26.0,1,344,344,False,ok,False,False,
adaptive,interactive-short-4,short,4,3,0,1,1,c114679689014713f0be71d73de99a0b,878,1.1389521640091116,36.0,1,306,306,False,ok,False,False,
adaptive,interactive-short-4,short,4,4,0,1,1,c93535a997dcc3e3b4e497b89e662936,219,4.566210045662101,2.0,1,115,115,False,ok,False,False,
adaptive,interactive-short-4,short,4,0,1,1,1,be952defdc6bff97ab1d2bd30503bd7a,226,4.424778761061947,2.0,1,117,117,False,ok,False,False,
adaptive,interactive-short-4,short,4,1,1,1,1,c7f96e08adf5efcc4ad5302bc4ebe30f,243,4.11522633744856,2.0,1,129,129,False,ok,False,False,
adaptive,interactive-short-4,short,4,2,1,1,1,b14fe4f20ab576f2bf485f4d72fc2332,455,2.1978021978021975,26.0,1,153,153,False,ok,False,False,
adaptive,interactive-short-4,short,4,3,1,1,1,c114679689014713f0be71d73de99a0b,559,1.7889087656529514,36.0,1,195,195,False,ok,False,False,
adaptive,interactive-short-4,short,4,4,1,1,1,c93535a997dcc3e3b4e497b89e662936,212,4.716981132075472,2.0,1,117,117,False,ok,False,False,
adaptive,interactive-short-4,short,4,0,2,1,1,be952defdc6bff97ab1d2bd30503bd7a,218,4.587155963302752,2.0,1,107,107,False,ok,False,False,
adaptive,interactive-short-4,short,4,1,2,1,1,c7f96e08adf5efcc4ad5302bc4ebe30f,222,4.504504504504505,2.0,1,110,110,False,ok,False,False,
adaptive,interactive-short-4,short,4,2,2,1,1,b14fe4f20ab576f2bf485f4d72fc2332,455,2.1978021978021975,26.0,1,155,155,False,ok,False,False,
adaptive,interactive-short-4,short,4,3,2,1,1,c114679689014713f0be71d73de99a0b,573,1.7452006980802794,36.0,1,196,196,False,ok,False,False,
adaptive,interactive-short-4,short,4,4,2,1,1,c93535a997dcc3e3b4e497b89e662936,218,4.587155963302752,2.0,1,119,119,False,ok,False,False,
adaptive,interactive-short-4,short,4,0,3,1,1,be952defdc6bff97ab1d2bd30503bd7a,217,4.6082949308755765,2.0,1,110,110,False,ok,False,False,
adaptive,interactive-short-4,short,4,1,3,1,1,c7f96e08adf5efcc4ad5302bc4ebe30f,220,4.545454545454546,2.0,1,117,117,False,ok,False,False,
adaptive,interactive-short-4,short,4,2,3,1,1,b14fe4f20ab576f2bf485f4d72fc2332,471,2.1231422505307855,26.0,1,161,161,False,ok,False,False,
adaptive,interactive-short-4,short,4,3,3,1,1,c114679689014713f0be71d73de99a0b,552,1.8115942028985506,36.0,1,176,176,False,ok,False,False,
adaptive,interactive-short-4,short,4,4,3,1,1,c93535a997dcc3e3b4e497b89e662936,224,4.464285714285714,2.0,1,125,125,False,ok,False,False,
adaptive,interactive-short-4,short,4,0,4,1,1,be952defdc6bff97ab1d2bd30503bd7a,223,4.484304932735426,2.0,1,115,115,False,ok,False,False,
adaptive,interactive-short-4,short,4,1,4,1,1,c7f96e08adf5efcc4ad5302bc4ebe30f,222,4.504504504504505,2.0,1,109,109,False,ok,False,False,
adaptive,interactive-short-4,short,4,2,4,1,1,b14fe4f20ab576f2bf485f4d72fc2332,463,2.159827213822894,26.0,1,157,157,False,ok,False,False,
adaptive,interactive-short-4,short,4,3,4,1,1,c114679689014713f0be71d73de99a0b,532,1.8796992481203008,36.0,1,170,170,False,ok,False,False,
adaptive,interactive-short-4,short,4,4,4,1,1,c93535a997dcc3e3b4e497b89e662936,234,4.273504273504273,2.0,1,122,122,False,ok,False,False,
adaptive,interactive-short-4,short,4,0,5,1,1,be952defdc6bff97ab1d2bd30503bd7a,208,4.8076923076923075,2.0,1,102,102,False,ok,False,False,
adaptive,interactive-short-4,short,4,1,5,1,1,c7f96e08adf5efcc4ad5302bc4ebe30f,221,4.524886877828054,2.0,1,112,112,False,ok,False,False,
adaptive,interactive-short-4,short,4,2,5,1,1,b14fe4f20ab576f2bf485f4d72fc2332,449,2.2271714922048997,26.0,1,149,149,False,ok,False,False,
adaptive,interactive-short-4,short,4,3,5,1,1,c114679689014713f0be71d73de99a0b,533,1.8761726078799248,36.0,1,170,170,False,ok,False,False,
adaptive,interactive-short-4,short,4,4,5,1,1,c93535a997dcc3e3b4e497b89e662936,222,4.504504504504505,2.0,1,107,107,False,ok,False,False,
adaptive,interactive-short-5,short,5,0,0,1,1,dc0e41612718b8e8febbfed0b6a81235,6042,0.165508109897385,529.0,1,373,373,False,ok,False,False,
adaptive,interactive-short-5,short,5,1,0,1,1,503ee1b279b823f2e5e6c3c7ad09348a,17918,0.055809800200915284,1111.0,1,357,357,False,ok,False,False,
adaptive,interactive-short-5,short,5,2,0,1,1,f5c7036bdd812461f2fb5aae6b3ae925,46770,0.02138122728244601,4571.0,1,444,444,False,ok,False,False,
adaptive,interactive-short-5,short,5,3,0,1,1,34828ddcb65169a440f3b93e10833a13,968,1.0330578512396695,45.0,1,379,379,False,ok,False,False,
adaptive,interactive-short-5,short,5,4,0,1,1,85635c1632159d9ccdaa8e67a0da19e7,5339,0.18730099269526126,475.0,1,345,345,False,ok,False,False,
adaptive,interactive-short-5,short,5,0,1,1,1,dc0e41612718b8e8febbfed0b6a81235,5832,0.17146776406035666,529.0,1,319,319,False,ok,False,False,
adaptive,interactive-short-5,short,5,1,1,1,1,503ee1b279b823f2e5e6c3c7ad09348a,13034,0.07672241829062451,1111.0,1,332,332,False,ok,False,False,
adaptive,interactive-short-5,short,5,2,1,1,1,f5c7036bdd812461f2fb5aae6b3ae925,50432,0.019828680203045686,4571.0,1,424,424,False,ok,False,False,
adaptive,interactive-short-5,short,5,3,1,1,1,34828ddcb65169a440f3b93e10833a13,1010,0.9900990099009901,45.0,1,431,431,False,ok,False,False,
adaptive,interactive-short-5,short,5,4,1,1,1,85635c1632159d9ccdaa8e67a0da19e7,5276,0.18953752843062927,475.0,1,365,365,False,ok,False,False,
adaptive,interactive-short-5,short,5,0,2,1,1,dc0e41612718b8e8febbfed0b6a81235,5744,0.17409470752089137,529.0,1,335,335,False,ok,False,False,
adaptive,interactive-short-5,short,5,1,2,1,1,503ee1b279b823f2e5e6c3c7ad09348a,12566,0.07957981855801369,1111.0,1,350,350,False,ok,False,False,
adaptive,interactive-short-5,short,5,2,2,1,1,f5c7036bdd812461f2fb5aae6b3ae925,47260,0.021159542953872196,4571.0,1,433,433,False,ok,False,False,
adaptive,interactive-short-5,short,5,3,2,1,1,34828ddcb65169a440f3b93e10833a13,1026,0.9746588693957114,45.0,1,418,418,False,ok,False,False,
adaptive,interactive-short-5,short,5,4,2,1,1,85635c1632159d9ccdaa8e67a0da19e7,5539,0.18053800324968408,475.0,1,354,354,False,ok,False,False,
adaptive,interactive-short-5,short,5,0,3,1,1,dc0e41612718b8e8febbfed0b6a81235,10186,0.098173964264677,529.0,1,310,310,False,ok,False,False,
adaptive,interactive-short-5,short,5,1,3,1,1,503ee1b279b823f2e5e6c3c7ad09348a,15885,0.06295247088448222,1111.0,1,360,360,False,ok,False,False,
adaptive,interactive-short-5,short,5,2,3,1,1,f5c7036bdd812461f2fb5aae6b3ae925,52419,0.01907705221389191,4571.0,1,415,415,False,ok,False,False,
adaptive,interactive-short-5,short,5,3,3,1,1,34828ddcb65169a440f3b93e10833a13,1042,0.9596928982725528,45.0,1,430,430,False,ok,False,False,
adaptive,interactive-short-5,short,5,4,3,1,1,85635c1632159d9ccdaa8e67a0da19e7,5335,0.18744142455482662,475.0,1,351,351,False,ok,False,False,
adaptive,interactive-short-5,short,5,0,4,1,1,dc0e41612718b8e8febbfed0b6a81235,5857,0.17073587160662454,529.0,1,329,329,False,ok,False,False,
adaptive,interactive-short-5,short,5,1,4,1,1,503ee1b279b823f2e5e6c3c7ad09348a,15942,0.06272738677706687,1111.0,1,305,305,False,ok,False,False,
adaptive,interactive-short-5,short,5,2,4,1,1,f5c7036bdd812461f2fb5aae6b3ae925,51480,0.019425019425019428,4571.0,1,411,411,False,ok,False,False,
adaptive,interactive-short-5,short,5,3,4,1,1,34828ddcb65169a440f3b93e10833a13,982,1.0183299389002036,45.0,1,391,391,False,ok,False,False,
adaptive,interactive-short-5,short,5,4,4,1,1,85635c1632159d9ccdaa8e67a0da19e7,5101,0.19603999215840032,475.0,1,327,327,False,ok,False,False,
adaptive,interactive-short-5,short,5,0,5,1,1,dc0e41612718b8e8febbfed0b6a81235,6063,0.16493485073396008,529.0,1,330,330,False,ok,False,False,
adaptive,interactive-short-5,short,5,1,5,1,1,503ee1b279b823f2e5e6c3c7ad09348a,16102,0.06210408644888834,1111.0,1,330,330,False,ok,False,False,
adaptive,interactive-short-5,short,5,2,5,1,1,f5c7036bdd812461f2fb5aae6b3ae925,53533,0.018680066501036742,4571.0,1,421,421,False,ok,False,False,
adaptive,interactive-short-5,short,5,3,5,1,1,34828ddcb65169a440f3b93e10833a13,989,1.0111223458038423,45.0,1,399,399,False,ok,False,False,
adaptive,interactive-short-5,short,5,4,5,1,1,85635c1632159d9ccdaa8e67a0da19e7,5357,0.1866716445771887,475.0,1,360,360,False,ok,False,False,
adaptive,interactive-short-6,short,6,0,0,1,1,ba304a277e0c6fae635de35002222d91,300136,0.0033318229069488497,,1,440,440,True,timeout,True,False,"Unexpected ""!"" at position 0 in state STOP"
adaptive,interactive-short-6,short,6,1,0,1,1,e849f1a14477da933bfaa5ee561efce8,300165,0.0033315010077790545,,1,774,774,True,timeout,True,False,"Unexpected ""!"" at position 0 in state STOP"
adaptive,interactive-short-6,short,6,2,0,0,0,d41d8cd98f00b204e9800998ecf8427e,300122,0.0,,0,,,True,timeout,True,True,"Unexpected ""!"" at position 0 in state STOP"
adaptive,interactive-short-6,short,6,3,0,0,0,d41d8cd98f00b204e9800998ecf8427e,300113,0.0,,0,,,True,timeout,True,True,"Unexpected ""!"" at position 0 in state STOP"
adaptive,interactive-short-6,short,6,4,0,0,0,d41d8cd98f00b204e9800998ecf8427e,300111,0.0,,0,,,True,timeout,True,True,"Unexpected ""!"" at position 0 in state STOP"
adaptive,interactive-short-6,short,6,0,1,1,1,ba304a277e0c6fae635de35002222d91,300143,0.003331745201453974,,1,721,721,True,timeout,True,False,"Unexpected ""!"" at position 0 in state STOP"
adaptive,interactive-short-6,short,6,1,1,1,1,e849f1a14477da933bfaa5ee561efce8,300112,0.003332089353308098,,1,792,792,True,timeout,True,False,"Unexpected ""!"" at position 0 in state STOP"
adaptive,interactive-short-6,short,6,2,1,0,0,d41d8cd98f00b204e9800998ecf8427e,300110,0.0,,0,,,True,timeout,True,True,"Unexpected ""!"" at position 0 in state STOP"
adaptive,interactive-short-6,short,6,3,1,0,0,d41d8cd98f00b204e9800998ecf8427e,300344,0.0,,0,,,True,timeout,True,True,"Unexpected ""!"" at position 0 in state STOP"
adaptive,interactive-short-6,short,6,4,1,0,0,d41d8cd98f00b204e9800998ecf8427e,300103,0.0,,0,,,True,timeout,True,True,"Unexpected ""!"" at position 0 in state STOP"
adaptive,interactive-short-6,short,6,0,2,1,1,ba304a277e0c6fae635de35002222d91,301350,0.0033184005309440847,,1,769,769,True,timeout,True,False,terminated
adaptive,interactive-short-6,short,6,1,2,1,1,e849f1a14477da933bfaa5ee561efce8,300112,0.003332089353308098,,1,915,915,True,timeout,True,False,"Unexpected ""!"" at position 0 in state STOP"
adaptive,interactive-short-6,short,6,2,2,0,0,d41d8cd98f00b204e9800998ecf8427e,300176,0.0,,0,,,True,timeout,True,True,"Unexpected ""!"" at position 0 in state STOP"
adaptive,interactive-short-6,short,6,3,2,0,0,d41d8cd98f00b204e9800998ecf8427e,300537,0.0,,0,,,True,timeout,True,True,terminated
adaptive,interactive-short-6,short,6,4,2,0,0,d41d8cd98f00b204e9800998ecf8427e,300073,0.0,,0,,,True,timeout,True,True,"Unexpected ""!"" at position 0 in state STOP"
adaptive,interactive-short-6,short,6,0,3,1,1,ba304a277e0c6fae635de35002222d91,300109,0.0033321226620994376,,1,723,723,True,timeout,True,False,"Unexpected ""!"" at position 0 in state STOP"
adaptive,interactive-short-6,short,6,1,3,1,1,e849f1a14477da933bfaa5ee561efce8,300108,0.003332133765177869,,1,941,941,True,timeout,True,False,"Unexpected ""!"" at position 0 in state STOP"
adaptive,interactive-short-6,short,6,2,3,0,0,d41d8cd98f00b204e9800998ecf8427e,300247,0.0,,0,,,True,timeout,True,True,"Unexpected ""!"" at position 0 in state STOP"
adaptive,interactive-short-6,short,6,3,3,0,0,d41d8cd98f00b204e9800998ecf8427e,300535,0.0,,0,,,True,timeout,True,True,terminated
adaptive,interactive-short-6,short,6,4,3,0,0,d41d8cd98f00b204e9800998ecf8427e,300135,0.0,,0,,,True,timeout,True,True,"Unexpected ""!"" at position 0 in state STOP"
adaptive,interactive-short-6,short,6,0,4,1,1,ba304a277e0c6fae635de35002222d91,300108,0.003332133765177869,,1,769,769,True,timeout,True,False,"Unexpected ""!"" at position 0 in state STOP"
adaptive,interactive-short-6,short,6,1,4,1,1,e849f1a14477da933bfaa5ee561efce8,300109,0.0033321226620994376,,1,844,844,True,timeout,True,False,"Unexpected ""!"" at position 0 in state STOP"
adaptive,interactive-short-6,short,6,2,4,0,0,d41d8cd98f00b204e9800998ecf8427e,300539,0.0,,0,,,True,timeout,True,True,terminated
adaptive,interactive-short-6,short,6,3,4,0,0,d41d8cd98f00b204e9800998ecf8427e,300112,0.0,,0,,,True,timeout,True,True,"Unexpected ""!"" at position 0 in state STOP"
adaptive,interactive-short-6,short,6,4,4,0,0,d41d8cd98f00b204e9800998ecf8427e,300114,0.0,,0,,,True,timeout,True,True,"Unexpected ""!"" at position 0 in state STOP"
adaptive,interactive-short-6,short,6,0,5,1,1,ba304a277e0c6fae635de35002222d91,300109,0.0033321226620994376,,1,722,722,True,timeout,True,False,"Unexpected ""!"" at position 0 in state STOP"
adaptive,interactive-short-6,short,6,1,5,1,1,e849f1a14477da933bfaa5ee561efce8,300115,0.00333205604518268,,1,801,801,True,timeout,True,False,"Unexpected ""!"" at position 0 in state STOP"
adaptive,interactive-short-6,short,6,2,5,0,0,d41d8cd98f00b204e9800998ecf8427e,300113,0.0,,0,,,True,timeout,True,True,"Unexpected ""!"" at position 0 in state STOP"
adaptive,interactive-short-6,short,6,3,5,0,0,d41d8cd98f00b204e9800998ecf8427e,300111,0.0,,0,,,True,timeout,True,True,"Unexpected ""!"" at position 0 in state STOP"
adaptive,interactive-short-6,short,6,4,5,0,0,d41d8cd98f00b204e9800998ecf8427e,300545,0.0,,0,,,True,timeout,True,True,terminated
adaptive,interactive-short-7,short,7,0,0,0,0,d41d8cd98f00b204e9800998ecf8427e,300476,0.0,,0,,,True,timeout,True,True,terminated
adaptive,interactive-short-7,short,7,1,0,0,0,d41d8cd98f00b204e9800998ecf8427e,300109,0.0,,0,,,True,timeout,True,True,"Unexpected ""!"" at position 0 in state STOP"
adaptive,interactive-short-7,short,7,2,0,0,0,d41d8cd98f00b204e9800998ecf8427e,300063,0.0,,0,,,True,timeout,True,True,"Unexpected ""!"" at position 0 in state STOP"
adaptive,interactive-short-7,short,7,3,0,0,0,d41d8cd98f00b204e9800998ecf8427e,300113,0.0,,0,,,True,timeout,True,True,"Unexpected ""!"" at position 0 in state STOP"
adaptive,interactive-short-7,short,7,4,0,0,0,d41d8cd98f00b204e9800998ecf8427e,300109,0.0,,0,,,True,timeout,True,True,"Unexpected ""!"" at position 0 in state STOP"
adaptive,interactive-short-7,short,7,0,1,0,0,d41d8cd98f00b204e9800998ecf8427e,300112,0.0,,0,,,True,timeout,True,True,"Unexpected ""!"" at position 0 in state STOP"
adaptive,interactive-short-7,short,7,1,1,0,0,d41d8cd98f00b204e9800998ecf8427e,300077,0.0,,0,,,True,timeout,True,True,"Unexpected ""!"" at position 0 in state STOP"
adaptive,interactive-short-7,short,7,2,1,0,0,d41d8cd98f00b204e9800998ecf8427e,300114,0.0,,0,,,True,timeout,True,True,"Unexpected ""!"" at position 0 in state STOP"
adaptive,interactive-short-7,short,7,3,1,0,0,d41d8cd98f00b204e9800998ecf8427e,300523,0.0,,0,,,True,timeout,True,True,terminated
adaptive,interactive-short-7,short,7,4,1,0,0,d41d8cd98f00b204e9800998ecf8427e,300297,0.0,,0,,,True,timeout,True,True,"Unexpected ""!"" at position 0 in state STOP"
adaptive,interactive-short-7,short,7,0,2,0,0,d41d8cd98f00b204e9800998ecf8427e,300506,0.0,,0,,,True,timeout,True,True,terminated
adaptive,interactive-short-7,short,7,1,2,0,0,d41d8cd98f00b204e9800998ecf8427e,300298,0.0,,0,,,True,timeout,True,True,"Unexpected ""!"" at position 0 in state STOP"
adaptive,interactive-short-7,short,7,2,2,0,0,d41d8cd98f00b204e9800998ecf8427e,300109,0.0,,0,,,True,timeout,True,True,"Unexpected ""!"" at position 0 in state STOP"
adaptive,interactive-short-7,short,7,3,2,0,0,d41d8cd98f00b204e9800998ecf8427e,300112,0.0,,0,,,True,timeout,True,True,"Unexpected ""!"" at position 0 in state STOP"
adaptive,interactive-short-7,short,7,4,2,0,0,d41d8cd98f00b204e9800998ecf8427e,300530,0.0,,0,,,True,timeout,True,True,terminated
adaptive,interactive-short-7,short,7,0,3,0,0,d41d8cd98f00b204e9800998ecf8427e,300145,0.0,,0,,,True,timeout,True,True,"Unexpected ""!"" at position 0 in state STOP"
adaptive,interactive-short-7,short,7,1,3,0,0,d41d8cd98f00b204e9800998ecf8427e,300522,0.0,,0,,,True,timeout,True,True,terminated
adaptive,interactive-short-7,short,7,2,3,0,0,d41d8cd98f00b204e9800998ecf8427e,300447,0.0,,0,,,True,timeout,True,True,terminated
adaptive,interactive-short-7,short,7,3,3,0,0,d41d8cd98f00b204e9800998ecf8427e,300633,0.0,,0,,,True,timeout,True,True,terminated
adaptive,interactive-short-7,short,7,4,3,0,0,d41d8cd98f00b204e9800998ecf8427e,300114,0.0,,0,,,True,timeout,True,True,"Unexpected ""!"" at position 0 in state STOP"
adaptive,interactive-short-7,short,7,0,4,0,0,d41d8cd98f00b204e9800998ecf8427e,300531,0.0,,0,,,True,timeout,True,True,terminated
adaptive,interactive-short-7,short,7,1,4,0,0,d41d8cd98f00b204e9800998ecf8427e,300114,0.0,,0,,,True,timeout,True,True,"Unexpected ""!"" at position 0 in state STOP"
adaptive,interactive-short-7,short,7,2,4,0,0,d41d8cd98f00b204e9800998ecf8427e,300108,0.0,,0,,,True,timeout,True,True,"Unexpected ""!"" at position 0 in state STOP"
adaptive,interactive-short-7,short,7,3,4,0,0,d41d8cd98f00b204e9800998ecf8427e,300109,0.0,,0,,,True,timeout,True,True,"Unexpected ""!"" at position 0 in state STOP"
adaptive,interactive-short-7,short,7,4,4,0,0,d41d8cd98f00b204e9800998ecf8427e,300111,0.0,,0,,,True,timeout,True,True,"Unexpected ""!"" at position 0 in state STOP"
adaptive,interactive-short-7,short,7,0,5,0,0,d41d8cd98f00b204e9800998ecf8427e,300162,0.0,,0,,,True,timeout,True,True,"Unexpected ""!"" at position 0 in state STOP"
adaptive,interactive-short-7,short,7,1,5,0,0,d41d8cd98f00b204e9800998ecf8427e,300147,0.0,,0,,,True,timeout,True,True,"Unexpected ""!"" at position 0 in state STOP"
adaptive,interactive-short-7,short,7,2,5,0,0,d41d8cd98f00b204e9800998ecf8427e,300108,0.0,,0,,,True,timeout,True,True,"Unexpected ""!"" at position 0 in state STOP"
adaptive,interactive-short-7,short,7,3,5,0,0,d41d8cd98f00b204e9800998ecf8427e,300114,0.0,,0,,,True,timeout,True,True,"Unexpected ""!"" at position 0 in state STOP"
adaptive,interactive-short-7,short,7,4,5,0,0,d41d8cd98f00b204e9800998ecf8427e,300204,0.0,,0,,,True,timeout,True,True,"Unexpected ""!"" at position 0 in state STOP"
default,interactive-discover-1,discover,1,0,0,6,6,d632b8166f912f4afd062d64186f2dc6,6176,0.9715025906735751,101.0,6,1541,5973,False,ok,False,False,
default,interactive-discover-1,discover,1,1,0,4,4,e00f199d535cd1710bf9be67f04f39e4,2069,1.9333011116481393,99.0,4,539,542,False,ok,False,False,
default,interactive-discover-1,discover,1,2,0,1,1,c4499554f796e968a069e67a8f5d9d1c,1653,0.6049606775559588,85.0,1,472,472,False,ok,False,False,
default,interactive-discover-1,discover,1,3,0,14,14,6c0a9fe8be642ee232c10c9996912b97,1936,7.231404958677686,59.0,14,513,522,False,ok,False,False,
default,interactive-discover-1,discover,1,4,0,8,8,7536d3a2c1abc2a9ac92b1860efa3282,3139,2.548582351067219,89.0,8,800,904,False,ok,False,False,
default,interactive-discover-1,discover,1,0,1,6,6,d632b8166f912f4afd062d64186f2dc6,3288,1.8248175182481754,101.0,6,603,3164,False,ok,False,False,
default,interactive-discover-1,discover,1,1,1,4,4,e00f199d535cd1710bf9be67f04f39e4,1565,2.5559105431309903,99.0,4,510,805,False,ok,False,False,
default,interactive-discover-1,discover,1,2,1,1,1,c4499554f796e968a069e67a8f5d9d1c,1359,0.7358351729212657,85.0,1,449,449,False,ok,False,False,
default,interactive-discover-1,discover,1,3,1,14,14,6c0a9fe8be642ee232c10c9996912b97,1589,8.81057268722467,59.0,14,444,501,False,ok,False,False,
default,interactive-discover-1,discover,1,4,1,8,8,7536d3a2c1abc2a9ac92b1860efa3282,2527,3.1658092599920855,89.0,8,567,704,False,ok,False,False,
default,interactive-discover-1,discover,1,0,2,6,6,d632b8166f912f4afd062d64186f2dc6,2953,2.031832035218422,101.0,6,526,2847,False,ok,False,False,
default,interactive-discover-1,discover,1,1,2,4,4,e00f199d535cd1710bf9be67f04f39e4,1647,2.428658166363084,99.0,4,463,563,False,ok,False,False,
default,interactive-discover-1,discover,1,2,2,1,1,c4499554f796e968a069e67a8f5d9d1c,1362,0.7342143906020557,85.0,1,497,497,False,ok,False,False,
default,interactive-discover-1,discover,1,3,2,14,14,6c0a9fe8be642ee232c10c9996912b97,1547,9.049773755656108,59.0,14,567,656,False,ok,False,False,
default,interactive-discover-1,discover,1,4,2,8,8,7536d3a2c1abc2a9ac92b1860efa3282,2519,3.1758634378721715,89.0,8,637,850,False,ok,False,False,
default,interactive-discover-1,discover,1,0,3,6,6,d632b8166f912f4afd062d64186f2dc6,2826,2.1231422505307855,101.0,6,513,2721,False,ok,False,False,
default,interactive-discover-1,discover,1,1,3,4,4,e00f199d535cd1710bf9be67f04f39e4,1560,2.564102564102564,99.0,4,454,481,False,ok,False,False,
default,interactive-discover-1,discover,1,2,3,1,1,c4499554f796e968a069e67a8f5d9d1c,1463,0.683526999316473,85.0,1,443,443,False,ok,False,False,
default,interactive-discover-1,discover,1,3,3,14,14,6c0a9fe8be642ee232c10c9996912b97,1460,9.589041095890412,59.0,14,728,854,False,ok,False,False,
default,interactive-discover-1,discover,1,4,3,8,8,7536d3a2c1abc2a9ac92b1860efa3282,2406,3.3250207813798833,89.0,8,557,665,False,ok,False,False,
default,interactive-discover-1,discover,1,0,4,6,6,d632b8166f912f4afd062d64186f2dc6,2781,2.157497303128371,101.0,6,524,2683,False,ok,False,False,
default,interactive-discover-1,discover,1,1,4,4,4,e00f199d535cd1710bf9be67f04f39e4,1517,2.636783124588003,99.0,4,451,630,False,ok,False,False,
default,interactive-discover-1,discover,1,2,4,1,1,c4499554f796e968a069e67a8f5d9d1c,1365,0.7326007326007326,85.0,1,432,432,False,ok,False,False,
default,interactive-discover-1,discover,1,3,4,14,14,6c0a9fe8be642ee232c10c9996912b97,1396,10.02865329512894,59.0,14,481,491,False,ok,False,False,
default,interactive-discover-1,discover,1,4,4,8,8,7536d3a2c1abc2a9ac92b1860efa3282,2652,3.0165912518853695,89.0,8,629,702,False,ok,False,False,
default,interactive-discover-1,discover,1,0,5,6,6,d632b8166f912f4afd062d64186f2dc6,2273,2.6396832380114383,101.0,6,603,2172,False,ok,False,False,
default,interactive-discover-1,discover,1,1,5,4,4,e00f199d535cd1710bf9be67f04f39e4,1231,3.249390739236393,99.0,4,424,446,False,ok,False,False,
default,interactive-discover-1,discover,1,2,5,1,1,c4499554f796e968a069e67a8f5d9d1c,1112,0.8992805755395683,85.0,1,423,423,False,ok,False,False,
default,interactive-discover-1,discover,1,3,5,14,14,6c0a9fe8be642ee232c10c9996912b97,1370,10.21897810218978,59.0,14,518,526,False,ok,False,False,
default,interactive-discover-1,discover,1,4,5,8,8,7536d3a2c1abc2a9ac92b1860efa3282,2155,3.712296983758701,89.0,8,555,854,False,ok,False,False,
default,interactive-discover-2,discover,2,0,0,66,66,18ff3becda1d7305aaa0da5860ca7511,2905,22.719449225473323,101.0,66,910,2904,False,ok,False,False,
default,interactive-discover-2,discover,2,1,0,46,46,f6a5ba863b07324a44f8e492bf9ab0e1,1243,37.00724054706355,99.0,46,449,1242,False,ok,False,False,
default,interactive-discover-2,discover,2,2,0,32,32,113587781a953fec190d8e3339b06c26,1067,29.99062792877226,85.0,32,431,733,False,ok,False,False,
default,interactive-discover-2,discover,2,3,0,198,198,23320e2cdf40e8165aa7fdff74171184,1540,128.57142857142856,59.0,198,775,1539,False,ok,False,False,
default,interactive-discover-2,discover,2,4,0,98,98,a7ea80830c1f3358609f53e0ce62fd9a,2591,37.82323427248166,89.0,98,811,1788,False,ok,False,False,
default,interactive-discover-2,discover,2,0,1,66,66,18ff3becda1d7305aaa0da5860ca7511,2756,23.947750362844705,101.0,66,943,2756,False,ok,False,False,
default,interactive-discover-2,discover,2,1,1,46,46,f6a5ba863b07324a44f8e492bf9ab0e1,1280,35.9375,99.0,46,445,955,False,ok,False,False,
default,interactive-discover-2,discover,2,2,1,32,32,113587781a953fec190d8e3339b06c26,1145,27.94759825327511,85.0,32,426,704,False,ok,False,False,
default,interactive-discover-2,discover,2,3,1,198,198,23320e2cdf40e8165aa7fdff74171184,1617,122.44897959183673,59.0,198,426,1617,False,ok,False,False,
default,interactive-discover-2,discover,2,4,1,98,98,a7ea80830c1f3358609f53e0ce62fd9a,2439,40.18040180401804,89.0,98,635,1600,False,ok,False,False,
default,interactive-discover-2,discover,2,0,2,66,66,18ff3becda1d7305aaa0da5860ca7511,2549,25.892506865437426,101.0,66,999,2549,False,ok,False,False,
default,interactive-discover-2,discover,2,1,2,46,46,f6a5ba863b07324a44f8e492bf9ab0e1,1232,37.33766233766234,99.0,46,493,814,False,ok,False,False,
default,interactive-discover-2,discover,2,2,2,32,32,113587781a953fec190d8e3339b06c26,1042,30.71017274472169,85.0,32,426,761,False,ok,False,False,
default,interactive-discover-2,discover,2,3,2,198,198,23320e2cdf40e8165aa7fdff74171184,1569,126.19502868068834,59.0,198,431,1568,False,ok,False,False,
default,interactive-discover-2,discover,2,4,2,98,98,a7ea80830c1f3358609f53e0ce62fd9a,2672,36.67664670658682,89.0,98,782,1661,False,ok,False,False,
default,interactive-discover-2,discover,2,0,3,66,66,18ff3becda1d7305aaa0da5860ca7511,2415,27.32919254658385,101.0,66,899,2415,False,ok,False,False,
default,interactive-discover-2,discover,2,1,3,46,46,f6a5ba863b07324a44f8e492bf9ab0e1,1183,38.88419273034658,99.0,46,414,929,False,ok,False,False,
default,interactive-discover-2,discover,2,2,3,32,32,113587781a953fec190d8e3339b06c26,1070,29.906542056074766,85.0,32,419,753,False,ok,False,False,
default,interactive-discover-2,discover,2,3,3,198,198,23320e2cdf40e8165aa7fdff74171184,1526,129.75098296199212,59.0,198,534,1525,False,ok,False,False,
default,interactive-discover-2,discover,2,4,3,98,98,a7ea80830c1f3358609f53e0ce62fd9a,2553,38.38621229925578,89.0,98,646,1699,False,ok,False,False,
default,interactive-discover-2,discover,2,0,4,66,66,18ff3becda1d7305aaa0da5860ca7511,2460,26.829268292682926,101.0,66,718,2459,False,ok,False,False,
default,interactive-discover-2,discover,2,1,4,46,46,f6a5ba863b07324a44f8e492bf9ab0e1,1176,39.1156462585034,99.0,46,444,887,False,ok,False,False,
default,interactive-discover-2,discover,2,2,4,32,32,113587781a953fec190d8e3339b06c26,1025,31.219512195121954,85.0,32,420,686,False,ok,False,False,
default,interactive-discover-2,discover,2,3,4,198,198,23320e2cdf40e8165aa7fdff74171184,1776,111.48648648648648,59.0,198,442,1776,False,ok,False,False,
default,interactive-discover-2,discover,2,4,4,98,98,a7ea80830c1f3358609f53e0ce62fd9a,2585,37.9110251450677,89.0,98,980,1708,False,ok,False,False,
default,interactive-discover-2,discover,2,0,5,66,66,18ff3becda1d7305aaa0da5860ca7511,2521,26.180087266957557,101.0,66,754,2520,False,ok,False,False,
default,interactive-discover-2,discover,2,1,5,46,46,f6a5ba863b07324a44f8e492bf9ab0e1,1155,39.82683982683982,99.0,46,460,973,False,ok,False,False,
default,interactive-discover-2,discover,2,2,5,32,32,113587781a953fec190d8e3339b06c26,1027,31.158714703018504,85.0,32,447,778,False,ok,False,False,
default,interactive-discover-2,discover,2,3,5,198,198,23320e2cdf40e8165aa7fdff74171184,1803,109.81697171381032,59.0,198,925,1802,False,ok,False,False,
default,interactive-discover-2,discover,2,4,5,98,98,a7ea80830c1f3358609f53e0ce62fd9a,2478,39.548022598870055,89.0,98,821,1640,False,ok,False,False,
default,interactive-discover-3,discover,3,0,0,68,68,e9f9c6f077dd7a85180d21221150597a,115690,0.5877776817356729,353.0,68,115688,115689,False,ok,False,False,
default,interactive-discover-3,discover,3,1,0,66,66,bf39c452faf678539dd6bec9f8931c5e,113339,0.5823238249852213,355.0,66,113336,113338,False,ok,False,False,
default,interactive-discover-3,discover,3,2,0,54,54,c6f1026b5b378b95fed1b609efe82a86,94446,0.5717552887364208,253.0,54,94445,94446,False,ok,False,False,
default,interactive-discover-3,discover,3,3,0,196,196,3103aacb8c0b38645fd73f8b05191c84,188176,1.0415780971005868,471.0,196,188160,188175,False,ok,False,False,
default,interactive-discover-3,discover,3,4,0,137,137,922f2cfc8273304ad1f823de44367223,136485,1.003773308422171,391.0,137,136482,136484,False,ok,False,False,
default,interactive-discover-3,discover,3,0,1,68,68,e9f9c6f077dd7a85180d21221150597a,115067,0.5909600493625453,353.0,68,115065,115066,False,ok,False,False,
default,interactive-discover-3,discover,3,1,1,66,66,bf39c452faf678539dd6bec9f8931c5e,114334,0.5772561092938233,355.0,66,114332,114334,False,ok,False,False,
default,interactive-discover-3,discover,3,2,1,54,54,c6f1026b5b378b95fed1b609efe82a86,95500,0.5654450261780105,253.0,54,95498,95499,False,ok,False,False,
default,interactive-discover-3,discover,3,3,1,196,196,3103aacb8c0b38645fd73f8b05191c84,187166,1.047198743361508,471.0,196,187156,187165,False,ok,False,False,
default,interactive-discover-3,discover,3,4,1,137,137,922f2cfc8273304ad1f823de44367223,133306,1.0277106806895413,391.0,137,133247,133305,False,ok,False,False,
default,interactive-discover-3,discover,3,0,2,68,68,e9f9c6f077dd7a85180d21221150597a,113997,0.5965069256208497,353.0,68,113996,113997,False,ok,False,False,
default,interactive-discover-3,discover,3,1,2,66,66,bf39c452faf678539dd6bec9f8931c5e,118527,0.5568351514844719,355.0,66,118523,118526,False,ok,False,False,
default,interactive-discover-3,discover,3,2,2,54,54,c6f1026b5b378b95fed1b609efe82a86,94044,0.5741993109608269,253.0,54,94042,94043,False,ok,False,False,
default,interactive-discover-3,discover,3,3,2,196,196,3103aacb8c0b38645fd73f8b05191c84,190637,1.028131999559372,471.0,196,190557,190636,False,ok,False,False,
default,interactive-discover-3,discover,3,4,2,137,137,922f2cfc8273304ad1f823de44367223,131796,1.0394852651066802,391.0,137,131792,131795,False,ok,False,False,
default,interactive-discover-3,discover,3,0,3,68,68,e9f9c6f077dd7a85180d21221150597a,113832,0.5973715651135006,353.0,68,113831,113832,False,ok,False,False,
default,interactive-discover-3,discover,3,1,3,0,0,d41d8cd98f00b204e9800998ecf8427e,300107,0.0,,0,,,True,timeout,True,True,"Unexpected ""!"" at position 0 in state STOP"
default,interactive-discover-3,discover,3,2,3,54,54,c6f1026b5b378b95fed1b609efe82a86,95765,0.5638803320628623,253.0,54,95763,95765,False,ok,False,False,
default,interactive-discover-3,discover,3,3,3,0,0,d41d8cd98f00b204e9800998ecf8427e,300104,0.0,,0,,,True,timeout,True,True,"Unexpected ""!"" at position 0 in state STOP"
default,interactive-discover-3,discover,3,4,3,137,137,922f2cfc8273304ad1f823de44367223,135796,1.0088662405372766,391.0,137,135793,135795,False,ok,False,False,
default,interactive-discover-3,discover,3,0,4,68,68,e9f9c6f077dd7a85180d21221150597a,114826,0.5922003727378817,353.0,68,114823,114826,False,ok,False,False,
default,interactive-discover-3,discover,3,1,4,66,66,bf39c452faf678539dd6bec9f8931c5e,112404,0.5871677164513719,355.0,66,112402,112403,False,ok,False,False,
default,interactive-discover-3,discover,3,2,4,54,54,c6f1026b5b378b95fed1b609efe82a86,91245,0.5918132500410981,253.0,54,91242,91244,False,ok,False,False,
default,interactive-discover-3,discover,3,3,4,196,196,3103aacb8c0b38645fd73f8b05191c84,186468,1.0511186906064311,471.0,196,186458,186467,False,ok,False,False,
default,interactive-discover-3,discover,3,4,4,137,137,922f2cfc8273304ad1f823de44367223,131478,1.041999421956525,391.0,137,131474,131476,False,ok,False,False,
default,interactive-discover-3,discover,3,0,5,68,68,e9f9c6f077dd7a85180d21221150597a,110315,0.6164166251189774,353.0,68,110314,110315,False,ok,False,False,
default,interactive-discover-3,discover,3,1,5,66,66,bf39c452faf678539dd6bec9f8931c5e,110452,0.5975446347734763,355.0,66,110450,110452,False,ok,False,False,
default,interactive-discover-3,discover,3,2,5,54,54,c6f1026b5b378b95fed1b609efe82a86,90410,0.5972790620506582,253.0,54,90407,90409,False,ok,False,False,
default,interactive-discover-3,discover,3,3,5,196,196,3103aacb8c0b38645fd73f8b05191c84,181917,1.0774144252598712,471.0,196,181903,181917,False,ok,False,False,
default,interactive-discover-3,discover,3,4,5,137,137,922f2cfc8273304ad1f823de44367223,132596,1.03321367160397,391.0,137,132592,132595,False,ok,False,False,
default,interactive-discover-4,discover,4,0,0,5,5,3112eede040aaa01aedc457789eed356,3173,1.5757957768673179,133.0,5,3172,3172,False,ok,False,False,
default,interactive-discover-4,discover,4,1,0,3,3,cd6f381a6281527b1dbda2f21a1a702a,1545,1.941747572815534,107.0,3,1544,1544,False,ok,False,False,
default,interactive-discover-4,discover,4,2,0,3,3,ed1ebad4adf97e9e94be0ca88af2d8bb,1367,2.194586686174104,93.0,3,1367,1367,False,ok,False,False,
default,interactive-discover-4,discover,4,3,0,3,3,16a10be88d7ff874026ce66a4e993ecb,2192,1.3686131386861313,69.0,3,2192,2192,False,ok,False,False,
default,interactive-discover-4,discover,4,4,0,7,7,d0ef3bb68aa278a8f97f329adee97dd8,2808,2.492877492877493,129.0,7,2807,2807,False,ok,False,False,
default,interactive-discover-4,discover,4,0,1,5,5,3112eede040aaa01aedc457789eed356,2718,1.839587932303164,133.0,5,2717,2717,False,ok,False,False,
default,interactive-discover-4,discover,4,1,1,3,3,cd6f381a6281527b1dbda2f21a1a702a,1314,2.2831050228310503,107.0,3,1314,1314,False,ok,False,False,
default,interactive-discover-4,discover,4,2,1,3,3,ed1ebad4adf97e9e94be0ca88af2d8bb,1193,2.5146689019279127,93.0,3,1193,1193,False,ok,False,False,
default,interactive-discover-4,discover,4,3,1,3,3,16a10be88d7ff874026ce66a4e993ecb,1937,1.5487867836861124,69.0,3,1937,1937,False,ok,False,False,
default,interactive-discover-4,discover,4,4,1,7,7,d0ef3bb68aa278a8f97f329adee97dd8,2734,2.560351133869788,129.0,7,2733,2734,False,ok,False,False,
default,interactive-discover-4,discover,4,0,2,5,5,3112eede040aaa01aedc457789eed356,2593,1.9282684149633629,133.0,5,2593,2593,False,ok,False,False,
default,interactive-discover-4,discover,4,1,2,3,3,cd6f381a6281527b1dbda2f21a1a702a,1252,2.3961661341853033,107.0,3,1251,1252,False,ok,False,False,
default,interactive-discover-4,discover,4,2,2,3,3,ed1ebad4adf97e9e94be0ca88af2d8bb,1204,2.4916943521594686,93.0,3,1204,1204,False,ok,False,False,
default,interactive-discover-4,discover,4,3,2,3,3,16a10be88d7ff874026ce66a4e993ecb,1914,1.567398119122257,69.0,3,1914,1914,False,ok,False,False,
default,interactive-discover-4,discover,4,4,2,7,7,d0ef3bb68aa278a8f97f329adee97dd8,2582,2.7110766847405112,129.0,7,2581,2581,False,ok,False,False,
default,interactive-discover-4,discover,4,0,3,5,5,3112eede040aaa01aedc457789eed356,2712,1.8436578171091444,133.0,5,2711,2711,False,ok,False,False,
default,interactive-discover-4,discover,4,1,3,3,3,cd6f381a6281527b1dbda2f21a1a702a,1379,2.1754894851341553,107.0,3,1379,1379,False,ok,False,False,
default,interactive-discover-4,discover,4,2,3,3,3,ed1ebad4adf97e9e94be0ca88af2d8bb,1248,2.4038461538461537,93.0,3,1248,1248,False,ok,False,False,
default,interactive-discover-4,discover,4,3,3,3,3,16a10be88d7ff874026ce66a4e993ecb,1798,1.668520578420467,69.0,3,1797,1797,False,ok,False,False,
default,interactive-discover-4,discover,4,4,3,7,7,d0ef3bb68aa278a8f97f329adee97dd8,2755,2.540834845735027,129.0,7,2754,2754,False,ok,False,False,
default,interactive-discover-4,discover,4,0,4,5,5,3112eede040aaa01aedc457789eed356,2551,1.960015680125441,133.0,5,2550,2550,False,ok,False,False,
default,interactive-discover-4,discover,4,1,4,3,3,cd6f381a6281527b1dbda2f21a1a702a,1286,2.332814930015552,107.0,3,1285,1285,False,ok,False,False,
default,interactive-discover-4,discover,4,2,4,3,3,ed1ebad4adf97e9e94be0ca88af2d8bb,1233,2.4330900243309,93.0,3,1233,1233,False,ok,False,False,
default,interactive-discover-4,discover,4,3,4,3,3,16a10be88d7ff874026ce66a4e993ecb,1619,1.8529956763434219,69.0,3,1619,1619,False,ok,False,False,
default,interactive-discover-4,discover,4,4,4,7,7,d0ef3bb68aa278a8f97f329adee97dd8,2576,2.717391304347826,129.0,7,2575,2575,False,ok,False,False,
default,interactive-discover-4,discover,4,0,5,5,5,3112eede040aaa01aedc457789eed356,2644,1.8910741301059,133.0,5,2643,2643,False,ok,False,False,
default,interactive-discover-4,discover,4,1,5,3,3,cd6f381a6281527b1dbda2f21a1a702a,1362,2.202643171806167,107.0,3,1362,1362,False,ok,False,False,
default,interactive-discover-4,discover,4,2,5,3,3,ed1ebad4adf97e9e94be0ca88af2d8bb,1204,2.4916943521594686,93.0,3,1204,1204,False,ok,False,False,
default,interactive-discover-4,discover,4,3,5,3,3,16a10be88d7ff874026ce66a4e993ecb,1625,1.8461538461538463,69.0,3,1624,1624,False,ok,False,False,
default,interactive-discover-4,discover,4,4,5,7,7,d0ef3bb68aa278a8f97f329adee97dd8,2768,2.5289017341040463,129.0,7,2767,2767,False,ok,False,False,
default,interactive-discover-5,discover,5,0,0,15,15,cab888487e7572de37a55f0e8c3ec060,1672,8.971291866028709,101.0,15,711,1670,False,ok,False,False,
default,interactive-discover-5,discover,5,1,0,3,3,7fc43bb183e4fb0238576536413c6c45,1284,2.336448598130841,99.0,3,626,799,False,ok,False,False,
default,interactive-discover-5,discover,5,2,0,3,3,2543010e761cb36b6f0c3e103e58af43,1145,2.6200873362445414,85.0,3,527,786,False,ok,False,False,
default,interactive-discover-5,discover,5,3,0,4,4,76fc6cfa5c07ff3011e9f2d7ac2ae7e0,1070,3.7383177570093458,59.0,4,528,997,False,ok,False,False,
default,interactive-discover-5,discover,5,4,0,20,20,880a30fb8a9114b4807acb78d9e7d141,1687,11.855364552459987,89.0,20,645,1639,False,ok,False,False,
default,interactive-discover-5,discover,5,0,1,15,15,cab888487e7572de37a55f0e8c3ec060,1544,9.71502590673575,101.0,15,473,1543,False,ok,False,False,
default,interactive-discover-5,discover,5,1,1,3,3,7fc43bb183e4fb0238576536413c6c45,1254,2.3923444976076556,99.0,3,520,783,False,ok,False,False,
default,interactive-discover-5,discover,5,2,1,3,3,2543010e761cb36b6f0c3e103e58af43,1130,2.6548672566371683,85.0,3,515,679,False,ok,False,False,
default,interactive-discover-5,discover,5,3,1,4,4,76fc6cfa5c07ff3011e9f2d7ac2ae7e0,1176,3.4013605442176873,59.0,4,574,1175,False,ok,False,False,
default,interactive-discover-5,discover,5,4,1,20,20,880a30fb8a9114b4807acb78d9e7d141,1530,13.071895424836601,89.0,20,617,1529,False,ok,False,False,
default,interactive-discover-5,discover,5,0,2,15,15,cab888487e7572de37a55f0e8c3ec060,1567,9.572431397574984,101.0,15,465,1566,False,ok,False,False,
default,interactive-discover-5,discover,5,1,2,3,3,7fc43bb183e4fb0238576536413c6c45,1250,2.4,99.0,3,569,728,False,ok,False,False,
default,interactive-discover-5,discover,5,2,2,3,3,2543010e761cb36b6f0c3e103e58af43,1151,2.6064291920069502,85.0,3,544,651,False,ok,False,False,
default,interactive-discover-5,discover,5,3,2,4,4,76fc6cfa5c07ff3011e9f2d7ac2ae7e0,1105,3.6199095022624435,59.0,4,541,556,False,ok,False,False,
default,interactive-discover-5,discover,5,4,2,20,20,880a30fb8a9114b4807acb78d9e7d141,2932,6.8212824010914055,89.0,20,1978,2931,False,ok,False,False,
default,interactive-discover-5,discover,5,0,3,15,15,cab888487e7572de37a55f0e8c3ec060,1478,10.148849797023004,101.0,15,608,1477,False,ok,False,False,
default,interactive-discover-5,discover,5,1,3,3,3,7fc43bb183e4fb0238576536413c6c45,1820,1.6483516483516483,99.0,3,509,860,False,ok,False,False,
default,interactive-discover-5,discover,5,2,3,3,3,2543010e761cb36b6f0c3e103e58af43,1169,2.5662959794696323,85.0,3,534,705,False,ok,False,False,
default,interactive-discover-5,discover,5,3,3,4,4,76fc6cfa5c07ff3011e9f2d7ac2ae7e0,1169,3.4217279726261762,59.0,4,559,573,False,ok,False,False,
default,interactive-discover-5,discover,5,4,3,20,20,880a30fb8a9114b4807acb78d9e7d141,1556,12.853470437017995,89.0,20,620,1553,False,ok,False,False,
default,interactive-discover-5,discover,5,0,4,15,15,cab888487e7572de37a55f0e8c3ec060,1504,9.97340425531915,101.0,15,547,1496,False,ok,False,False,
default,interactive-discover-5,discover,5,1,4,3,3,7fc43bb183e4fb0238576536413c6c45,1243,2.413515687851971,99.0,3,527,771,False,ok,False,False,
default,interactive-discover-5,discover,5,2,4,3,3,2543010e761cb36b6f0c3e103e58af43,1194,2.512562814070352,85.0,3,631,730,False,ok,False,False,
default,interactive-discover-5,discover,5,3,4,4,4,76fc6cfa5c07ff3011e9f2d7ac2ae7e0,1166,3.430531732418525,59.0,4,534,1165,False,ok,False,False,
default,interactive-discover-5,discover,5,4,4,20,20,880a30fb8a9114b4807acb78d9e7d141,1510,13.245033112582782,89.0,20,561,1508,False,ok,False,False,
default,interactive-discover-5,discover,5,0,5,15,15,cab888487e7572de37a55f0e8c3ec060,1867,8.034279592929835,101.0,15,610,1780,False,ok,False,False,
default,interactive-discover-5,discover,5,1,5,3,3,7fc43bb183e4fb0238576536413c6c45,1260,2.380952380952381,99.0,3,548,624,False,ok,False,False,
default,interactive-discover-5,discover,5,2,5,3,3,2543010e761cb36b6f0c3e103e58af43,1113,2.6954177897574123,85.0,3,571,619,False,ok,False,False,
default,interactive-discover-5,discover,5,3,5,4,4,76fc6cfa5c07ff3011e9f2d7ac2ae7e0,1078,3.7105751391465676,59.0,4,549,793,False,ok,False,False,
default,interactive-discover-5,discover,5,4,5,20,20,880a30fb8a9114b4807acb78d9e7d141,1396,14.326647564469916,89.0,20,465,1384,False,ok,False,False,
default,interactive-discover-6,discover,6,0,0,33,33,240c19f39eed1e3ac67718ff57b63a0d,300106,0.10996114706137165,,33,1183,15887,True,timeout,True,False,"Unexpected ""!"" at position 0 in state STOP"
default,interactive-discover-6,discover,6,1,0,1,1,cd3466cc43b32ce51d8f13d5516f2ef2,2646,0.3779289493575208,99.0,1,1183,1183,False,ok,False,False,
default,interactive-discover-6,discover,6,2,0,1,1,29960679941029d6a70f26d6904d3728,1544,0.6476683937823834,85.0,1,1362,1362,False,ok,False,False,
default,interactive-discover-6,discover,6,3,0,2,2,dda32920d34bcd8a1bf9ed13c89c4b4d,147563,0.013553533067232303,10465.0,2,1382,1406,False,ok,False,False,
default,interactive-discover-6,discover,6,4,0,27,27,613936d3d666a311d54e99e3a8f9cdad,3023,8.931524975190207,89.0,27,1617,3022,False,ok,False,False,
default,interactive-discover-6,discover,6,0,1,33,33,240c19f39eed1e3ac67718ff57b63a0d,300107,0.10996078065489974,,33,1409,13802,True,timeout,True,False,"Unexpected ""!"" at position 0 in state STOP"
default,interactive-discover-6,discover,6,1,1,1,1,cd3466cc43b32ce51d8f13d5516f2ef2,2572,0.38880248833592534,99.0,1,2187,2187,False,ok,False,False,
default,interactive-discover-6,discover,6,2,1,1,1,29960679941029d6a70f26d6904d3728,1504,0.6648936170212766,85.0,1,1391,1391,False,ok,False,False,
default,interactive-discover-6,discover,6,3,1,2,2,dda32920d34bcd8a1bf9ed13c89c4b4d,146042,0.013694690568466606,10465.0,2,2408,2418,False,ok,False,False,
default,interactive-discover-6,discover,6,4,1,27,27,613936d3d666a311d54e99e3a8f9cdad,3738,7.223113964686998,89.0,27,1681,3500,False,ok,False,False,
default,interactive-discover-6,discover,6,0,2,33,33,240c19f39eed1e3ac67718ff57b63a0d,300106,0.10996114706137165,,33,1720,17319,True,timeout,True,False,"Unexpected ""!"" at position 0 in state STOP"
default,interactive-discover-6,discover,6,1,2,1,1,cd3466cc43b32ce51d8f13d5516f2ef2,2324,0.43029259896729777,99.0,1,1937,1937,False,ok,False,False,
default,interactive-discover-6,discover,6,2,2,1,1,29960679941029d6a70f26d6904d3728,1419,0.704721634954193,85.0,1,1333,1333,False,ok,False,False,
default,interactive-discover-6,discover,6,3,2,2,2,dda32920d34bcd8a1bf9ed13c89c4b4d,136184,0.01468601304117958,10465.0,2,1694,1703,False,ok,False,False,
default,interactive-discover-6,discover,6,4,2,27,27,613936d3d666a311d54e99e3a8f9cdad,3594,7.512520868113523,89.0,27,2091,3594,False,ok,False,False,
default,interactive-discover-6,discover,6,0,3,33,33,240c19f39eed1e3ac67718ff57b63a0d,300085,0.10996884216138761,,33,1634,15208,True,timeout,True,False,"Unexpected ""!"" at position 0 in state STOP"
default,interactive-discover-6,discover,6,1,3,1,1,cd3466cc43b32ce51d8f13d5516f2ef2,2549,0.39231071008238527,99.0,1,1552,1552,False,ok,False,False,
default,interactive-discover-6,discover,6,2,3,1,1,29960679941029d6a70f26d6904d3728,1512,0.6613756613756614,85.0,1,1396,1396,False,ok,False,False,
default,interactive-discover-6,discover,6,3,3,2,2,dda32920d34bcd8a1bf9ed13c89c4b4d,139064,0.01438186734165564,10465.0,2,1391,1391,False,ok,False,False,
default,interactive-discover-6,discover,6,4,3,27,27,613936d3d666a311d54e99e3a8f9cdad,3009,8.97308075772682,89.0,27,1626,3008,False,ok,False,False,
default,interactive-discover-6,discover,6,0,4,33,33,240c19f39eed1e3ac67718ff57b63a0d,300108,0.10996041425086968,,33,1400,40212,True,timeout,True,False,"Unexpected ""!"" at position 0 in state STOP"
default,interactive-discover-6,discover,6,1,4,1,1,cd3466cc43b32ce51d8f13d5516f2ef2,2391,0.41823504809703055,99.0,1,1692,1692,False,ok,False,False,
default,interactive-discover-6,discover,6,2,4,1,1,29960679941029d6a70f26d6904d3728,1387,0.7209805335255948,85.0,1,1381,1381,False,ok,False,False,
default,interactive-discover-6,discover,6,3,4,2,2,dda32920d34bcd8a1bf9ed13c89c4b4d,139789,0.014307277396647807,10465.0,2,1249,1289,False,ok,False,False,
default,interactive-discover-6,discover,6,4,4,27,27,613936d3d666a311d54e99e3a8f9cdad,3009,8.97308075772682,89.0,27,1613,3008,False,ok,False,False,
default,interactive-discover-6,discover,6,0,5,33,33,240c19f39eed1e3ac67718ff57b63a0d,300107,0.10996078065489974,,33,3231,33462,True,timeout,True,False,"Unexpected ""!"" at position 0 in state STOP"
default,interactive-discover-6,discover,6,1,5,1,1,cd3466cc43b32ce51d8f13d5516f2ef2,2500,0.4,99.0,1,2230,2230,False,ok,False,False,
default,interactive-discover-6,discover,6,2,5,1,1,29960679941029d6a70f26d6904d3728,1331,0.7513148009015778,85.0,1,1248,1248,False,ok,False,False,
default,interactive-discover-6,discover,6,3,5,2,2,dda32920d34bcd8a1bf9ed13c89c4b4d,143465,0.013940682396403304,10465.0,2,1405,1412,False,ok,False,False,
default,interactive-discover-6,discover,6,4,5,27,27,613936d3d666a311d54e99e3a8f9cdad,3630,7.43801652892562,89.0,27,1991,3454,False,ok,False,False,
default,interactive-discover-7,discover,7,0,0,1,1,f56a157457e1eb9b6878c540d54eec98,300110,0.003332111559094998,,1,1705,1705,True,timeout,True,False,"Unexpected ""!"" at position 0 in state STOP"
default,interactive-discover-7,discover,7,1,0,1,1,75ab2bd12ac1e16dcc02f8c9e8d97308,2264,0.441696113074205,99.0,1,2094,2094,False,ok,False,False,
default,interactive-discover-7,discover,7,2,0,1,1,faf54113a5297c559416a2dd78b9cc86,1427,0.7007708479327259,85.0,1,1424,1424,False,ok,False,False,
default,interactive-discover-7,discover,7,3,0,1,1,f3ca7f0b9ca7d5740a3318e4be0d03ac,300011,0.003333211115592428,,1,1473,1473,True,timeout,True,False,"Unexpected ""!"" at position 0 in state STOP"
default,interactive-discover-7,discover,7,4,0,1,1,3ee14484ce425fdbae40700cdd59c0d2,5425,0.18433179723502305,89.0,1,3182,3182,False,ok,False,False,
default,interactive-discover-7,discover,7,0,1,1,1,f56a157457e1eb9b6878c540d54eec98,300014,0.003333177785036698,,1,2602,2602,True,timeout,True,False,"Unexpected ""!"" at position 0 in state STOP"
default,interactive-discover-7,discover,7,1,1,1,1,75ab2bd12ac1e16dcc02f8c9e8d97308,2658,0.3762227238525207,99.0,1,1497,1497,False,ok,False,False,
default,interactive-discover-7,discover,7,2,1,1,1,faf54113a5297c559416a2dd78b9cc86,1414,0.7072135785007072,85.0,1,1411,1411,False,ok,False,False,
default,interactive-discover-7,discover,7,3,1,1,1,f3ca7f0b9ca7d5740a3318e4be0d03ac,300009,0.003333233336333243,,1,2703,2703,True,timeout,True,False,"Unexpected ""!"" at position 0 in state STOP"
default,interactive-discover-7,discover,7,4,1,1,1,3ee14484ce425fdbae40700cdd59c0d2,5844,0.17111567419575632,89.0,1,3504,3504,False,ok,False,False,
default,interactive-discover-7,discover,7,0,2,1,1,f56a157457e1eb9b6878c540d54eec98,300014,0.003333177785036698,,1,2180,2180,True,timeout,True,False,"Unexpected ""!"" at position 0 in state STOP"
default,interactive-discover-7,discover,7,1,2,1,1,75ab2bd12ac1e16dcc02f8c9e8d97308,2356,0.4244482173174873,99.0,1,1771,1771,False,ok,False,False,
default,interactive-discover-7,discover,7,2,2,1,1,faf54113a5297c559416a2dd78b9cc86,1416,0.7062146892655368,85.0,1,1318,1318,False,ok,False,False,
default,interactive-discover-7,discover,7,3,2,2,2,d2faccc09255b3a49e90b46ed45ffe1d,300020,0.006666222251849877,,2,2367,7681,True,timeout,True,False,"Unexpected ""!"" at position 0 in state STOP"
default,interactive-discover-7,discover,7,4,2,1,1,3ee14484ce425fdbae40700cdd59c0d2,5893,0.16969285593076533,89.0,1,3015,3015,False,ok,False,False,
default,interactive-discover-7,discover,7,0,3,1,1,f56a157457e1eb9b6878c540d54eec98,300014,0.003333177785036698,,1,1836,1836,True,timeout,True,False,"Unexpected ""!"" at position 0 in state STOP"
default,interactive-discover-7,discover,7,1,3,1,1,75ab2bd12ac1e16dcc02f8c9e8d97308,2430,0.4115226337448559,99.0,1,2195,2195,False,ok,False,False,
default,interactive-discover-7,discover,7,2,3,1,1,faf54113a5297c559416a2dd78b9cc86,1519,0.6583278472679395,85.0,1,1295,1295,False,ok,False,False,
default,interactive-discover-7,discover,7,3,3,1,1,f3ca7f0b9ca7d5740a3318e4be0d03ac,300031,0.003332988924477804,,1,2569,2569,True,timeout,True,False,"Unexpected ""!"" at position 0 in state STOP"
default,interactive-discover-7,discover,7,4,3,1,1,3ee14484ce425fdbae40700cdd59c0d2,6266,0.15959144589849983,89.0,1,2606,2606,False,ok,False,False,
default,interactive-discover-7,discover,7,0,4,1,1,f56a157457e1eb9b6878c540d54eec98,300034,0.0033329555983655185,,1,1981,1981,True,timeout,True,False,"Unexpected ""!"" at position 0 in state STOP"
default,interactive-discover-7,discover,7,1,4,1,1,75ab2bd12ac1e16dcc02f8c9e8d97308,2345,0.42643923240938164,99.0,1,1653,1653,False,ok,False,False,
default,interactive-discover-7,discover,7,2,4,1,1,faf54113a5297c559416a2dd78b9cc86,1482,0.6747638326585695,85.0,1,1288,1288,False,ok,False,False,
default,interactive-discover-7,discover,7,3,4,1,1,f3ca7f0b9ca7d5740a3318e4be0d03ac,300119,0.0033320116353846305,,1,2357,2357,True,timeout,True,False,"Unexpected ""!"" at position 0 in state STOP"
default,interactive-discover-7,discover,7,4,4,1,1,3ee14484ce425fdbae40700cdd59c0d2,5834,0.17140898183064793,89.0,1,2832,2832,False,ok,False,False,
default,interactive-discover-7,discover,7,0,5,2,2,d8614c4f7b4fe0cc2f1623d07244cf20,300013,0.006666377790295754,,2,1178,67316,True,timeout,True,False,"Unexpected ""!"" at position 0 in state STOP"
default,interactive-discover-7,discover,7,1,5,1,1,75ab2bd12ac1e16dcc02f8c9e8d97308,2219,0.45065344749887337,99.0,1,1814,1814,False,ok,False,False,
default,interactive-discover-7,discover,7,2,5,1,1,faf54113a5297c559416a2dd78b9cc86,1553,0.6439150032195751,85.0,1,1552,1552,False,ok,False,False,
default,interactive-discover-7,discover,7,3,5,1,1,f3ca7f0b9ca7d5740a3318e4be0d03ac,300013,0.003333188895147877,,1,1243,1243,True,timeout,True,False,"Unexpected ""!"" at position 0 in state STOP"
default,interactive-discover-7,discover,7,4,5,1,1,3ee14484ce425fdbae40700cdd59c0d2,5715,0.17497812773403326,89.0,1,2939,2939,False,ok,False,False,
default,interactive-discover-8,discover,8,0,0,10,10,6073b72780811ed1c88620c3acd67577,11400,0.8771929824561403,35.0,10,8919,9945,False,ok,False,False,
default,interactive-discover-8,discover,8,1,0,10,10,94c08ac69169941707291254297ea93a,7212,1.3865779256794233,32.0,10,5493,6786,False,ok,False,False,
default,interactive-discover-8,discover,8,2,0,10,10,3576737d99d5db141cc483627030e4a9,30011,0.33321115590949985,64.0,10,654,29058,False,ok,False,False,
default,interactive-discover-8,discover,8,3,0,10,10,2ef5138ab25b49ea390e459465d4d1c7,48027,0.20821621171424406,44.0,10,34175,46278,False,ok,False,False,
default,interactive-discover-8,discover,8,4,0,10,10,23c130de23bea69938bb4f437757e794,22542,0.4436163605713778,43.0,10,17117,21437,False,ok,False,False,
default,interactive-discover-8,discover,8,0,1,10,10,6e0556f5f0292e1072cb49e9c81104dd,8838,1.1314777098891153,36.0,10,6830,8391,False,ok,False,False,
default,interactive-discover-8,discover,8,1,1,10,10,24705be8609f663433936085ee471513,6496,1.5394088669950738,29.0,10,4536,6018,False,ok,False,False,
default,interactive-discover-8,discover,8,2,1,10,10,3576737d99d5db141cc483627030e4a9,27986,0.35732151790180805,64.0,10,638,26899,False,ok,False,False,
default,interactive-discover-8,discover,8,3,1,10,10,ab85bee9584fba5f31c2a6c1ab8780c7,50994,0.19610150213750638,45.0,10,31603,44517,False,ok,False,False,
default,interactive-discover-8,discover,8,4,1,10,10,23c130de23bea69938bb4f437757e794,17788,0.5621767483696875,40.0,10,13381,16714,False,ok,False,False,
default,interactive-discover-8,discover,8,0,2,10,10,c61b9bb0c0f0de0a1ec7fe0094be99a1,9002,1.110864252388358,35.0,10,6936,8516,False,ok,False,False,
default,interactive-discover-8,discover,8,1,2,10,10,274c1a7526f7a435e29ae642db14f5e7,5760,1.7361111111111112,29.0,10,3762,5359,False,ok,False,False,
default,interactive-discover-8,discover,8,2,2,10,10,3576737d99d5db141cc483627030e4a9,28015,0.35695163305372124,65.0,10,667,27123,False,ok,False,False,
default,interactive-discover-8,discover,8,3,2,10,10,2ef5138ab25b49ea390e459465d4d1c7,42420,0.23573785950023574,45.0,10,26537,40853,False,ok,False,False,
default,interactive-discover-8,discover,8,4,2,10,10,beefd514c448ebff0716dc42693fdcf1,19461,0.5138482092389909,45.0,10,10784,18538,False,ok,False,False,
default,interactive-discover-8,discover,8,0,3,10,10,851da6e3388e03fb83d9ff722f47b01a,8452,1.183151916706105,30.0,10,5878,7351,False,ok,False,False,
default,interactive-discover-8,discover,8,1,3,10,10,94c08ac69169941707291254297ea93a,6601,1.5149219815179518,30.0,10,5486,6183,False,ok,False,False,
default,interactive-discover-8,discover,8,2,3,10,10,94a54c3802e76d05f87945eda8ed9d68,26768,0.3735803945008966,64.0,10,658,25907,False,ok,False,False,
default,interactive-discover-8,discover,8,3,3,10,10,2ef5138ab25b49ea390e459465d4d1c7,45510,0.21973192704900024,44.0,10,27819,43912,False,ok,False,False,
default,interactive-discover-8,discover,8,4,3,10,10,beefd514c448ebff0716dc42693fdcf1,17054,0.5863726984871585,42.0,10,10768,16263,False,ok,False,False,
default,interactive-discover-8,discover,8,0,4,10,10,6e0556f5f0292e1072cb49e9c81104dd,8394,1.1913271384322135,36.0,10,6257,7927,False,ok,False,False,
default,interactive-discover-8,discover,8,1,4,10,10,94c08ac69169941707291254297ea93a,8254,1.2115338017930701,31.0,10,5167,6886,False,ok,False,False,
default,interactive-discover-8,discover,8,2,4,10,10,3576737d99d5db141cc483627030e4a9,28109,0.3557579422960617,63.0,10,760,27089,False,ok,False,False,
default,interactive-discover-8,discover,8,3,4,10,10,2ef5138ab25b49ea390e459465d4d1c7,40878,0.24463036352072018,43.0,10,28194,38530,False,ok,False,False,
default,interactive-discover-8,discover,8,4,4,10,10,23c130de23bea69938bb4f437757e794,22425,0.4459308807134894,45.0,10,16618,19501,False,ok,False,False,
default,interactive-discover-8,discover,8,0,5,10,10,4b20d690aedced775a0388c1cf2d3c36,7774,1.2863390789812195,31.0,10,6007,7231,False,ok,False,False,
default,interactive-discover-8,discover,8,1,5,10,10,94c08ac69169941707291254297ea93a,7705,1.2978585334198571,34.0,10,4419,7219,False,ok,False,False,
default,interactive-discover-8,discover,8,2,5,10,10,3576737d99d5db141cc483627030e4a9,29096,0.3436898542755018,65.0,10,491,28207,False,ok,False,False,
default,interactive-discover-8,discover,8,3,5,10,10,2ef5138ab25b49ea390e459465d4d1c7,42896,0.2331219694143976,41.0,10,27837,37637,False,ok,False,False,
default,interactive-discover-8,discover,8,4,5,10,10,beefd514c448ebff0716dc42693fdcf1,19731,0.5068166844052506,46.0,10,13790,18884,False,ok,False,False,
default,interactive-short-1,short,1,0,0,1,1,6b641713c69378408c911f18ba9ba38b,2051,0.4875670404680643,103.0,1,337,337,False,ok,False,False,
default,interactive-short-1,short,1,1,0,1,1,f02ab3570928d3fc74a51ceb7a4a39ac,1445,0.6920415224913494,101.0,1,337,337,False,ok,False,False,
default,interactive-short-1,short,1,2,0,1,1,ff4ea17b4281fdba2a7a842efe3a722a,1316,0.7598784194528875,87.0,1,335,335,False,ok,False,False,
default,interactive-short-1,short,1,3,0,1,1,64191c6d5f502dc3f35888f44214ade1,1151,0.8688097306689835,61.0,1,368,368,False,ok,False,False,
default,interactive-short-1,short,1,4,0,1,1,d8972c3dd7a9ab1cc6d9b0773f1037c3,1282,0.7800312012480499,91.0,1,354,354,False,ok,False,False,
default,interactive-short-1,short,1,0,1,1,1,6b641713c69378408c911f18ba9ba38b,1436,0.6963788300835655,103.0,1,335,335,False,ok,False,False,
default,interactive-short-1,short,1,1,1,1,1,f02ab3570928d3fc74a51ceb7a4a39ac,1218,0.8210180623973727,101.0,1,332,332,False,ok,False,False,
default,interactive-short-1,short,1,2,1,1,1,ff4ea17b4281fdba2a7a842efe3a722a,1122,0.89126559714795,87.0,1,339,339,False,ok,False,False,
default,interactive-short-1,short,1,3,1,1,1,64191c6d5f502dc3f35888f44214ade1,905,1.1049723756906078,61.0,1,307,307,False,ok,False,False,
default,interactive-short-1,short,1,4,1,1,1,d8972c3dd7a9ab1cc6d9b0773f1037c3,1390,0.7194244604316548,91.0,1,346,346,False,ok,False,False,
default,interactive-short-1,short,1,0,2,1,1,6b641713c69378408c911f18ba9ba38b,1369,0.7304601899196493,103.0,1,332,332,False,ok,False,False,
default,interactive-short-1,short,1,1,2,1,1,f02ab3570928d3fc74a51ceb7a4a39ac,1216,0.8223684210526316,101.0,1,311,311,False,ok,False,False,
default,interactive-short-1,short,1,2,2,1,1,ff4ea17b4281fdba2a7a842efe3a722a,1111,0.9000900090009001,87.0,1,332,332,False,ok,False,False,
default,interactive-short-1,short,1,3,2,1,1,64191c6d5f502dc3f35888f44214ade1,959,1.0427528675703859,61.0,1,354,354,False,ok,False,False,
default,interactive-short-1,short,1,4,2,1,1,d8972c3dd7a9ab1cc6d9b0773f1037c3,1353,0.7390983000739099,91.0,1,351,351,False,ok,False,False,
default,interactive-short-1,short,1,0,3,1,1,6b641713c69378408c911f18ba9ba38b,1409,0.7097232079488999,103.0,1,319,319,False,ok,False,False,
default,interactive-short-1,short,1,1,3,1,1,f02ab3570928d3fc74a51ceb7a4a39ac,1206,0.8291873963515755,101.0,1,315,315,False,ok,False,False,
default,interactive-short-1,short,1,2,3,1,1,ff4ea17b4281fdba2a7a842efe3a722a,1121,0.8920606601248885,87.0,1,326,326,False,ok,False,False,
default,interactive-short-1,short,1,3,3,1,1,64191c6d5f502dc3f35888f44214ade1,1050,0.9523809523809523,61.0,1,327,327,False,ok,False,False,
default,interactive-short-1,short,1,4,3,1,1,d8972c3dd7a9ab1cc6d9b0773f1037c3,1942,0.5149330587023687,91.0,1,317,317,False,ok,False,False,
default,interactive-short-1,short,1,0,4,1,1,6b641713c69378408c911f18ba9ba38b,1399,0.7147962830593281,103.0,1,326,326,False,ok,False,False,
default,interactive-short-1,short,1,1,4,1,1,f02ab3570928d3fc74a51ceb7a4a39ac,1202,0.831946755407654,101.0,1,299,299,False,ok,False,False,
default,interactive-short-1,short,1,2,4,1,1,ff4ea17b4281fdba2a7a842efe3a722a,1106,0.9041591320072332,87.0,1,331,331,False,ok,False,False,
default,interactive-short-1,short,1,3,4,1,1,64191c6d5f502dc3f35888f44214ade1,926,1.079913606911447,61.0,1,311,311,False,ok,False,False,
default,interactive-short-1,short,1,4,4,1,1,d8972c3dd7a9ab1cc6d9b0773f1037c3,1306,0.7656967840735068,91.0,1,351,351,False,ok,False,False,
default,interactive-short-1,short,1,0,5,1,1,6b641713c69378408c911f18ba9ba38b,1420,0.7042253521126761,103.0,1,324,324,False,ok,False,False,
default,interactive-short-1,short,1,1,5,1,1,f02ab3570928d3fc74a51ceb7a4a39ac,1208,0.8278145695364238,101.0,1,338,338,False,ok,False,False,
default,interactive-short-1,short,1,2,5,1,1,ff4ea17b4281fdba2a7a842efe3a722a,1099,0.9099181073703367,87.0,1,331,331,False,ok,False,False,
default,interactive-short-1,short,1,3,5,1,1,64191c6d5f502dc3f35888f44214ade1,1029,0.9718172983479106,61.0,1,348,348,False,ok,False,False,
default,interactive-short-1,short,1,4,5,1,1,d8972c3dd7a9ab1cc6d9b0773f1037c3,1345,0.7434944237918216,91.0,1,324,324,False,ok,False,False,
default,interactive-short-2,short,2,0,0,0,0,d41d8cd98f00b204e9800998ecf8427e,300105,0.0,,0,,,True,timeout,True,True,"Unexpected ""!"" at position 0 in state STOP"
default,interactive-short-2,short,2,1,0,0,0,d41d8cd98f00b204e9800998ecf8427e,300136,0.0,,0,,,True,timeout,True,True,"Unexpected ""!"" at position 0 in state STOP"
default,interactive-short-2,short,2,2,0,0,0,d41d8cd98f00b204e9800998ecf8427e,300056,0.0,,0,,,True,timeout,True,True,"Unexpected ""!"" at position 0 in state STOP"
default,interactive-short-2,short,2,3,0,0,0,d41d8cd98f00b204e9800998ecf8427e,300107,0.0,,0,,,True,timeout,True,True,"Unexpected ""!"" at position 0 in state STOP"
default,interactive-short-2,short,2,4,0,0,0,d41d8cd98f00b204e9800998ecf8427e,300271,0.0,,0,,,True,timeout,True,True,"Unexpected ""!"" at position 0 in state STOP"
default,interactive-short-2,short,2,0,1,0,0,d41d8cd98f00b204e9800998ecf8427e,300108,0.0,,0,,,True,timeout,True,True,"Unexpected ""!"" at position 0 in state STOP"
default,interactive-short-2,short,2,1,1,0,0,d41d8cd98f00b204e9800998ecf8427e,300109,0.0,,0,,,True,timeout,True,True,"Unexpected ""!"" at position 0 in state STOP"
default,interactive-short-2,short,2,2,1,0,0,d41d8cd98f00b204e9800998ecf8427e,300111,0.0,,0,,,True,timeout,True,True,"Unexpected ""!"" at position 0 in state STOP"
default,interactive-short-2,short,2,3,1,0,0,d41d8cd98f00b204e9800998ecf8427e,300075,0.0,,0,,,True,timeout,True,True,"Unexpected ""!"" at position 0 in state STOP"
default,interactive-short-2,short,2,4,1,0,0,d41d8cd98f00b204e9800998ecf8427e,300107,0.0,,0,,,True,timeout,True,True,"Unexpected ""!"" at position 0 in state STOP"
default,interactive-short-2,short,2,0,2,0,0,d41d8cd98f00b204e9800998ecf8427e,300108,0.0,,0,,,True,timeout,True,True,"Unexpected ""!"" at position 0 in state STOP"
default,interactive-short-2,short,2,1,2,0,0,d41d8cd98f00b204e9800998ecf8427e,300111,0.0,,0,,,True,timeout,True,True,"Unexpected ""!"" at position 0 in state STOP"
default,interactive-short-2,short,2,2,2,0,0,d41d8cd98f00b204e9800998ecf8427e,300109,0.0,,0,,,True,timeout,True,True,"Unexpected ""!"" at position 0 in state STOP"
default,interactive-short-2,short,2,3,2,0,0,d41d8cd98f00b204e9800998ecf8427e,300166,0.0,,0,,,True,timeout,True,True,"Unexpected ""!"" at position 0 in state STOP"
default,interactive-short-2,short,2,4,2,0,0,d41d8cd98f00b204e9800998ecf8427e,300112,0.0,,0,,,True,timeout,True,True,"Unexpected ""!"" at position 0 in state STOP"
default,interactive-short-2,short,2,0,3,0,0,d41d8cd98f00b204e9800998ecf8427e,300117,0.0,,0,,,True,timeout,True,True,"Unexpected ""!"" at position 0 in state STOP"
default,interactive-short-2,short,2,1,3,0,0,d41d8cd98f00b204e9800998ecf8427e,300122,0.0,,0,,,True,timeout,True,True,"Unexpected ""!"" at position 0 in state STOP"
default,interactive-short-2,short,2,2,3,0,0,d41d8cd98f00b204e9800998ecf8427e,300111,0.0,,0,,,True,timeout,True,True,"Unexpected ""!"" at position 0 in state STOP"
default,interactive-short-2,short,2,3,3,0,0,d41d8cd98f00b204e9800998ecf8427e,300110,0.0,,0,,,True,timeout,True,True,"Unexpected ""!"" at position 0 in state STOP"
default,interactive-short-2,short,2,4,3,0,0,d41d8cd98f00b204e9800998ecf8427e,300131,0.0,,0,,,True,timeout,True,True,"Unexpected ""!"" at position 0 in state STOP"
default,interactive-short-2,short,2,0,4,0,0,d41d8cd98f00b204e9800998ecf8427e,300109,0.0,,0,,,True,timeout,True,True,"Unexpected ""!"" at position 0 in state STOP"
default,interactive-short-2,short,2,1,4,0,0,d41d8cd98f00b204e9800998ecf8427e,300099,0.0,,0,,,True,timeout,True,True,"Unexpected ""!"" at position 0 in state STOP"
default,interactive-short-2,short,2,2,4,0,0,d41d8cd98f00b204e9800998ecf8427e,300129,0.0,,0,,,True,timeout,True,True,"Unexpected ""!"" at position 0 in state STOP"
default,interactive-short-2,short,2,3,4,0,0,d41d8cd98f00b204e9800998ecf8427e,300108,0.0,,0,,,True,timeout,True,True,"Unexpected ""!"" at position 0 in state STOP"
default,interactive-short-2,short,2,4,4,0,0,d41d8cd98f00b204e9800998ecf8427e,300137,0.0,,0,,,True,timeout,True,True,"Unexpected ""!"" at position 0 in state STOP"
default,interactive-short-2,short,2,0,5,0,0,d41d8cd98f00b204e9800998ecf8427e,300085,0.0,,0,,,True,timeout,True,True,"Unexpected ""!"" at position 0 in state STOP"
default,interactive-short-2,short,2,1,5,0,0,d41d8cd98f00b204e9800998ecf8427e,300107,0.0,,0,,,True,timeout,True,True,"Unexpected ""!"" at position 0 in state STOP"
default,interactive-short-2,short,2,2,5,0,0,d41d8cd98f00b204e9800998ecf8427e,300120,0.0,,0,,,True,timeout,True,True,"Unexpected ""!"" at position 0 in state STOP"
default,interactive-short-2,short,2,3,5,0,0,d41d8cd98f00b204e9800998ecf8427e,300110,0.0,,0,,,True,timeout,True,True,"Unexpected ""!"" at position 0 in state STOP"
default,interactive-short-2,short,2,4,5,0,0,d41d8cd98f00b204e9800998ecf8427e,300109,0.0,,0,,,True,timeout,True,True,"Unexpected ""!"" at position 0 in state STOP"
default,interactive-short-3,short,3,0,0,0,0,d41d8cd98f00b204e9800998ecf8427e,300132,0.0,,0,,,True,timeout,True,True,"Unexpected ""!"" at position 0 in state STOP"
default,interactive-short-3,short,3,1,0,0,0,d41d8cd98f00b204e9800998ecf8427e,300630,0.0,,0,,,True,timeout,True,True,terminated
default,interactive-short-3,short,3,2,0,0,0,d41d8cd98f00b204e9800998ecf8427e,300191,0.0,,0,,,True,timeout,True,True,"Unexpected ""!"" at position 0 in state STOP"
default,interactive-short-3,short,3,3,0,0,0,d41d8cd98f00b204e9800998ecf8427e,300118,0.0,,0,,,True,timeout,True,True,"Unexpected ""!"" at position 0 in state STOP"
default,interactive-short-3,short,3,4,0,0,0,d41d8cd98f00b204e9800998ecf8427e,300171,0.0,,0,,,True,timeout,True,True,"Unexpected ""!"" at position 0 in state STOP"
default,interactive-short-3,short,3,0,1,0,0,d41d8cd98f00b204e9800998ecf8427e,300660,0.0,,0,,,True,timeout,True,True,terminated
default,interactive-short-3,short,3,1,1,0,0,d41d8cd98f00b204e9800998ecf8427e,300078,0.0,,0,,,True,timeout,True,True,"Unexpected ""!"" at position 0 in state STOP"
default,interactive-short-3,short,3,2,1,0,0,d41d8cd98f00b204e9800998ecf8427e,300657,0.0,,0,,,True,timeout,True,True,terminated
default,interactive-short-3,short,3,3,1,0,0,d41d8cd98f00b204e9800998ecf8427e,300171,0.0,,0,,,True,timeout,True,True,"Unexpected ""!"" at position 0 in state STOP"
default,interactive-short-3,short,3,4,1,0,0,d41d8cd98f00b204e9800998ecf8427e,300158,0.0,,0,,,True,timeout,True,True,"Unexpected ""!"" at position 0 in state STOP"
default,interactive-short-3,short,3,0,2,0,0,d41d8cd98f00b204e9800998ecf8427e,300103,0.0,,0,,,True,timeout,True,True,"Unexpected ""!"" at position 0 in state STOP"
default,interactive-short-3,short,3,1,2,0,0,d41d8cd98f00b204e9800998ecf8427e,300643,0.0,,0,,,True,timeout,True,True,terminated
default,interactive-short-3,short,3,2,2,0,0,d41d8cd98f00b204e9800998ecf8427e,300585,0.0,,0,,,True,timeout,True,True,terminated
default,interactive-short-3,short,3,3,2,0,0,d41d8cd98f00b204e9800998ecf8427e,300151,0.0,,0,,,True,timeout,True,True,"Unexpected ""!"" at position 0 in state STOP"
default,interactive-short-3,short,3,4,2,0,0,d41d8cd98f00b204e9800998ecf8427e,300179,0.0,,0,,,True,timeout,True,True,"Unexpected ""!"" at position 0 in state STOP"
default,interactive-short-3,short,3,0,3,0,0,d41d8cd98f00b204e9800998ecf8427e,300176,0.0,,0,,,True,timeout,True,True,"Unexpected ""!"" at position 0 in state STOP"
default,interactive-short-3,short,3,1,3,0,0,d41d8cd98f00b204e9800998ecf8427e,300152,0.0,,0,,,True,timeout,True,True,"Unexpected ""!"" at position 0 in state STOP"
default,interactive-short-3,short,3,2,3,0,0,d41d8cd98f00b204e9800998ecf8427e,300145,0.0,,0,,,True,timeout,True,True,"Unexpected ""!"" at position 0 in state STOP"
default,interactive-short-3,short,3,3,3,0,0,d41d8cd98f00b204e9800998ecf8427e,300126,0.0,,0,,,True,timeout,True,True,"Unexpected ""!"" at position 0 in state STOP"
default,interactive-short-3,short,3,4,3,0,0,d41d8cd98f00b204e9800998ecf8427e,300235,0.0,,0,,,True,timeout,True,True,"Unexpected ""!"" at position 0 in state STOP"
default,interactive-short-3,short,3,0,4,0,0,d41d8cd98f00b204e9800998ecf8427e,300237,0.0,,0,,,True,timeout,True,True,"Unexpected ""!"" at position 0 in state STOP"
default,interactive-short-3,short,3,1,4,0,0,d41d8cd98f00b204e9800998ecf8427e,300625,0.0,,0,,,True,timeout,True,True,terminated
default,interactive-short-3,short,3,2,4,0,0,d41d8cd98f00b204e9800998ecf8427e,300213,0.0,,0,,,True,timeout,True,True,"Unexpected ""!"" at position 0 in state STOP"
default,interactive-short-3,short,3,3,4,0,0,d41d8cd98f00b204e9800998ecf8427e,300629,0.0,,0,,,True,timeout,True,True,terminated
default,interactive-short-3,short,3,4,4,0,0,d41d8cd98f00b204e9800998ecf8427e,300124,0.0,,0,,,True,timeout,True,True,"Unexpected ""!"" at position 0 in state STOP"
default,interactive-short-3,short,3,0,5,0,0,d41d8cd98f00b204e9800998ecf8427e,300226,0.0,,0,,,True,timeout,True,True,"Unexpected ""!"" at position 0 in state STOP"
default,interactive-short-3,short,3,1,5,0,0,d41d8cd98f00b204e9800998ecf8427e,300650,0.0,,0,,,True,timeout,True,True,terminated
default,interactive-short-3,short,3,2,5,0,0,d41d8cd98f00b204e9800998ecf8427e,300580,0.0,,0,,,True,timeout,True,True,terminated
default,interactive-short-3,short,3,3,5,0,0,d41d8cd98f00b204e9800998ecf8427e,300192,0.0,,0,,,True,timeout,True,True,"Unexpected ""!"" at position 0 in state STOP"
default,interactive-short-3,short,3,4,5,0,0,d41d8cd98f00b204e9800998ecf8427e,300257,0.0,,0,,,True,timeout,True,True,"Unexpected ""!"" at position 0 in state STOP"
default,interactive-short-4,short,4,0,0,1,1,be952defdc6bff97ab1d2bd30503bd7a,413,2.4213075060532687,2.0,1,285,285,False,ok,False,False,
default,interactive-short-4,short,4,1,0,1,1,c7f96e08adf5efcc4ad5302bc4ebe30f,269,3.717472118959108,2.0,1,152,152,False,ok,False,False,
default,interactive-short-4,short,4,2,0,1,1,b14fe4f20ab576f2bf485f4d72fc2332,756,1.3227513227513228,26.0,1,390,390,False,ok,False,False,
default,interactive-short-4,short,4,3,0,1,1,c114679689014713f0be71d73de99a0b,965,1.0362694300518136,36.0,1,365,365,False,ok,False,False,
default,interactive-short-4,short,4,4,0,1,1,c93535a997dcc3e3b4e497b89e662936,240,4.166666666666667,2.0,1,126,126,False,ok,False,False,
default,interactive-short-4,short,4,0,1,1,1,be952defdc6bff97ab1d2bd30503bd7a,217,4.6082949308755765,2.0,1,117,117,False,ok,False,False,
default,interactive-short-4,short,4,1,1,1,1,c7f96e08adf5efcc4ad5302bc4ebe30f,218,4.587155963302752,2.0,1,116,116,False,ok,False,False,
default,interactive-short-4,short,4,2,1,1,1,b14fe4f20ab576f2bf485f4d72fc2332,446,2.242152466367713,26.0,1,153,153,False,ok,False,False,
default,interactive-short-4,short,4,3,1,1,1,c114679689014713f0be71d73de99a0b,578,1.7301038062283738,36.0,1,190,190,False,ok,False,False,
default,interactive-short-4,short,4,4,1,1,1,c93535a997dcc3e3b4e497b89e662936,236,4.237288135593221,2.0,1,128,128,False,ok,False,False,
default,interactive-short-4,short,4,0,2,1,1,be952defdc6bff97ab1d2bd30503bd7a,218,4.587155963302752,2.0,1,120,120,False,ok,False,False,
default,interactive-short-4,short,4,1,2,1,1,c7f96e08adf5efcc4ad5302bc4ebe30f,229,4.366812227074235,2.0,1,119,119,False,ok,False,False,
default,interactive-short-4,short,4,2,2,1,1,b14fe4f20ab576f2bf485f4d72fc2332,486,2.05761316872428,26.0,1,163,163,False,ok,False,False,
default,interactive-short-4,short,4,3,2,1,1,c114679689014713f0be71d73de99a0b,556,1.7985611510791366,36.0,1,176,176,False,ok,False,False,
default,interactive-short-4,short,4,4,2,1,1,c93535a997dcc3e3b4e497b89e662936,219,4.566210045662101,2.0,1,125,125,False,ok,False,False,
default,interactive-short-4,short,4,0,3,1,1,be952defdc6bff97ab1d2bd30503bd7a,226,4.424778761061947,2.0,1,117,117,False,ok,False,False,
default,interactive-short-4,short,4,1,3,1,1,c7f96e08adf5efcc4ad5302bc4ebe30f,211,4.739336492890995,2.0,1,106,106,False,ok,False,False,
default,interactive-short-4,short,4,2,3,1,1,b14fe4f20ab576f2bf485f4d72fc2332,1195,0.8368200836820083,26.0,1,144,144,False,ok,False,False,
default,interactive-short-4,short,4,3,3,1,1,c114679689014713f0be71d73de99a0b,566,1.76678445229682,36.0,1,178,178,False,ok,False,False,
default,interactive-short-4,short,4,4,3,1,1,c93535a997dcc3e3b4e497b89e662936,221,4.524886877828054,2.0,1,116,116,False,ok,False,False,
default,interactive-short-4,short,4,0,4,1,1,be952defdc6bff97ab1d2bd30503bd7a,232,4.310344827586206,2.0,1,116,116,False,ok,False,False,
default,interactive-short-4,short,4,1,4,1,1,c7f96e08adf5efcc4ad5302bc4ebe30f,225,4.444444444444445,2.0,1,125,125,False,ok,False,False,
default,interactive-short-4,short,4,2,4,1,1,b14fe4f20ab576f2bf485f4d72fc2332,460,2.1739130434782608,26.0,1,166,166,False,ok,False,False,
default,interactive-short-4,short,4,3,4,1,1,c114679689014713f0be71d73de99a0b,550,1.8181818181818181,36.0,1,175,175,False,ok,False,False,
default,interactive-short-4,short,4,4,4,1,1,c93535a997dcc3e3b4e497b89e662936,220,4.545454545454546,2.0,1,109,109,False,ok,False,False,
default,interactive-short-4,short,4,0,5,1,1,be952defdc6bff97ab1d2bd30503bd7a,204,4.901960784313726,2.0,1,102,102,False,ok,False,False,
default,interactive-short-4,short,4,1,5,1,1,c7f96e08adf5efcc4ad5302bc4ebe30f,219,4.566210045662101,2.0,1,108,108,False,ok,False,False,
default,interactive-short-4,short,4,2,5,1,1,b14fe4f20ab576f2bf485f4d72fc2332,469,2.1321961620469083,26.0,1,164,164,False,ok,False,False,
default,interactive-short-4,short,4,3,5,1,1,c114679689014713f0be71d73de99a0b,539,1.8552875695732838,36.0,1,174,174,False,ok,False,False,
default,interactive-short-4,short,4,4,5,1,1,c93535a997dcc3e3b4e497b89e662936,229,4.366812227074235,2.0,1,121,121,False,ok,False,False,
default,interactive-short-5,short,5,0,0,1,1,dc0e41612718b8e8febbfed0b6a81235,7033,0.14218683349921796,529.0,1,364,364,False,ok,False,False,
default,interactive-short-5,short,5,1,0,1,1,503ee1b279b823f2e5e6c3c7ad09348a,13624,0.0733998825601879,1111.0,1,367,367,False,ok,False,False,
default,interactive-short-5,short,5,2,0,1,1,f5c7036bdd812461f2fb5aae6b3ae925,47982,0.02084114876411988,4571.0,1,446,446,False,ok,False,False,
default,interactive-short-5,short,5,3,0,1,1,34828ddcb65169a440f3b93e10833a13,983,1.017293997965412,45.0,1,397,397,False,ok,False,False,
default,interactive-short-5,short,5,4,0,1,1,85635c1632159d9ccdaa8e67a0da19e7,5146,0.194325689856199,475.0,1,348,348,False,ok,False,False,
default,interactive-short-5,short,5,0,1,1,1,dc0e41612718b8e8febbfed0b6a81235,5644,0.1771793054571226,529.0,1,311,311,False,ok,False,False,
default,interactive-short-5,short,5,1,1,1,1,503ee1b279b823f2e5e6c3c7ad09348a,13215,0.07567158531971245,1111.0,1,334,334,False,ok,False,False,
default,interactive-short-5,short,5,2,1,1,1,f5c7036bdd812461f2fb5aae6b3ae925,47080,0.021240441801189464,4571.0,1,427,427,False,ok,False,False,
default,interactive-short-5,short,5,3,1,1,1,34828ddcb65169a440f3b93e10833a13,934,1.070663811563169,45.0,1,366,366,False,ok,False,False,
default,interactive-short-5,short,5,4,1,1,1,85635c1632159d9ccdaa8e67a0da19e7,5174,0.19327406262079627,475.0,1,360,360,False,ok,False,False,
default,interactive-short-5,short,5,0,2,1,1,dc0e41612718b8e8febbfed0b6a81235,5595,0.17873100983020554,529.0,1,315,315,False,ok,False,False,
default,interactive-short-5,short,5,1,2,1,1,503ee1b279b823f2e5e6c3c7ad09348a,13095,0.07636502481863307,1111.0,1,347,347,False,ok,False,False,
default,interactive-short-5,short,5,2,2,1,1,f5c7036bdd812461f2fb5aae6b3ae925,47805,0.0209183139838929,4571.0,1,449,449,False,ok,False,False,
default,interactive-short-5,short,5,3,2,1,1,34828ddcb65169a440f3b93e10833a13,1010,0.9900990099009901,45.0,1,420,420,False,ok,False,False,
default,interactive-short-5,short,5,4,2,1,1,85635c1632159d9ccdaa8e67a0da19e7,5221,0.1915341888527102,475.0,1,356,356,False,ok,False,False,
default,interactive-short-5,short,5,0,3,1,1,dc0e41612718b8e8febbfed0b6a81235,5607,0.17834849295523453,529.0,1,326,326,False,ok,False,False,
default,interactive-short-5,short,5,1,3,1,1,503ee1b279b823f2e5e6c3c7ad09348a,13194,0.07579202667879338,1111.0,1,348,348,False,ok,False,False,
default,interactive-short-5,short,5,2,3,1,1,f5c7036bdd812461f2fb5aae6b3ae925,48378,0.020670552730580015,4571.0,1,435,435,False,ok,False,False,
default,interactive-short-5,short,5,3,3,1,1,34828ddcb65169a440f3b93e10833a13,992,1.0080645161290323,45.0,1,408,408,False,ok,False,False,
default,interactive-short-5,short,5,4,3,1,1,85635c1632159d9ccdaa8e67a0da19e7,5132,0.19485580670303976,475.0,1,367,367,False,ok,False,False,
default,interactive-short-5,short,5,0,4,1,1,dc0e41612718b8e8febbfed0b6a81235,5720,0.17482517482517484,529.0,1,309,309,False,ok,False,False,
default,interactive-short-5,short,5,1,4,1,1,503ee1b279b823f2e5e6c3c7ad09348a,13212,0.07568876778686043,1111.0,1,366,366,False,ok,False,False,
default,interactive-short-5,short,5,2,4,1,1,f5c7036bdd812461f2fb5aae6b3ae925,48429,0.0206487848190134,4571.0,1,455,455,False,ok,False,False,
default,interactive-short-5,short,5,3,4,1,1,34828ddcb65169a440f3b93e10833a13,1035,0.9661835748792271,45.0,1,429,429,False,ok,False,False,
default,interactive-short-5,short,5,4,4,1,1,85635c1632159d9ccdaa8e67a0da19e7,5089,0.1965022597759874,475.0,1,326,326,False,ok,False,False,
default,interactive-short-5,short,5,0,5,1,1,dc0e41612718b8e8febbfed0b6a81235,5686,0.17587055926837847,529.0,1,319,319,False,ok,False,False,
default,interactive-short-5,short,5,1,5,1,1,503ee1b279b823f2e5e6c3c7ad09348a,13193,0.07579777154551656,1111.0,1,349,349,False,ok,False,False,
default,interactive-short-5,short,5,2,5,1,1,f5c7036bdd812461f2fb5aae6b3ae925,47700,0.020964360587002094,4571.0,1,439,439,False,ok,False,False,
default,interactive-short-5,short,5,3,5,1,1,34828ddcb65169a440f3b93e10833a13,1010,0.9900990099009901,45.0,1,424,424,False,ok,False,False,
default,interactive-short-5,short,5,4,5,1,1,85635c1632159d9ccdaa8e67a0da19e7,5295,0.18885741265344666,475.0,1,348,348,False,ok,False,False,
default,interactive-short-6,short,6,0,0,1,1,ba304a277e0c6fae635de35002222d91,300106,0.003332155971556717,,1,470,470,True,timeout,True,False,"Unexpected ""!"" at position 0 in state STOP"
default,interactive-short-6,short,6,1,0,1,1,e849f1a14477da933bfaa5ee561efce8,300113,0.0033320782505256354,,1,818,818,True,timeout,True,False,"Unexpected ""!"" at position 0 in state STOP"
default,interactive-short-6,short,6,2,0,0,0,d41d8cd98f00b204e9800998ecf8427e,300107,0.0,,0,,,True,timeout,True,True,"Unexpected ""!"" at position 0 in state STOP"
default,interactive-short-6,short,6,3,0,0,0,d41d8cd98f00b204e9800998ecf8427e,300219,0.0,,0,,,True,timeout,True,True,"Unexpected ""!"" at position 0 in state STOP"
default,interactive-short-6,short,6,4,0,0,0,d41d8cd98f00b204e9800998ecf8427e,300105,0.0,,0,,,True,timeout,True,True,"Unexpected ""!"" at position 0 in state STOP"
default,interactive-short-6,short,6,0,1,1,1,ba304a277e0c6fae635de35002222d91,300112,0.003332089353308098,,1,733,733,True,timeout,True,False,"Unexpected ""!"" at position 0 in state STOP"
default,interactive-short-6,short,6,1,1,1,1,e849f1a14477da933bfaa5ee561efce8,300112,0.003332089353308098,,1,798,798,True,timeout,True,False,"Unexpected ""!"" at position 0 in state STOP"
default,interactive-short-6,short,6,2,1,0,0,d41d8cd98f00b204e9800998ecf8427e,300097,0.0,,0,,,True,timeout,True,True,"Unexpected ""!"" at position 0 in state STOP"
default,interactive-short-6,short,6,3,1,0,0,d41d8cd98f00b204e9800998ecf8427e,300108,0.0,,0,,,True,timeout,True,True,"Unexpected ""!"" at position 0 in state STOP"
default,interactive-short-6,short,6,4,1,0,0,d41d8cd98f00b204e9800998ecf8427e,300116,0.0,,0,,,True,timeout,True,True,"Unexpected ""!"" at position 0 in state STOP"
default,interactive-short-6,short,6,0,2,1,1,ba304a277e0c6fae635de35002222d91,300111,0.0033321004561645525,,1,725,725,True,timeout,True,False,"Unexpected ""!"" at position 0 in state STOP"
default,interactive-short-6,short,6,1,2,1,1,e849f1a14477da933bfaa5ee561efce8,300112,0.003332089353308098,,1,894,894,True,timeout,True,False,"Unexpected ""!"" at position 0 in state STOP"
default,interactive-short-6,short,6,2,2,0,0,d41d8cd98f00b204e9800998ecf8427e,300109,0.0,,0,,,True,timeout,True,True,"Unexpected ""!"" at position 0 in state STOP"
default,interactive-short-6,short,6,3,2,0,0,d41d8cd98f00b204e9800998ecf8427e,300148,0.0,,0,,,True,timeout,True,True,"Unexpected ""!"" at position 0 in state STOP"
default,interactive-short-6,short,6,4,2,0,0,d41d8cd98f00b204e9800998ecf8427e,300109,0.0,,0,,,True,timeout,True,True,"Unexpected ""!"" at position 0 in state STOP"
default,interactive-short-6,short,6,0,3,1,1,ba304a277e0c6fae635de35002222d91,300113,0.0033320782505256354,,1,752,752,True,timeout,True,False,"Unexpected ""!"" at position 0 in state STOP"
default,interactive-short-6,short,6,1,3,1,1,e849f1a14477da933bfaa5ee561efce8,300112,0.003332089353308098,,1,842,842,True,timeout,True,False,"Unexpected ""!"" at position 0 in state STOP"
default,interactive-short-6,short,6,2,3,0,0,d41d8cd98f00b204e9800998ecf8427e,300021,0.0,,0,,,True,timeout,True,True,"Unexpected ""!"" at position 0 in state STOP"
default,interactive-short-6,short,6,3,3,0,0,d41d8cd98f00b204e9800998ecf8427e,300173,0.0,,0,,,True,timeout,True,True,"Unexpected ""!"" at position 0 in state STOP"
default,interactive-short-6,short,6,4,3,0,0,d41d8cd98f00b204e9800998ecf8427e,300111,0.0,,0,,,True,timeout,True,True,"Unexpected ""!"" at position 0 in state STOP"
default,interactive-short-6,short,6,0,4,1,1,ba304a277e0c6fae635de35002222d91,300108,0.003332133765177869,,1,785,785,True,timeout,True,False,"Unexpected ""!"" at position 0 in state STOP"
default,interactive-short-6,short,6,1,4,1,1,e849f1a14477da933bfaa5ee561efce8,300108,0.003332133765177869,,1,884,884,True,timeout,True,False,"Unexpected ""!"" at position 0 in state STOP"
default,interactive-short-6,short,6,2,4,0,0,d41d8cd98f00b204e9800998ecf8427e,300108,0.0,,0,,,True,timeout,True,True,"Unexpected ""!"" at position 0 in state STOP"
default,interactive-short-6,short,6,3,4,0,0,d41d8cd98f00b204e9800998ecf8427e,300111,0.0,,0,,,True,timeout,True,True,"Unexpected ""!"" at position 0 in state STOP"
default,interactive-short-6,short,6,4,4,0,0,d41d8cd98f00b204e9800998ecf8427e,300180,0.0,,0,,,True,timeout,True,True,"Unexpected ""!"" at position 0 in state STOP"
default,interactive-short-6,short,6,0,5,1,1,ba304a277e0c6fae635de35002222d91,300108,0.003332133765177869,,1,759,759,True,timeout,True,False,"Unexpected ""!"" at position 0 in state STOP"
default,interactive-short-6,short,6,1,5,1,1,e849f1a14477da933bfaa5ee561efce8,300111,0.0033321004561645525,,1,805,805,True,timeout,True,False,"Unexpected ""!"" at position 0 in state STOP"
default,interactive-short-6,short,6,2,5,0,0,d41d8cd98f00b204e9800998ecf8427e,300109,0.0,,0,,,True,timeout,True,True,"Unexpected ""!"" at position 0 in state STOP"
default,interactive-short-6,short,6,3,5,0,0,d41d8cd98f00b204e9800998ecf8427e,300107,0.0,,0,,,True,timeout,True,True,"Unexpected ""!"" at position 0 in state STOP"
default,interactive-short-6,short,6,4,5,0,0,d41d8cd98f00b204e9800998ecf8427e,300098,0.0,,0,,,True,timeout,True,True,"Unexpected ""!"" at position 0 in state STOP"
default,interactive-short-7,short,7,0,0,0,0,d41d8cd98f00b204e9800998ecf8427e,300113,0.0,,0,,,True,timeout,True,True,"Unexpected ""!"" at position 0 in state STOP"
default,interactive-short-7,short,7,1,0,0,0,d41d8cd98f00b204e9800998ecf8427e,300111,0.0,,0,,,True,timeout,True,True,"Unexpected ""!"" at position 0 in state STOP"
default,interactive-short-7,short,7,2,0,0,0,d41d8cd98f00b204e9800998ecf8427e,300149,0.0,,0,,,True,timeout,True,True,"Unexpected ""!"" at position 0 in state STOP"
default,interactive-short-7,short,7,3,0,0,0,d41d8cd98f00b204e9800998ecf8427e,300115,0.0,,0,,,True,timeout,True,True,"Unexpected ""!"" at position 0 in state STOP"
default,interactive-short-7,short,7,4,0,0,0,d41d8cd98f00b204e9800998ecf8427e,300647,0.0,,0,,,True,timeout,True,True,terminated
default,interactive-short-7,short,7,0,1,0,0,d41d8cd98f00b204e9800998ecf8427e,300112,0.0,,0,,,True,timeout,True,True,"Unexpected ""!"" at position 0 in state STOP"
default,interactive-short-7,short,7,1,1,0,0,d41d8cd98f00b204e9800998ecf8427e,300113,0.0,,0,,,True,timeout,True,True,"Unexpected ""!"" at position 0 in state STOP"
default,interactive-short-7,short,7,2,1,0,0,d41d8cd98f00b204e9800998ecf8427e,300080,0.0,,0,,,True,timeout,True,True,"Unexpected ""!"" at position 0 in state STOP"
default,interactive-short-7,short,7,3,1,0,0,d41d8cd98f00b204e9800998ecf8427e,300112,0.0,,0,,,True,timeout,True,True,"Unexpected ""!"" at position 0 in state STOP"
default,interactive-short-7,short,7,4,1,0,0,d41d8cd98f00b204e9800998ecf8427e,300113,0.0,,0,,,True,timeout,True,True,"Unexpected ""!"" at position 0 in state STOP"
default,interactive-short-7,short,7,0,2,0,0,d41d8cd98f00b204e9800998ecf8427e,300020,0.0,,0,,,True,timeout,True,True,"Unexpected ""!"" at position 0 in state STOP"
default,interactive-short-7,short,7,1,2,0,0,d41d8cd98f00b204e9800998ecf8427e,300113,0.0,,0,,,True,timeout,True,True,"Unexpected ""!"" at position 0 in state STOP"
default,interactive-short-7,short,7,2,2,0,0,d41d8cd98f00b204e9800998ecf8427e,300112,0.0,,0,,,True,timeout,True,True,"Unexpected ""!"" at position 0 in state STOP"
default,interactive-short-7,short,7,3,2,0,0,d41d8cd98f00b204e9800998ecf8427e,300113,0.0,,0,,,True,timeout,True,True,"Unexpected ""!"" at position 0 in state STOP"
default,interactive-short-7,short,7,4,2,0,0,d41d8cd98f00b204e9800998ecf8427e,300110,0.0,,0,,,True,timeout,True,True,"Unexpected ""!"" at position 0 in state STOP"
default,interactive-short-7,short,7,0,3,0,0,d41d8cd98f00b204e9800998ecf8427e,300112,0.0,,0,,,True,timeout,True,True,"Unexpected ""!"" at position 0 in state STOP"
default,interactive-short-7,short,7,1,3,0,0,d41d8cd98f00b204e9800998ecf8427e,300630,0.0,,0,,,True,timeout,True,True,terminated
default,interactive-short-7,short,7,2,3,0,0,d41d8cd98f00b204e9800998ecf8427e,300111,0.0,,0,,,True,timeout,True,True,"Unexpected ""!"" at position 0 in state STOP"
default,interactive-short-7,short,7,3,3,0,0,d41d8cd98f00b204e9800998ecf8427e,300112,0.0,,0,,,True,timeout,True,True,"Unexpected ""!"" at position 0 in state STOP"
default,interactive-short-7,short,7,4,3,0,0,d41d8cd98f00b204e9800998ecf8427e,300113,0.0,,0,,,True,timeout,True,True,"Unexpected ""!"" at position 0 in state STOP"
default,interactive-short-7,short,7,0,4,0,0,d41d8cd98f00b204e9800998ecf8427e,300112,0.0,,0,,,True,timeout,True,True,"Unexpected ""!"" at position 0 in state STOP"
default,interactive-short-7,short,7,1,4,0,0,d41d8cd98f00b204e9800998ecf8427e,300112,0.0,,0,,,True,timeout,True,True,"Unexpected ""!"" at position 0 in state STOP"
default,interactive-short-7,short,7,2,4,0,0,d41d8cd98f00b204e9800998ecf8427e,300037,0.0,,0,,,True,timeout,True,True,"Unexpected ""!"" at position 0 in state STOP"
default,interactive-short-7,short,7,3,4,0,0,d41d8cd98f00b204e9800998ecf8427e,300113,0.0,,0,,,True,timeout,True,True,"Unexpected ""!"" at position 0 in state STOP"
default,interactive-short-7,short,7,4,4,0,0,d41d8cd98f00b204e9800998ecf8427e,300209,0.0,,0,,,True,timeout,True,True,"Unexpected ""!"" at position 0 in state STOP"
default,interactive-short-7,short,7,0,5,0,0,d41d8cd98f00b204e9800998ecf8427e,300111,0.0,,0,,,True,timeout,True,True,"Unexpected ""!"" at position 0 in state STOP"
default,interactive-short-7,short,7,1,5,0,0,d41d8cd98f00b204e9800998ecf8427e,300112,0.0,,0,,,True,timeout,True,True,"Unexpected ""!"" at position 0 in state STOP"
default,interactive-short-7,short,7,2,5,0,0,d41d8cd98f00b204e9800998ecf8427e,300112,0.0,,0,,,True,timeout,True,True,"Unexpected ""!"" at position 0 in state STOP"
default,interactive-short-7,short,7,3,5,0,0,d41d8cd98f00b204e9800998ecf8427e,300113,0.0,,0,,,True,timeout,True,True,"Unexpected ""!"" at position 0 in state STOP"
default,interactive-short-7,short,7,4,5,0,0,d41d8cd98f00b204e9800998ecf8427e,300111,0.0,,0,,,True,timeout,True,True,"Unexpected ""!"" at position 0 in state STOP"
