engine,template,family,template_index,instance,replication,results,delivered,hash,time_ms,throughput_per_s,http_requests,n_timestamps,first_result_ms,last_result_ms,failed,failure_kind,timed_out,empty_result,error
default,interactive-discover-1,discover,1,0,0,6,6,d632b8166f912f4afd062d64186f2dc6,6546,0.916590284142988,103.0,6,2122,6330,False,ok,False,False,
default,interactive-discover-1,discover,1,1,0,4,4,e00f199d535cd1710bf9be67f04f39e4,2211,1.8091361374943467,101.0,4,564,568,False,ok,False,False,
default,interactive-discover-1,discover,1,2,0,1,1,c4499554f796e968a069e67a8f5d9d1c,1555,0.6430868167202572,87.0,1,510,510,False,ok,False,False,
default,interactive-discover-1,discover,1,3,0,14,14,6c0a9fe8be642ee232c10c9996912b97,2128,6.578947368421052,61.0,14,594,603,False,ok,False,False,
default,interactive-discover-1,discover,1,4,0,8,8,7536d3a2c1abc2a9ac92b1860efa3282,3873,2.0655822359927702,91.0,8,1441,1570,False,ok,False,False,
default,interactive-discover-1,discover,1,0,1,6,6,d632b8166f912f4afd062d64186f2dc6,2978,2.0147750167897915,103.0,6,765,2828,False,ok,False,False,
default,interactive-discover-1,discover,1,1,1,4,4,e00f199d535cd1710bf9be67f04f39e4,1371,2.917578409919767,101.0,4,501,543,False,ok,False,False,
default,interactive-discover-1,discover,1,2,1,1,1,c4499554f796e968a069e67a8f5d9d1c,1283,0.779423226812159,87.0,1,411,411,False,ok,False,False,
default,interactive-discover-1,discover,1,3,1,14,14,6c0a9fe8be642ee232c10c9996912b97,1688,8.293838862559243,61.0,14,550,561,False,ok,False,False,
default,interactive-discover-1,discover,1,4,1,8,8,7536d3a2c1abc2a9ac92b1860efa3282,2729,2.9314767314034444,91.0,8,734,1276,False,ok,False,False,
default,interactive-discover-1,discover,1,0,2,6,6,d632b8166f912f4afd062d64186f2dc6,2472,2.4271844660194173,103.0,6,529,2367,False,ok,False,False,
default,interactive-discover-1,discover,1,1,2,4,4,e00f199d535cd1710bf9be67f04f39e4,1388,2.8818443804034586,101.0,4,443,482,False,ok,False,False,
default,interactive-discover-1,discover,1,2,2,1,1,c4499554f796e968a069e67a8f5d9d1c,1257,0.7955449482895784,87.0,1,469,469,False,ok,False,False,
default,interactive-discover-1,discover,1,3,2,14,14,6c0a9fe8be642ee232c10c9996912b97,1604,8.728179551122194,61.0,14,583,598,False,ok,False,False,
default,interactive-discover-1,discover,1,4,2,8,8,7536d3a2c1abc2a9ac92b1860efa3282,2676,2.9895366218236172,91.0,8,563,712,False,ok,False,False,
default,interactive-discover-1,discover,1,0,3,6,6,d632b8166f912f4afd062d64186f2dc6,2512,2.388535031847134,103.0,6,640,2411,False,ok,False,False,
default,interactive-discover-1,discover,1,1,3,4,4,e00f199d535cd1710bf9be67f04f39e4,1309,3.055767761650115,101.0,4,425,451,False,ok,False,False,
default,interactive-discover-1,discover,1,2,3,1,1,c4499554f796e968a069e67a8f5d9d1c,1176,0.8503401360544218,87.0,1,430,430,False,ok,False,False,
default,interactive-discover-1,discover,1,3,3,14,14,6c0a9fe8be642ee232c10c9996912b97,1412,9.91501416430595,61.0,14,448,506,False,ok,False,False,
default,interactive-discover-1,discover,1,4,3,8,8,7536d3a2c1abc2a9ac92b1860efa3282,2340,3.418803418803419,91.0,8,767,965,False,ok,False,False,
default,interactive-discover-1,discover,1,0,4,6,6,d632b8166f912f4afd062d64186f2dc6,2601,2.306805074971165,103.0,6,698,2497,False,ok,False,False,
default,interactive-discover-1,discover,1,1,4,4,4,e00f199d535cd1710bf9be67f04f39e4,1294,3.0911901081916535,101.0,4,471,487,False,ok,False,False,
default,interactive-discover-1,discover,1,2,4,1,1,c4499554f796e968a069e67a8f5d9d1c,1272,0.7861635220125786,87.0,1,501,501,False,ok,False,False,
default,interactive-discover-1,discover,1,3,4,14,14,6c0a9fe8be642ee232c10c9996912b97,1376,10.174418604651164,61.0,14,506,576,False,ok,False,False,
default,interactive-discover-1,discover,1,4,4,8,8,7536d3a2c1abc2a9ac92b1860efa3282,2297,3.4828036569438394,91.0,8,528,729,False,ok,False,False,
default,interactive-discover-1,discover,1,0,5,6,6,d632b8166f912f4afd062d64186f2dc6,2274,2.638522427440633,103.0,6,689,2172,False,ok,False,False,
default,interactive-discover-1,discover,1,1,5,4,4,e00f199d535cd1710bf9be67f04f39e4,1198,3.33889816360601,101.0,4,422,438,False,ok,False,False,
default,interactive-discover-1,discover,1,2,5,1,1,c4499554f796e968a069e67a8f5d9d1c,1129,0.8857395925597874,87.0,1,461,461,False,ok,False,False,
default,interactive-discover-1,discover,1,3,5,14,14,6c0a9fe8be642ee232c10c9996912b97,1409,9.9361249112846,61.0,14,587,604,False,ok,False,False,
default,interactive-discover-1,discover,1,4,5,8,8,7536d3a2c1abc2a9ac92b1860efa3282,2219,3.605227579990987,91.0,8,676,805,False,ok,False,False,
default,interactive-discover-2,discover,2,0,0,66,66,18ff3becda1d7305aaa0da5860ca7511,2718,24.282560706401767,103.0,66,966,2718,False,ok,False,False,
default,interactive-discover-2,discover,2,1,0,46,46,f6a5ba863b07324a44f8e492bf9ab0e1,1243,37.00724054706355,101.0,46,483,848,False,ok,False,False,
default,interactive-discover-2,discover,2,2,0,32,32,113587781a953fec190d8e3339b06c26,1190,26.89075630252101,87.0,32,431,1082,False,ok,False,False,
default,interactive-discover-2,discover,2,3,0,198,198,23320e2cdf40e8165aa7fdff74171184,1698,116.60777385159011,61.0,198,441,1698,False,ok,False,False,
default,interactive-discover-2,discover,2,4,0,98,98,a7ea80830c1f3358609f53e0ce62fd9a,2775,35.31531531531532,91.0,98,699,1859,False,ok,False,False,
default,interactive-discover-2,discover,2,0,1,66,66,18ff3becda1d7305aaa0da5860ca7511,2598,25.40415704387991,103.0,66,897,2598,False,ok,False,False,
default,interactive-discover-2,discover,2,1,1,46,46,f6a5ba863b07324a44f8e492bf9ab0e1,1312,35.0609756097561,101.0,46,467,1312,False,ok,False,False,
default,interactive-discover-2,discover,2,2,1,32,32,113587781a953fec190d8e3339b06c26,1060,30.188679245283016,87.0,32,445,767,False,ok,False,False,
default,interactive-discover-2,discover,2,3,1,198,198,23320e2cdf40e8165aa7fdff74171184,1709,115.85722644821533,61.0,198,412,1709,False,ok,False,False,
default,interactive-discover-2,discover,2,4,1,98,98,a7ea80830c1f3358609f53e0ce62fd9a,2569,38.14713896457766,91.0,98,738,1674,False,ok,False,False,
default,interactive-discover-2,discover,2,0,2,66,66,18ff3becda1d7305aaa0da5860ca7511,2808,23.504273504273506,103.0,66,819,2808,False,ok,False,False,
default,interactive-discover-2,discover,2,1,2,46,46,f6a5ba863b07324a44f8e492bf9ab0e1,1501,30.64623584277149,101.0,46,431,849,False,ok,False,False,
default,interactive-discover-2,discover,2,2,2,32,32,113587781a953fec190d8e3339b06c26,1132,28.26855123674912,87.0,32,462,804,False,ok,False,False,
default,interactive-discover-2,discover,2,3,2,198,198,23320e2cdf40e8165aa7fdff74171184,1672,118.42105263157896,61.0,198,472,1671,False,ok,False,False,
default,interactive-discover-2,discover,2,4,2,98,98,a7ea80830c1f3358609f53e0ce62fd9a,2443,40.11461318051576,91.0,98,822,1594,False,ok,False,False,
default,interactive-discover-2,discover,2,0,3,66,66,18ff3becda1d7305aaa0da5860ca7511,2739,24.096385542168676,103.0,66,841,2739,False,ok,False,False,
default,interactive-discover-2,discover,2,1,3,46,46,f6a5ba863b07324a44f8e492bf9ab0e1,1213,37.92250618301731,101.0,46,475,881,False,ok,False,False,
default,interactive-discover-2,discover,2,2,3,32,32,113587781a953fec190d8e3339b06c26,1146,27.92321116928447,87.0,32,420,687,False,ok,False,False,
default,interactive-discover-2,discover,2,3,3,198,198,23320e2cdf40e8165aa7fdff74171184,1654,119.70979443772673,61.0,198,449,1653,False,ok,False,False,
default,interactive-discover-2,discover,2,4,3,98,98,a7ea80830c1f3358609f53e0ce62fd9a,2481,39.50020153164047,91.0,98,697,1632,False,ok,False,False,
default,interactive-discover-2,discover,2,0,4,66,66,18ff3becda1d7305aaa0da5860ca7511,2840,23.23943661971831,103.0,66,1077,2839,False,ok,False,False,
default,interactive-discover-2,discover,2,1,4,46,46,f6a5ba863b07324a44f8e492bf9ab0e1,1192,38.59060402684564,101.0,46,467,971,False,ok,False,False,
default,interactive-discover-2,discover,2,2,4,32,32,113587781a953fec190d8e3339b06c26,1098,29.143897996357012,87.0,32,451,771,False,ok,False,False,
default,interactive-discover-2,discover,2,3,4,198,198,23320e2cdf40e8165aa7fdff74171184,1665,118.91891891891892,61.0,198,452,1665,False,ok,False,False,
default,interactive-discover-2,discover,2,4,4,98,98,a7ea80830c1f3358609f53e0ce62fd9a,2514,38.98170246618934,91.0,98,840,2514,False,ok,False,False,
default,interactive-discover-2,discover,2,0,5,66,66,18ff3becda1d7305aaa0da5860ca7511,2753,23.97384671267708,103.0,66,845,2752,False,ok,False,False,
default,interactive-discover-2,discover,2,1,5,46,46,f6a5ba863b07324a44f8e492bf9ab0e1,1206,38.14262023217247,101.0,46,426,1008,False,ok,False,False,
default,interactive-discover-2,discover,2,2,5,32,32,113587781a953fec190d8e3339b06c26,1100,29.09090909090909,87.0,32,436,648,False,ok,False,False,
default,interactive-discover-2,discover,2,3,5,198,198,23320e2cdf40e8165aa7fdff74171184,1691,117.09047900650502,61.0,198,895,1690,False,ok,False,False,
default,interactive-discover-2,discover,2,4,5,98,98,a7ea80830c1f3358609f53e0ce62fd9a,2489,39.37324226597027,91.0,98,822,2488,False,ok,False,False,
default,interactive-discover-3,discover,3,0,0,68,68,e9f9c6f077dd7a85180d21221150597a,105345,0.645498125207651,355.0,68,105342,105344,False,ok,False,False,
default,interactive-discover-3,discover,3,1,0,66,66,bf39c452faf678539dd6bec9f8931c5e,97234,0.6787749141246889,357.0,66,97232,97234,False,ok,False,False,
default,interactive-discover-3,discover,3,2,0,54,54,c6f1026b5b378b95fed1b609efe82a86,83226,0.6488357003820922,255.0,54,83225,83226,False,ok,False,False,
default,interactive-discover-3,discover,3,3,0,196,196,3103aacb8c0b38645fd73f8b05191c84,162321,1.2074839361512066,473.0,196,162308,162321,False,ok,False,False,
default,interactive-discover-3,discover,3,4,0,137,137,922f2cfc8273304ad1f823de44367223,120194,1.139823951278766,393.0,137,120192,120194,False,ok,False,False,
default,interactive-discover-3,discover,3,0,1,68,68,e9f9c6f077dd7a85180d21221150597a,103117,0.6594450963468681,355.0,68,103116,103117,False,ok,False,False,
default,interactive-discover-3,discover,3,1,1,66,66,bf39c452faf678539dd6bec9f8931c5e,100849,0.654443772372557,357.0,66,100847,100849,False,ok,False,False,
default,interactive-discover-3,discover,3,2,1,54,54,c6f1026b5b378b95fed1b609efe82a86,81220,0.6648608717064762,255.0,54,81218,81219,False,ok,False,False,
default,interactive-discover-3,discover,3,3,1,196,196,3103aacb8c0b38645fd73f8b05191c84,165103,1.1871377261467084,473.0,196,165096,165102,False,ok,False,False,
default,interactive-discover-3,discover,3,4,1,137,137,922f2cfc8273304ad1f823de44367223,117917,1.161834171493508,393.0,137,117911,117915,False,ok,False,False,
default,interactive-discover-3,discover,3,0,2,68,68,e9f9c6f077dd7a85180d21221150597a,106218,0.6401928110113163,355.0,68,106211,106213,False,ok,False,False,
default,interactive-discover-3,discover,3,1,2,66,66,bf39c452faf678539dd6bec9f8931c5e,98478,0.6702004508621215,357.0,66,98474,98476,False,ok,False,False,
default,interactive-discover-3,discover,3,2,2,54,54,c6f1026b5b378b95fed1b609efe82a86,82666,0.6532310744441487,255.0,54,82664,82666,False,ok,False,False,
default,interactive-discover-3,discover,3,3,2,0,0,d41d8cd98f00b204e9800998ecf8427e,300108,0.0,,0,,,True,timeout,True,True,"Unexpected ""!"" at position 0 in state STOP"
default,interactive-discover-3,discover,3,4,2,137,137,922f2cfc8273304ad1f823de44367223,121084,1.1314459383568432,393.0,137,121076,121084,False,ok,False,False,
default,interactive-discover-3,discover,3,0,3,68,68,e9f9c6f077dd7a85180d21221150597a,102080,0.6661442006269592,355.0,68,102077,102079,False,ok,False,False,
default,interactive-discover-3,discover,3,1,3,66,66,bf39c452faf678539dd6bec9f8931c5e,98512,0.6699691408153321,357.0,66,98509,98511,False,ok,False,False,
default,interactive-discover-3,discover,3,2,3,54,54,c6f1026b5b378b95fed1b609efe82a86,79784,0.6768274340719943,255.0,54,79782,79783,False,ok,False,False,
default,interactive-discover-3,discover,3,3,3,196,196,3103aacb8c0b38645fd73f8b05191c84,163708,1.197253646736873,473.0,196,163687,163707,False,ok,False,False,
default,interactive-discover-3,discover,3,4,3,137,137,922f2cfc8273304ad1f823de44367223,116972,1.1712204630167904,393.0,137,116966,116971,False,ok,False,False,
default,interactive-discover-3,discover,3,0,4,68,68,e9f9c6f077dd7a85180d21221150597a,101914,0.6672292324901388,355.0,68,101911,101913,False,ok,False,False,
default,interactive-discover-3,discover,3,1,4,66,66,bf39c452faf678539dd6bec9f8931c5e,98563,0.6696224749652506,357.0,66,98560,98562,False,ok,False,False,
default,interactive-discover-3,discover,3,2,4,54,54,c6f1026b5b378b95fed1b609efe82a86,81888,0.6594372801875732,255.0,54,81886,81887,False,ok,False,False,
default,interactive-discover-3,discover,3,3,4,196,196,3103aacb8c0b38645fd73f8b05191c84,166912,1.174271472392638,473.0,196,166906,166912,False,ok,False,False,
default,interactive-discover-3,discover,3,4,4,137,137,922f2cfc8273304ad1f823de44367223,123322,1.1109128946984317,393.0,137,123316,123321,False,ok,False,False,
default,interactive-discover-3,discover,3,0,5,68,68,e9f9c6f077dd7a85180d21221150597a,102232,0.6651537679004617,355.0,68,102229,102231,False,ok,False,False,
default,interactive-discover-3,discover,3,1,5,66,66,bf39c452faf678539dd6bec9f8931c5e,248891,0.2651763221651245,357.0,66,248889,248891,False,ok,False,False,
default,interactive-discover-3,discover,3,2,5,54,54,c6f1026b5b378b95fed1b609efe82a86,81229,0.6647872065395364,255.0,54,81227,81228,False,ok,False,False,
default,interactive-discover-3,discover,3,3,5,196,196,3103aacb8c0b38645fd73f8b05191c84,160948,1.2177846260904142,473.0,196,160927,160947,False,ok,False,False,
default,interactive-discover-3,discover,3,4,5,137,137,922f2cfc8273304ad1f823de44367223,117207,1.168872166338188,393.0,137,117203,117207,False,ok,False,False,
default,interactive-discover-4,discover,4,0,0,5,5,3112eede040aaa01aedc457789eed356,3728,1.3412017167381973,135.0,5,3727,3727,False,ok,False,False,
default,interactive-discover-4,discover,4,1,0,3,3,cd6f381a6281527b1dbda2f21a1a702a,1700,1.7647058823529411,109.0,3,1699,1699,False,ok,False,False,
default,interactive-discover-4,discover,4,2,0,3,3,ed1ebad4adf97e9e94be0ca88af2d8bb,1488,2.0161290322580645,95.0,3,1487,1487,False,ok,False,False,
default,interactive-discover-4,discover,4,3,0,3,3,16a10be88d7ff874026ce66a4e993ecb,2122,1.413760603204524,71.0,3,2121,2121,False,ok,False,False,
default,interactive-discover-4,discover,4,4,0,7,7,d0ef3bb68aa278a8f97f329adee97dd8,3270,2.140672782874618,131.0,7,3269,3269,False,ok,False,False,
default,interactive-discover-4,discover,4,0,1,5,5,3112eede040aaa01aedc457789eed356,2608,1.9171779141104295,135.0,5,2608,2608,False,ok,False,False,
default,interactive-discover-4,discover,4,1,1,3,3,cd6f381a6281527b1dbda2f21a1a702a,1375,2.1818181818181817,109.0,3,1374,1374,False,ok,False,False,
default,interactive-discover-4,discover,4,2,1,3,3,ed1ebad4adf97e9e94be0ca88af2d8bb,1328,2.259036144578313,95.0,3,1328,1328,False,ok,False,False,
default,interactive-discover-4,discover,4,3,1,3,3,16a10be88d7ff874026ce66a4e993ecb,1616,1.8564356435643563,71.0,3,1616,1616,False,ok,False,False,
default,interactive-discover-4,discover,4,4,1,7,7,d0ef3bb68aa278a8f97f329adee97dd8,2282,3.067484662576687,131.0,7,2281,2281,False,ok,False,False,
default,interactive-discover-4,discover,4,0,2,5,5,3112eede040aaa01aedc457789eed356,2195,2.277904328018223,135.0,5,2195,2195,False,ok,False,False,
default,interactive-discover-4,discover,4,1,2,3,3,cd6f381a6281527b1dbda2f21a1a702a,1320,2.2727272727272725,109.0,3,1319,1319,False,ok,False,False,
default,interactive-discover-4,discover,4,2,2,3,3,ed1ebad4adf97e9e94be0ca88af2d8bb,1194,2.512562814070352,95.0,3,1194,1194,False,ok,False,False,
default,interactive-discover-4,discover,4,3,2,3,3,16a10be88d7ff874026ce66a4e993ecb,1661,1.8061408789885611,71.0,3,1660,1660,False,ok,False,False,
default,interactive-discover-4,discover,4,4,2,7,7,d0ef3bb68aa278a8f97f329adee97dd8,2304,3.0381944444444446,131.0,7,2304,2304,False,ok,False,False,
default,interactive-discover-4,discover,4,0,3,5,5,3112eede040aaa01aedc457789eed356,2126,2.351834430856068,135.0,5,2125,2126,False,ok,False,False,
default,interactive-discover-4,discover,4,1,3,3,3,cd6f381a6281527b1dbda2f21a1a702a,1301,2.3059185242121445,109.0,3,1301,1301,False,ok,False,False,
default,interactive-discover-4,discover,4,2,3,3,3,ed1ebad4adf97e9e94be0ca88af2d8bb,1220,2.459016393442623,95.0,3,1220,1220,False,ok,False,False,
default,interactive-discover-4,discover,4,3,3,3,3,16a10be88d7ff874026ce66a4e993ecb,1487,2.0174848688634834,71.0,3,1486,1486,False,ok,False,False,
default,interactive-discover-4,discover,4,4,3,7,7,d0ef3bb68aa278a8f97f329adee97dd8,2428,2.883031301482702,131.0,7,2428,2428,False,ok,False,False,
default,interactive-discover-4,discover,4,0,4,5,5,3112eede040aaa01aedc457789eed356,2133,2.344116268166901,135.0,5,2132,2132,False,ok,False,False,
default,interactive-discover-4,discover,4,1,4,3,3,cd6f381a6281527b1dbda2f21a1a702a,1296,2.314814814814815,109.0,3,1295,1295,False,ok,False,False,
default,interactive-discover-4,discover,4,2,4,3,3,ed1ebad4adf97e9e94be0ca88af2d8bb,1184,2.5337837837837838,95.0,3,1184,1184,False,ok,False,False,
default,interactive-discover-4,discover,4,3,4,3,3,16a10be88d7ff874026ce66a4e993ecb,1412,2.1246458923512748,71.0,3,1411,1411,False,ok,False,False,
default,interactive-discover-4,discover,4,4,4,7,7,d0ef3bb68aa278a8f97f329adee97dd8,2361,2.9648454044896226,131.0,7,2360,2361,False,ok,False,False,
default,interactive-discover-4,discover,4,0,5,5,5,3112eede040aaa01aedc457789eed356,2186,2.2872827081427265,135.0,5,2185,2186,False,ok,False,False,
default,interactive-discover-4,discover,4,1,5,3,3,cd6f381a6281527b1dbda2f21a1a702a,1260,2.380952380952381,109.0,3,1260,1260,False,ok,False,False,
default,interactive-discover-4,discover,4,2,5,3,3,ed1ebad4adf97e9e94be0ca88af2d8bb,1034,2.9013539651837523,95.0,3,1034,1034,False,ok,False,False,
default,interactive-discover-4,discover,4,3,5,3,3,16a10be88d7ff874026ce66a4e993ecb,1466,2.0463847203274215,71.0,3,1466,1466,False,ok,False,False,
default,interactive-discover-4,discover,4,4,5,7,7,d0ef3bb68aa278a8f97f329adee97dd8,2167,3.230272265805261,131.0,7,2167,2167,False,ok,False,False,
default,interactive-discover-5,discover,5,0,0,15,15,cab888487e7572de37a55f0e8c3ec060,1880,7.9787234042553195,103.0,15,628,1317,False,ok,False,False,
default,interactive-discover-5,discover,5,1,0,3,3,7fc43bb183e4fb0238576536413c6c45,1241,2.4174053182917,101.0,3,551,868,False,ok,False,False,
default,interactive-discover-5,discover,5,2,0,3,3,2543010e761cb36b6f0c3e103e58af43,1143,2.6246719160104988,87.0,3,513,639,False,ok,False,False,
default,interactive-discover-5,discover,5,3,0,4,4,76fc6cfa5c07ff3011e9f2d7ac2ae7e0,1052,3.8022813688212924,61.0,4,541,982,False,ok,False,False,
default,interactive-discover-5,discover,5,4,0,20,20,880a30fb8a9114b4807acb78d9e7d141,1377,14.524328249818446,91.0,20,629,1373,False,ok,False,False,
default,interactive-discover-5,discover,5,0,1,15,15,cab888487e7572de37a55f0e8c3ec060,1722,8.710801393728223,103.0,15,507,1403,False,ok,False,False,
default,interactive-discover-5,discover,5,1,1,3,3,7fc43bb183e4fb0238576536413c6c45,1285,2.3346303501945527,101.0,3,640,853,False,ok,False,False,
default,interactive-discover-5,discover,5,2,1,3,3,2543010e761cb36b6f0c3e103e58af43,1147,2.6155187445510024,87.0,3,539,682,False,ok,False,False,
default,interactive-discover-5,discover,5,3,1,4,4,76fc6cfa5c07ff3011e9f2d7ac2ae7e0,997,4.012036108324975,61.0,4,555,931,False,ok,False,False,
default,interactive-discover-5,discover,5,4,1,20,20,880a30fb8a9114b4807acb78d9e7d141,1608,12.43781094527363,91.0,20,624,1231,False,ok,False,False,
default,interactive-discover-5,discover,5,0,2,15,15,cab888487e7572de37a55f0e8c3ec060,1609,9.322560596643878,103.0,15,617,1328,False,ok,False,False,
default,interactive-discover-5,discover,5,1,2,3,3,7fc43bb183e4fb0238576536413c6c45,1255,2.3904382470119523,101.0,3,530,670,False,ok,False,False,
default,interactive-discover-5,discover,5,2,2,3,3,2543010e761cb36b6f0c3e103e58af43,1125,2.6666666666666665,87.0,3,512,669,False,ok,False,False,
default,interactive-discover-5,discover,5,3,2,4,4,76fc6cfa5c07ff3011e9f2d7ac2ae7e0,1083,3.6934441366574333,61.0,4,720,1058,False,ok,False,False,
default,interactive-discover-5,discover,5,4,2,20,20,880a30fb8a9114b4807acb78d9e7d141,1421,14.074595355383533,91.0,20,624,1326,False,ok,False,False,
default,interactive-discover-5,discover,5,0,3,15,15,cab888487e7572de37a55f0e8c3ec060,1672,8.971291866028709,103.0,15,586,1359,False,ok,False,False,
default,interactive-discover-5,discover,5,1,3,3,3,7fc43bb183e4fb0238576536413c6c45,1380,2.173913043478261,101.0,3,538,943,False,ok,False,False,
default,interactive-discover-5,discover,5,2,3,3,3,2543010e761cb36b6f0c3e103e58af43,1121,2.6761819803746656,87.0,3,534,571,False,ok,False,False,
default,interactive-discover-5,discover,5,3,3,4,4,76fc6cfa5c07ff3011e9f2d7ac2ae7e0,926,4.319654427645788,61.0,4,562,634,False,ok,False,False,
default,interactive-discover-5,discover,5,4,3,20,20,880a30fb8a9114b4807acb78d9e7d141,3149,6.351222610352493,91.0,20,767,1405,False,ok,False,False,
default,interactive-discover-5,discover,5,0,4,15,15,cab888487e7572de37a55f0e8c3ec060,1734,8.650519031141869,103.0,15,625,1428,False,ok,False,False,
default,interactive-discover-5,discover,5,1,4,3,3,7fc43bb183e4fb0238576536413c6c45,1284,2.336448598130841,101.0,3,505,676,False,ok,False,False,
default,interactive-discover-5,discover,5,2,4,3,3,2543010e761cb36b6f0c3e103e58af43,1200,2.5,87.0,3,539,716,False,ok,False,False,
default,interactive-discover-5,discover,5,3,4,4,4,76fc6cfa5c07ff3011e9f2d7ac2ae7e0,1097,3.6463081130355515,61.0,4,553,906,False,ok,False,False,
default,interactive-discover-5,discover,5,4,4,20,20,880a30fb8a9114b4807acb78d9e7d141,1534,13.03780964797914,91.0,20,636,1527,False,ok,False,False,
default,interactive-discover-5,discover,5,0,5,15,15,cab888487e7572de37a55f0e8c3ec060,1769,8.47936687394008,103.0,15,590,1292,False,ok,False,False,
default,interactive-discover-5,discover,5,1,5,3,3,7fc43bb183e4fb0238576536413c6c45,1659,1.8083182640144666,101.0,3,900,1190,False,ok,False,False,
default,interactive-discover-5,discover,5,2,5,3,3,2543010e761cb36b6f0c3e103e58af43,1126,2.664298401420959,87.0,3,553,718,False,ok,False,False,
default,interactive-discover-5,discover,5,3,5,4,4,76fc6cfa5c07ff3011e9f2d7ac2ae7e0,1050,3.8095238095238093,61.0,4,522,976,False,ok,False,False,
default,interactive-discover-5,discover,5,4,5,20,20,880a30fb8a9114b4807acb78d9e7d141,1366,14.641288433382137,91.0,20,611,1365,False,ok,False,False,
default,interactive-discover-6,discover,6,0,0,33,33,240c19f39eed1e3ac67718ff57b63a0d,300106,0.10996114706137165,,33,1322,23015,True,timeout,True,False,"Unexpected ""!"" at position 0 in state STOP"
default,interactive-discover-6,discover,6,1,0,1,1,cd3466cc43b32ce51d8f13d5516f2ef2,2524,0.39619651347068147,101.0,1,1952,1952,False,ok,False,False,
default,interactive-discover-6,discover,6,2,0,1,1,29960679941029d6a70f26d6904d3728,1511,0.6618133686300464,87.0,1,1254,1254,False,ok,False,False,
default,interactive-discover-6,discover,6,3,0,2,2,dda32920d34bcd8a1bf9ed13c89c4b4d,132083,0.015141994049196339,10467.0,2,1217,1218,False,ok,False,False,
default,interactive-discover-6,discover,6,4,0,27,27,613936d3d666a311d54e99e3a8f9cdad,3103,8.701256848211408,91.0,27,1619,3102,False,ok,False,False,
default,interactive-discover-6,discover,6,0,1,33,33,240c19f39eed1e3ac67718ff57b63a0d,300106,0.10996114706137165,,33,1507,11419,True,timeout,True,False,"Unexpected ""!"" at position 0 in state STOP"
default,interactive-discover-6,discover,6,1,1,1,1,cd3466cc43b32ce51d8f13d5516f2ef2,2704,0.3698224852071006,101.0,1,2437,2437,False,ok,False,False,
default,interactive-discover-6,discover,6,2,1,1,1,29960679941029d6a70f26d6904d3728,1505,0.6644518272425249,87.0,1,1322,1322,False,ok,False,False,
default,interactive-discover-6,discover,6,3,1,2,2,dda32920d34bcd8a1bf9ed13c89c4b4d,137074,0.014590659060069741,10467.0,2,1382,1382,False,ok,False,False,
default,interactive-discover-6,discover,6,4,1,27,27,613936d3d666a311d54e99e3a8f9cdad,3234,8.348794063079778,91.0,27,1719,3233,False,ok,False,False,
default,interactive-discover-6,discover,6,0,2,33,33,240c19f39eed1e3ac67718ff57b63a0d,300106,0.10996114706137165,,33,1788,13981,True,timeout,True,False,"Unexpected ""!"" at position 0 in state STOP"
default,interactive-discover-6,discover,6,1,2,1,1,cd3466cc43b32ce51d8f13d5516f2ef2,2473,0.4043671653861707,101.0,1,2273,2273,False,ok,False,False,
default,interactive-discover-6,discover,6,2,2,1,1,29960679941029d6a70f26d6904d3728,1545,0.6472491909385114,87.0,1,1324,1324,False,ok,False,False,
default,interactive-discover-6,discover,6,3,2,2,2,dda32920d34bcd8a1bf9ed13c89c4b4d,133566,0.014973870595810311,10467.0,2,1355,1355,False,ok,False,False,
default,interactive-discover-6,discover,6,4,2,27,27,613936d3d666a311d54e99e3a8f9cdad,3218,8.39030453697949,91.0,27,1641,3218,False,ok,False,False,
default,interactive-discover-6,discover,6,0,3,33,33,240c19f39eed1e3ac67718ff57b63a0d,300128,0.10995308668301525,,33,1366,35873,True,timeout,True,False,"Unexpected ""!"" at position 0 in state STOP"
default,interactive-discover-6,discover,6,1,3,1,1,cd3466cc43b32ce51d8f13d5516f2ef2,2574,0.38850038850038854,101.0,1,2538,2538,False,ok,False,False,
default,interactive-discover-6,discover,6,2,3,1,1,29960679941029d6a70f26d6904d3728,1587,0.630119722747322,87.0,1,1391,1391,False,ok,False,False,
default,interactive-discover-6,discover,6,3,3,2,2,dda32920d34bcd8a1bf9ed13c89c4b4d,300012,0.00666640001066624,,2,1417,1418,True,timeout,True,False,"Unexpected ""!"" at position 0 in state STOP"
default,interactive-discover-6,discover,6,4,3,27,27,613936d3d666a311d54e99e3a8f9cdad,5229,5.163511187607573,91.0,27,3139,5229,False,ok,False,False,
default,interactive-discover-6,discover,6,0,4,33,33,240c19f39eed1e3ac67718ff57b63a0d,300012,0.10999560017599296,,33,2493,26460,True,timeout,True,False,"Unexpected ""!"" at position 0 in state STOP"
default,interactive-discover-6,discover,6,1,4,1,1,cd3466cc43b32ce51d8f13d5516f2ef2,2504,0.3993610223642173,101.0,1,1893,1893,False,ok,False,False,
default,interactive-discover-6,discover,6,2,4,1,1,29960679941029d6a70f26d6904d3728,1512,0.6613756613756614,87.0,1,1410,1410,False,ok,False,False,
default,interactive-discover-6,discover,6,3,4,2,2,dda32920d34bcd8a1bf9ed13c89c4b4d,300010,0.006666444451851605,,2,1369,1369,True,timeout,True,False,"Unexpected ""!"" at position 0 in state STOP"
default,interactive-discover-6,discover,6,4,4,27,27,613936d3d666a311d54e99e3a8f9cdad,5401,4.999074245510091,91.0,27,3898,5220,False,ok,False,False,
default,interactive-discover-6,discover,6,0,5,33,33,240c19f39eed1e3ac67718ff57b63a0d,300014,0.10999486690621103,,33,3449,54009,True,timeout,True,False,"Unexpected ""!"" at position 0 in state STOP"
default,interactive-discover-6,discover,6,1,5,1,1,cd3466cc43b32ce51d8f13d5516f2ef2,2578,0.3878975950349108,101.0,1,2397,2397,False,ok,False,False,
default,interactive-discover-6,discover,6,2,5,1,1,29960679941029d6a70f26d6904d3728,1600,0.625,87.0,1,1338,1338,False,ok,False,False,
default,interactive-discover-6,discover,6,3,5,2,2,dda32920d34bcd8a1bf9ed13c89c4b4d,135686,0.014739914213699275,10467.0,2,1200,1226,False,ok,False,False,
default,interactive-discover-6,discover,6,4,5,27,27,613936d3d666a311d54e99e3a8f9cdad,3105,8.695652173913043,91.0,27,1634,3105,False,ok,False,False,
default,interactive-discover-7,discover,7,0,0,2,2,d8614c4f7b4fe0cc2f1623d07244cf20,300976,0.006645048110148317,,2,2277,125783,True,timeout,True,False,"Unexpected ""!"" at position 0 in state STOP"
default,interactive-discover-7,discover,7,1,0,1,1,75ab2bd12ac1e16dcc02f8c9e8d97308,2229,0.44863167339614174,101.0,1,1960,1960,False,ok,False,False,
default,interactive-discover-7,discover,7,2,0,1,1,faf54113a5297c559416a2dd78b9cc86,1980,0.5050505050505051,87.0,1,1416,1416,False,ok,False,False,
default,interactive-discover-7,discover,7,3,0,1,1,f3ca7f0b9ca7d5740a3318e4be0d03ac,300030,0.0033330000333300007,,1,3949,3949,True,timeout,True,False,"Unexpected ""!"" at position 0 in state STOP"
default,interactive-discover-7,discover,7,4,0,1,1,3ee14484ce425fdbae40700cdd59c0d2,5628,0.17768301350390903,91.0,1,3024,3024,False,ok,False,False,
default,interactive-discover-7,discover,7,0,1,1,1,f56a157457e1eb9b6878c540d54eec98,302371,0.0033071954651735782,,1,2691,2691,True,timeout,True,False,"Unexpected ""!"" at position 0 in state STOP"
default,interactive-discover-7,discover,7,1,1,1,1,75ab2bd12ac1e16dcc02f8c9e8d97308,2520,0.3968253968253968,101.0,1,2217,2217,False,ok,False,False,
default,interactive-discover-7,discover,7,2,1,1,1,faf54113a5297c559416a2dd78b9cc86,1531,0.6531678641410843,87.0,1,1415,1415,False,ok,False,False,
default,interactive-discover-7,discover,7,3,1,1,1,f3ca7f0b9ca7d5740a3318e4be0d03ac,300009,0.003333233336333243,,1,1379,1379,True,timeout,True,False,"Unexpected ""!"" at position 0 in state STOP"
default,interactive-discover-7,discover,7,4,1,1,1,3ee14484ce425fdbae40700cdd59c0d2,6185,0.16168148746968472,91.0,1,3996,3996,False,ok,False,False,
default,interactive-discover-7,discover,7,0,2,1,1,f56a157457e1eb9b6878c540d54eec98,300014,0.003333177785036698,,1,1788,1788,True,timeout,True,False,"Unexpected ""!"" at position 0 in state STOP"
default,interactive-discover-7,discover,7,1,2,1,1,75ab2bd12ac1e16dcc02f8c9e8d97308,2409,0.41511000415110005,101.0,1,1278,1278,False,ok,False,False,
default,interactive-discover-7,discover,7,2,2,1,1,faf54113a5297c559416a2dd78b9cc86,1576,0.6345177664974619,87.0,1,1404,1404,False,ok,False,False,
default,interactive-discover-7,discover,7,3,2,1,1,f3ca7f0b9ca7d5740a3318e4be0d03ac,300009,0.003333233336333243,,1,2545,2545,True,timeout,True,False,"Unexpected ""!"" at position 0 in state STOP"
default,interactive-discover-7,discover,7,4,2,1,1,3ee14484ce425fdbae40700cdd59c0d2,6105,0.1638001638001638,91.0,1,3323,3323,False,ok,False,False,
default,interactive-discover-7,discover,7,0,3,1,1,f56a157457e1eb9b6878c540d54eec98,300015,0.0033331666749995834,,1,4247,4247,True,timeout,True,False,"Unexpected ""!"" at position 0 in state STOP"
default,interactive-discover-7,discover,7,1,3,1,1,75ab2bd12ac1e16dcc02f8c9e8d97308,2506,0.3990422984836393,101.0,1,2230,2230,False,ok,False,False,
default,interactive-discover-7,discover,7,2,3,1,1,faf54113a5297c559416a2dd78b9cc86,1588,0.6297229219143576,87.0,1,1512,1512,False,ok,False,False,
default,interactive-discover-7,discover,7,3,3,1,1,f3ca7f0b9ca7d5740a3318e4be0d03ac,300015,0.0033331666749995834,,1,1527,1527,True,timeout,True,False,"Unexpected ""!"" at position 0 in state STOP"
default,interactive-discover-7,discover,7,4,3,1,1,3ee14484ce425fdbae40700cdd59c0d2,6221,0.16074586079408454,91.0,1,4514,4514,False,ok,False,False,
default,interactive-discover-7,discover,7,0,4,2,2,d8614c4f7b4fe0cc2f1623d07244cf20,300014,0.006666355570073396,,2,3033,143484,True,timeout,True,False,"Unexpected ""!"" at position 0 in state STOP"
default,interactive-discover-7,discover,7,1,4,1,1,75ab2bd12ac1e16dcc02f8c9e8d97308,2511,0.39824771007566706,101.0,1,2509,2509,False,ok,False,False,
default,interactive-discover-7,discover,7,2,4,1,1,faf54113a5297c559416a2dd78b9cc86,1585,0.6309148264984227,87.0,1,1407,1407,False,ok,False,False,
default,interactive-discover-7,discover,7,3,4,1,1,f3ca7f0b9ca7d5740a3318e4be0d03ac,300047,0.00333281119291311,,1,1500,1500,True,timeout,True,False,"Unexpected ""!"" at position 0 in state STOP"
default,interactive-discover-7,discover,7,4,4,1,1,3ee14484ce425fdbae40700cdd59c0d2,6189,0.16157699143641946,91.0,1,3803,3803,False,ok,False,False,
default,interactive-discover-7,discover,7,0,5,2,2,d8614c4f7b4fe0cc2f1623d07244cf20,300014,0.006666355570073396,,2,3193,144707,True,timeout,True,False,"Unexpected ""!"" at position 0 in state STOP"
default,interactive-discover-7,discover,7,1,5,1,1,75ab2bd12ac1e16dcc02f8c9e8d97308,2571,0.3889537145079735,101.0,1,2249,2249,False,ok,False,False,
default,interactive-discover-7,discover,7,2,5,1,1,faf54113a5297c559416a2dd78b9cc86,1507,0.6635700066357001,87.0,1,1391,1391,False,ok,False,False,
default,interactive-discover-7,discover,7,3,5,1,1,f3ca7f0b9ca7d5740a3318e4be0d03ac,300008,0.003333244446814752,,1,1520,1520,True,timeout,True,False,"Unexpected ""!"" at position 0 in state STOP"
default,interactive-discover-7,discover,7,4,5,1,1,3ee14484ce425fdbae40700cdd59c0d2,5827,0.1716148961729878,91.0,1,3640,3640,False,ok,False,False,
default,interactive-discover-8,discover,8,0,0,10,10,4b20d690aedced775a0388c1cf2d3c36,9500,1.0526315789473684,33.0,10,7703,9075,False,ok,False,False,
default,interactive-discover-8,discover,8,1,0,10,10,94c08ac69169941707291254297ea93a,7023,1.4238929232521715,30.0,10,5866,6575,False,ok,False,False,
default,interactive-discover-8,discover,8,2,0,10,10,94a54c3802e76d05f87945eda8ed9d68,27766,0.36015270474681266,63.0,10,652,26734,False,ok,False,False,
default,interactive-discover-8,discover,8,3,0,10,10,2ef5138ab25b49ea390e459465d4d1c7,49213,0.20319834190153008,44.0,10,33756,47078,False,ok,False,False,
default,interactive-discover-8,discover,8,4,0,10,10,23c130de23bea69938bb4f437757e794,18509,0.5402777027392079,39.0,10,13609,17807,False,ok,False,False,
default,interactive-discover-8,discover,8,0,1,10,10,3d8beb6617a97cc7c7ca6224447cb159,6768,1.4775413711583925,31.0,10,5002,6298,False,ok,False,False,
default,interactive-discover-8,discover,8,1,1,10,10,94c08ac69169941707291254297ea93a,5790,1.7271157167530224,29.0,10,574,5439,False,ok,False,False,
default,interactive-discover-8,discover,8,2,1,10,10,3576737d99d5db141cc483627030e4a9,27719,0.3607633753021393,65.0,10,691,26929,False,ok,False,False,
default,interactive-discover-8,discover,8,3,1,10,10,2ef5138ab25b49ea390e459465d4d1c7,49165,0.20339672531272246,44.0,10,30100,46685,False,ok,False,False,
default,interactive-discover-8,discover,8,4,1,10,10,23c130de23bea69938bb4f437757e794,22065,0.4532064355313845,43.0,10,15191,19303,False,ok,False,False,
default,interactive-discover-8,discover,8,0,2,10,10,6073b72780811ed1c88620c3acd67577,7893,1.2669453946534905,35.0,10,6409,7562,False,ok,False,False,
default,interactive-discover-8,discover,8,1,2,10,10,94c08ac69169941707291254297ea93a,6198,1.6134236850596966,29.0,10,5075,5765,False,ok,False,False,
default,interactive-discover-8,discover,8,2,2,10,10,3576737d99d5db141cc483627030e4a9,27885,0.3586157432311278,63.0,10,660,26694,False,ok,False,False,
default,interactive-discover-8,discover,8,3,2,10,10,2ef5138ab25b49ea390e459465d4d1c7,41797,0.23925162092973182,44.0,10,25765,40360,False,ok,False,False,
default,interactive-discover-8,discover,8,4,2,10,10,beefd514c448ebff0716dc42693fdcf1,18975,0.5270092226613965,45.0,10,11975,17967,False,ok,False,False,
default,interactive-discover-8,discover,8,0,3,10,10,6de458b391c32b212e7929ae0ffc458b,6680,1.4970059880239521,30.0,10,5048,6198,False,ok,False,False,
default,interactive-discover-8,discover,8,1,3,10,10,1dc7c252cec6ec2b2469a1535a57e641,8687,1.1511453896627144,33.0,10,5558,8090,False,ok,False,False,
default,interactive-discover-8,discover,8,2,3,10,10,3576737d99d5db141cc483627030e4a9,26353,0.37946343869768145,64.0,10,756,25573,False,ok,False,False,
default,interactive-discover-8,discover,8,3,3,10,10,2ef5138ab25b49ea390e459465d4d1c7,44130,0.22660321776569226,45.0,10,27285,42829,False,ok,False,False,
default,interactive-discover-8,discover,8,4,3,10,10,beefd514c448ebff0716dc42693fdcf1,18018,0.555000555000555,44.0,10,8952,17279,False,ok,False,False,
default,interactive-discover-8,discover,8,0,4,10,10,851da6e3388e03fb83d9ff722f47b01a,7074,1.413627367825841,30.0,10,5350,6650,False,ok,False,False,
default,interactive-discover-8,discover,8,1,4,10,10,94c08ac69169941707291254297ea93a,7511,1.3313806417254692,34.0,10,1494,7061,False,ok,False,False,
default,interactive-discover-8,discover,8,2,4,10,10,3576737d99d5db141cc483627030e4a9,29198,0.3424892115898349,63.0,10,690,28104,False,ok,False,False,
default,interactive-discover-8,discover,8,3,4,10,10,2ef5138ab25b49ea390e459465d4d1c7,47312,0.21136286777138993,42.0,10,30630,45022,False,ok,False,False,
default,interactive-discover-8,discover,8,4,4,10,10,23c130de23bea69938bb4f437757e794,17143,0.5833284722627311,39.0,10,12562,16184,False,ok,False,False,
default,interactive-discover-8,discover,8,0,5,10,10,6073b72780811ed1c88620c3acd67577,8275,1.2084592145015105,34.0,10,6707,7881,False,ok,False,False,
default,interactive-discover-8,discover,8,1,5,10,10,94c08ac69169941707291254297ea93a,7826,1.2777919754663942,30.0,10,459,7303,False,ok,False,False,
default,interactive-discover-8,discover,8,2,5,10,10,3576737d99d5db141cc483627030e4a9,27337,0.36580458718952336,63.0,10,710,26505,False,ok,False,False,
default,interactive-discover-8,discover,8,3,5,10,10,2ef5138ab25b49ea390e459465d4d1c7,42518,0.2351945058563432,44.0,10,25754,40460,False,ok,False,False,
default,interactive-discover-8,discover,8,4,5,10,10,23c130de23bea69938bb4f437757e794,19644,0.509061290979434,45.0,10,15747,18846,False,ok,False,False,
default,interactive-short-1,short,1,0,0,1,1,6b641713c69378408c911f18ba9ba38b,6976,0.143348623853211,106.0,1,869,869,False,ok,False,False,
default,interactive-short-1,short,1,1,0,1,1,f02ab3570928d3fc74a51ceb7a4a39ac,1900,0.5263157894736842,103.0,1,357,357,False,ok,False,False,
default,interactive-short-1,short,1,2,0,1,1,ff4ea17b4281fdba2a7a842efe3a722a,1300,0.7692307692307692,89.0,1,348,348,False,ok,False,False,
default,interactive-short-1,short,1,3,0,1,1,64191c6d5f502dc3f35888f44214ade1,1094,0.9140767824497257,63.0,1,341,341,False,ok,False,False,
default,interactive-short-1,short,1,4,0,1,1,d8972c3dd7a9ab1cc6d9b0773f1037c3,1331,0.7513148009015778,93.0,1,354,354,False,ok,False,False,
default,interactive-short-1,short,1,0,1,1,1,6b641713c69378408c911f18ba9ba38b,1440,0.6944444444444444,105.0,1,319,319,False,ok,False,False,
default,interactive-short-1,short,1,1,1,1,1,f02ab3570928d3fc74a51ceb7a4a39ac,1218,0.8210180623973727,103.0,1,344,344,False,ok,False,False,
default,interactive-short-1,short,1,2,1,1,1,ff4ea17b4281fdba2a7a842efe3a722a,1108,0.9025270758122743,89.0,1,330,330,False,ok,False,False,
default,interactive-short-1,short,1,3,1,1,1,64191c6d5f502dc3f35888f44214ade1,980,1.0204081632653061,63.0,1,304,304,False,ok,False,False,
default,interactive-short-1,short,1,4,1,1,1,d8972c3dd7a9ab1cc6d9b0773f1037c3,1360,0.7352941176470588,93.0,1,338,338,False,ok,False,False,
default,interactive-short-1,short,1,0,2,1,1,6b641713c69378408c911f18ba9ba38b,1405,0.7117437722419929,105.0,1,333,333,False,ok,False,False,
default,interactive-short-1,short,1,1,2,1,1,f02ab3570928d3fc74a51ceb7a4a39ac,1261,0.7930214115781127,103.0,1,326,326,False,ok,False,False,
default,interactive-short-1,short,1,2,2,1,1,ff4ea17b4281fdba2a7a842efe3a722a,1126,0.8880994671403198,89.0,1,342,342,False,ok,False,False,
default,interactive-short-1,short,1,3,2,1,1,64191c6d5f502dc3f35888f44214ade1,960,1.0416666666666667,63.0,1,353,353,False,ok,False,False,
default,interactive-short-1,short,1,4,2,1,1,d8972c3dd7a9ab1cc6d9b0773f1037c3,1317,0.7593014426727411,93.0,1,338,338,False,ok,False,False,
default,interactive-short-1,short,1,0,3,1,1,6b641713c69378408c911f18ba9ba38b,1373,0.7283321194464676,105.0,1,307,307,False,ok,False,False,
default,interactive-short-1,short,1,1,3,1,1,f02ab3570928d3fc74a51ceb7a4a39ac,1254,0.7974481658692185,103.0,1,331,331,False,ok,False,False,
default,interactive-short-1,short,1,2,3,1,1,ff4ea17b4281fdba2a7a842efe3a722a,1628,0.6142506142506143,89.0,1,322,322,False,ok,False,False,
default,interactive-short-1,short,1,3,3,1,1,64191c6d5f502dc3f35888f44214ade1,1003,0.9970089730807579,63.0,1,341,341,False,ok,False,False,
default,interactive-short-1,short,1,4,3,1,1,d8972c3dd7a9ab1cc6d9b0773f1037c3,1442,0.6934812760055479,93.0,1,329,329,False,ok,False,False,
default,interactive-short-1,short,1,0,4,1,1,6b641713c69378408c911f18ba9ba38b,1382,0.7235890014471781,105.0,1,329,329,False,ok,False,False,
default,interactive-short-1,short,1,1,4,1,1,f02ab3570928d3fc74a51ceb7a4a39ac,1234,0.8103727714748784,103.0,1,342,342,False,ok,False,False,
default,interactive-short-1,short,1,2,4,1,1,ff4ea17b4281fdba2a7a842efe3a722a,997,1.0030090270812437,89.0,1,342,342,False,ok,False,False,
default,interactive-short-1,short,1,3,4,1,1,64191c6d5f502dc3f35888f44214ade1,976,1.0245901639344261,63.0,1,315,315,False,ok,False,False,
default,interactive-short-1,short,1,4,4,1,1,d8972c3dd7a9ab1cc6d9b0773f1037c3,1299,0.7698229407236336,93.0,1,325,325,False,ok,False,False,
default,interactive-short-1,short,1,0,5,1,1,6b641713c69378408c911f18ba9ba38b,1408,0.7102272727272728,105.0,1,308,308,False,ok,False,False,
default,interactive-short-1,short,1,1,5,1,1,f02ab3570928d3fc74a51ceb7a4a39ac,1229,0.8136696501220504,103.0,1,353,353,False,ok,False,False,
default,interactive-short-1,short,1,2,5,1,1,ff4ea17b4281fdba2a7a842efe3a722a,1140,0.8771929824561404,89.0,1,306,306,False,ok,False,False,
default,interactive-short-1,short,1,3,5,1,1,64191c6d5f502dc3f35888f44214ade1,951,1.0515247108307046,63.0,1,328,328,False,ok,False,False,
default,interactive-short-1,short,1,4,5,1,1,d8972c3dd7a9ab1cc6d9b0773f1037c3,1301,0.7686395080707149,93.0,1,338,338,False,ok,False,False,
default,interactive-short-2,short,2,0,0,0,0,d41d8cd98f00b204e9800998ecf8427e,17,0.0,,0,,,True,unsupported,False,True,"Invalid SPARQL endpoint response from http://localhost:3001/sparql (HTTP status 400):
Query operation processing failed: none of the configured actors were able to handle the operation type nodes
    Error messages of failing actors:
        Actor urn:comunica:default:query-operation/actors#source does not accept the operation nodes.
"
default,interactive-short-2,short,2,1,0,0,0,d41d8cd98f00b204e9800998ecf8427e,9,0.0,,0,,,True,unsupported,False,True,"Invalid SPARQL endpoint response from http://localhost:3001/sparql (HTTP status 400):
Query operation processing failed: none of the configured actors were able to handle the operation type nodes
    Error messages of failing actors:
        Actor urn:comunica:default:query-operation/actors#source does not accept the operation nodes.
"
default,interactive-short-2,short,2,2,0,0,0,d41d8cd98f00b204e9800998ecf8427e,10,0.0,,0,,,True,unsupported,False,True,"Invalid SPARQL endpoint response from http://localhost:3001/sparql (HTTP status 400):
Query operation processing failed: none of the configured actors were able to handle the operation type nodes
    Error messages of failing actors:
        Actor urn:comunica:default:query-operation/actors#source does not accept the operation nodes.
"
default,interactive-short-2,short,2,3,0,0,0,d41d8cd98f00b204e9800998ecf8427e,9,0.0,,0,,,True,unsupported,False,True,"Invalid SPARQL endpoint response from http://localhost:3001/sparql (HTTP status 400):
Query operation processing failed: none of the configured actors were able to handle the operation type nodes
    Error messages of failing actors:
        Actor urn:comunica:default:query-operation/actors#source does not accept the operation nodes.
"
default,interactive-short-2,short,2,4,0,0,0,d41d8cd98f00b204e9800998ecf8427e,17,0.0,,0,,,True,unsupported,False,True,"Invalid SPARQL endpoint response from http://localhost:3001/sparql (HTTP status 400):
Query operation processing failed: none of the configured actors were able to handle the operation type nodes
    Error messages of failing actors:
        Actor urn:comunica:default:query-operation/actors#source does not accept the operation nodes.
"
default,interactive-short-2,short,2,0,1,0,0,d41d8cd98f00b204e9800998ecf8427e,16,0.0,,0,,,True,unsupported,False,True,"Invalid SPARQL endpoint response from http://localhost:3001/sparql (HTTP status 400):
Query operation processing failed: none of the configured actors were able to handle the operation type nodes
    Error messages of failing actors:
        Actor urn:comunica:default:query-operation/actors#source does not accept the operation nodes.
"
default,interactive-short-2,short,2,1,1,0,0,d41d8cd98f00b204e9800998ecf8427e,9,0.0,,0,,,True,unsupported,False,True,"Invalid SPARQL endpoint response from http://localhost:3001/sparql (HTTP status 400):
Query operation processing failed: none of the configured actors were able to handle the operation type nodes
    Error messages of failing actors:
        Actor urn:comunica:default:query-operation/actors#source does not accept the operation nodes.
"
default,interactive-short-2,short,2,2,1,0,0,d41d8cd98f00b204e9800998ecf8427e,9,0.0,,0,,,True,unsupported,False,True,"Invalid SPARQL endpoint response from http://localhost:3001/sparql (HTTP status 400):
Query operation processing failed: none of the configured actors were able to handle the operation type nodes
    Error messages of failing actors:
        Actor urn:comunica:default:query-operation/actors#source does not accept the operation nodes.
"
default,interactive-short-2,short,2,3,1,0,0,d41d8cd98f00b204e9800998ecf8427e,16,0.0,,0,,,True,unsupported,False,True,"Invalid SPARQL endpoint response from http://localhost:3001/sparql (HTTP status 400):
Query operation processing failed: none of the configured actors were able to handle the operation type nodes
    Error messages of failing actors:
        Actor urn:comunica:default:query-operation/actors#source does not accept the operation nodes.
"
default,interactive-short-2,short,2,4,1,0,0,d41d8cd98f00b204e9800998ecf8427e,53,0.0,,0,,,True,unsupported,False,True,"Invalid SPARQL endpoint response from http://localhost:3001/sparql (HTTP status 400):
Query operation processing failed: none of the configured actors were able to handle the operation type nodes
    Error messages of failing actors:
        Actor urn:comunica:default:query-operation/actors#source does not accept the operation nodes.
"
default,interactive-short-2,short,2,0,2,0,0,d41d8cd98f00b204e9800998ecf8427e,9,0.0,,0,,,True,unsupported,False,True,"Invalid SPARQL endpoint response from http://localhost:3001/sparql (HTTP status 400):
Query operation processing failed: none of the configured actors were able to handle the operation type nodes
    Error messages of failing actors:
        Actor urn:comunica:default:query-operation/actors#source does not accept the operation nodes.
"
default,interactive-short-2,short,2,1,2,0,0,d41d8cd98f00b204e9800998ecf8427e,47,0.0,,0,,,True,unsupported,False,True,"Invalid SPARQL endpoint response from http://localhost:3001/sparql (HTTP status 400):
Query operation processing failed: none of the configured actors were able to handle the operation type nodes
    Error messages of failing actors:
        Actor urn:comunica:default:query-operation/actors#source does not accept the operation nodes.
"
default,interactive-short-2,short,2,2,2,0,0,d41d8cd98f00b204e9800998ecf8427e,13,0.0,,0,,,True,unsupported,False,True,"Invalid SPARQL endpoint response from http://localhost:3001/sparql (HTTP status 400):
Query operation processing failed: none of the configured actors were able to handle the operation type nodes
    Error messages of failing actors:
        Actor urn:comunica:default:query-operation/actors#source does not accept the operation nodes.
"
default,interactive-short-2,short,2,3,2,0,0,d41d8cd98f00b204e9800998ecf8427e,29,0.0,,0,,,True,unsupported,False,True,"Invalid SPARQL endpoint response from http://localhost:3001/sparql (HTTP status 400):
Query operation processing failed: none of the configured actors were able to handle the operation type nodes
    Error messages of failing actors:
        Actor urn:comunica:default:query-operation/actors#source does not accept the operation nodes.
"
default,interactive-short-2,short,2,4,2,0,0,d41d8cd98f00b204e9800998ecf8427e,21,0.0,,0,,,True,unsupported,False,True,"Invalid SPARQL endpoint response from http://localhost:3001/sparql (HTTP status 400):
Query operation processing failed: none of the configured actors were able to handle the operation type nodes
    Error messages of failing actors:
        Actor urn:comunica:default:query-operation/actors#source does not accept the operation nodes.
"
default,interactive-short-2,short,2,0,3,0,0,d41d8cd98f00b204e9800998ecf8427e,15,0.0,,0,,,True,unsupported,False,True,"Invalid SPARQL endpoint response from http://localhost:3001/sparql (HTTP status 400):
Query operation processing failed: none of the configured actors were able to handle the operation type nodes
    Error messages of failing actors:
        Actor urn:comunica:default:query-operation/actors#source does not accept the operation nodes.
"
default,interactive-short-2,short,2,1,3,0,0,d41d8cd98f00b204e9800998ecf8427e,42,0.0,,0,,,True,unsupported,False,True,"Invalid SPARQL endpoint response from http://localhost:3001/sparql (HTTP status 400):
Query operation processing failed: none of the configured actors were able to handle the operation type nodes
    Error messages of failing actors:
        Actor urn:comunica:default:query-operation/actors#source does not accept the operation nodes.
"
default,interactive-short-2,short,2,2,3,0,0,d41d8cd98f00b204e9800998ecf8427e,30,0.0,,0,,,True,unsupported,False,True,"Invalid SPARQL endpoint response from http://localhost:3001/sparql (HTTP status 400):
Query operation processing failed: none of the configured actors were able to handle the operation type nodes
    Error messages of failing actors:
        Actor urn:comunica:default:query-operation/actors#source does not accept the operation nodes.
"
default,interactive-short-2,short,2,3,3,0,0,d41d8cd98f00b204e9800998ecf8427e,29,0.0,,0,,,True,unsupported,False,True,"Invalid SPARQL endpoint response from http://localhost:3001/sparql (HTTP status 400):
Query operation processing failed: none of the configured actors were able to handle the operation type nodes
    Error messages of failing actors:
        Actor urn:comunica:default:query-operation/actors#source does not accept the operation nodes.
"
default,interactive-short-2,short,2,4,3,0,0,d41d8cd98f00b204e9800998ecf8427e,47,0.0,,0,,,True,unsupported,False,True,"Invalid SPARQL endpoint response from http://localhost:3001/sparql (HTTP status 400):
Query operation processing failed: none of the configured actors were able to handle the operation type nodes
    Error messages of failing actors:
        Actor urn:comunica:default:query-operation/actors#source does not accept the operation nodes.
"
default,interactive-short-2,short,2,0,4,0,0,d41d8cd98f00b204e9800998ecf8427e,50,0.0,,0,,,True,unsupported,False,True,"Invalid SPARQL endpoint response from http://localhost:3001/sparql (HTTP status 400):
Query operation processing failed: none of the configured actors were able to handle the operation type nodes
    Error messages of failing actors:
        Actor urn:comunica:default:query-operation/actors#source does not accept the operation nodes.
"
default,interactive-short-2,short,2,1,4,0,0,d41d8cd98f00b204e9800998ecf8427e,19,0.0,,0,,,True,unsupported,False,True,"Invalid SPARQL endpoint response from http://localhost:3001/sparql (HTTP status 400):
Query operation processing failed: none of the configured actors were able to handle the operation type nodes
    Error messages of failing actors:
        Actor urn:comunica:default:query-operation/actors#source does not accept the operation nodes.
"
default,interactive-short-2,short,2,2,4,0,0,d41d8cd98f00b204e9800998ecf8427e,51,0.0,,0,,,True,unsupported,False,True,"Invalid SPARQL endpoint response from http://localhost:3001/sparql (HTTP status 400):
Query operation processing failed: none of the configured actors were able to handle the operation type nodes
    Error messages of failing actors:
        Actor urn:comunica:default:query-operation/actors#source does not accept the operation nodes.
"
default,interactive-short-2,short,2,3,4,0,0,d41d8cd98f00b204e9800998ecf8427e,42,0.0,,0,,,True,unsupported,False,True,"Invalid SPARQL endpoint response from http://localhost:3001/sparql (HTTP status 400):
Query operation processing failed: none of the configured actors were able to handle the operation type nodes
    Error messages of failing actors:
        Actor urn:comunica:default:query-operation/actors#source does not accept the operation nodes.
"
default,interactive-short-2,short,2,4,4,0,0,d41d8cd98f00b204e9800998ecf8427e,512,0.0,,0,,,True,unsupported,False,True,"Invalid SPARQL endpoint response from http://localhost:3001/sparql (HTTP status 400):
Query operation processing failed: none of the configured actors were able to handle the operation type nodes
    Error messages of failing actors:
        Actor urn:comunica:default:query-operation/actors#source does not accept the operation nodes.
"
default,interactive-short-2,short,2,0,5,0,0,d41d8cd98f00b204e9800998ecf8427e,321,0.0,,0,,,True,unsupported,False,True,"Invalid SPARQL endpoint response from http://localhost:3001/sparql (HTTP status 400):
Query operation processing failed: none of the configured actors were able to handle the operation type nodes
    Error messages of failing actors:
        Actor urn:comunica:default:query-operation/actors#source does not accept the operation nodes.
"
default,interactive-short-2,short,2,1,5,0,0,d41d8cd98f00b204e9800998ecf8427e,19,0.0,,0,,,True,unsupported,False,True,"Invalid SPARQL endpoint response from http://localhost:3001/sparql (HTTP status 400):
Query operation processing failed: none of the configured actors were able to handle the operation type nodes
    Error messages of failing actors:
        Actor urn:comunica:default:query-operation/actors#source does not accept the operation nodes.
"
default,interactive-short-2,short,2,2,5,0,0,d41d8cd98f00b204e9800998ecf8427e,24,0.0,,0,,,True,unsupported,False,True,"Invalid SPARQL endpoint response from http://localhost:3001/sparql (HTTP status 400):
Query operation processing failed: none of the configured actors were able to handle the operation type nodes
    Error messages of failing actors:
        Actor urn:comunica:default:query-operation/actors#source does not accept the operation nodes.
"
default,interactive-short-2,short,2,3,5,0,0,d41d8cd98f00b204e9800998ecf8427e,250,0.0,,0,,,True,unsupported,False,True,"Invalid SPARQL endpoint response from http://localhost:3001/sparql (HTTP status 400):
Query operation processing failed: none of the configured actors were able to handle the operation type nodes
    Error messages of failing actors:
        Actor urn:comunica:default:query-operation/actors#source does not accept the operation nodes.
"
default,interactive-short-2,short,2,4,5,0,0,d41d8cd98f00b204e9800998ecf8427e,22,0.0,,0,,,True,unsupported,False,True,"Invalid SPARQL endpoint response from http://localhost:3001/sparql (HTTP status 400):
Query operation processing failed: none of the configured actors were able to handle the operation type nodes
    Error messages of failing actors:
        Actor urn:comunica:default:query-operation/actors#source does not accept the operation nodes.
"
default,interactive-short-3,short,3,0,0,3,3,f116c376cadfab127000461eedfe6fe4,300279,0.009990708640963904,,3,11989,27379,True,timeout,True,False,"Unexpected ""!"" at position 0 in state STOP"
default,interactive-short-3,short,3,1,0,0,0,d41d8cd98f00b204e9800998ecf8427e,300235,0.0,,0,,,True,timeout,True,True,"Unexpected ""!"" at position 0 in state STOP"
default,interactive-short-3,short,3,2,0,0,0,d41d8cd98f00b204e9800998ecf8427e,300659,0.0,,0,,,True,timeout,True,True,terminated
default,interactive-short-3,short,3,3,0,0,0,d41d8cd98f00b204e9800998ecf8427e,300189,0.0,,0,,,True,timeout,True,True,"Unexpected ""!"" at position 0 in state STOP"
default,interactive-short-3,short,3,4,0,0,0,d41d8cd98f00b204e9800998ecf8427e,300168,0.0,,0,,,True,timeout,True,True,"Unexpected ""!"" at position 0 in state STOP"
default,interactive-short-3,short,3,0,1,0,0,d41d8cd98f00b204e9800998ecf8427e,300239,0.0,,0,,,True,timeout,True,True,"Unexpected ""!"" at position 0 in state STOP"
default,interactive-short-3,short,3,1,1,0,0,d41d8cd98f00b204e9800998ecf8427e,300655,0.0,,0,,,True,timeout,True,True,terminated
default,interactive-short-3,short,3,2,1,0,0,d41d8cd98f00b204e9800998ecf8427e,300214,0.0,,0,,,True,timeout,True,True,"Unexpected ""!"" at position 0 in state STOP"
default,interactive-short-3,short,3,3,1,0,0,d41d8cd98f00b204e9800998ecf8427e,300232,0.0,,0,,,True,timeout,True,True,"Unexpected ""!"" at position 0 in state STOP"
default,interactive-short-3,short,3,4,1,0,0,d41d8cd98f00b204e9800998ecf8427e,300126,0.0,,0,,,True,timeout,True,True,"Unexpected ""!"" at position 0 in state STOP"
default,interactive-short-3,short,3,0,2,0,0,d41d8cd98f00b204e9800998ecf8427e,300118,0.0,,0,,,True,timeout,True,True,"Unexpected ""!"" at position 0 in state STOP"
default,interactive-short-3,short,3,1,2,0,0,d41d8cd98f00b204e9800998ecf8427e,300119,0.0,,0,,,True,timeout,True,True,"Unexpected ""!"" at position 0 in state STOP"
default,interactive-short-3,short,3,2,2,0,0,d41d8cd98f00b204e9800998ecf8427e,300127,0.0,,0,,,True,timeout,True,True,"Unexpected ""!"" at position 0 in state STOP"
default,interactive-short-3,short,3,3,2,0,0,d41d8cd98f00b204e9800998ecf8427e,300664,0.0,,0,,,True,timeout,True,True,terminated
default,interactive-short-3,short,3,4,2,0,0,d41d8cd98f00b204e9800998ecf8427e,300209,0.0,,0,,,True,timeout,True,True,"Unexpected ""!"" at position 0 in state STOP"
default,interactive-short-3,short,3,0,3,0,0,d41d8cd98f00b204e9800998ecf8427e,300652,0.0,,0,,,True,timeout,True,True,terminated
default,interactive-short-3,short,3,1,3,0,0,d41d8cd98f00b204e9800998ecf8427e,300184,0.0,,0,,,True,timeout,True,True,"Unexpected ""!"" at position 0 in state STOP"
default,interactive-short-3,short,3,2,3,0,0,d41d8cd98f00b204e9800998ecf8427e,300165,0.0,,0,,,True,timeout,True,True,"Unexpected ""!"" at position 0 in state STOP"
default,interactive-short-3,short,3,3,3,0,0,d41d8cd98f00b204e9800998ecf8427e,300634,0.0,,0,,,True,timeout,True,True,"Unexpected ""!"" at position 0 in state STOP"
default,interactive-short-3,short,3,4,3,0,0,d41d8cd98f00b204e9800998ecf8427e,300142,0.0,,0,,,True,timeout,True,True,"Unexpected ""!"" at position 0 in state STOP"
default,interactive-short-3,short,3,0,4,0,0,d41d8cd98f00b204e9800998ecf8427e,300193,0.0,,0,,,True,timeout,True,True,"Unexpected ""!"" at position 0 in state STOP"
default,interactive-short-3,short,3,1,4,0,0,d41d8cd98f00b204e9800998ecf8427e,300554,0.0,,0,,,True,timeout,True,True,terminated
default,interactive-short-3,short,3,2,4,0,0,d41d8cd98f00b204e9800998ecf8427e,300611,0.0,,0,,,True,timeout,True,True,terminated
default,interactive-short-3,short,3,3,4,0,0,d41d8cd98f00b204e9800998ecf8427e,300614,0.0,,0,,,True,timeout,True,True,terminated
default,interactive-short-3,short,3,4,4,0,0,d41d8cd98f00b204e9800998ecf8427e,300264,0.0,,0,,,True,timeout,True,True,"Unexpected ""!"" at position 0 in state STOP"
default,interactive-short-3,short,3,0,5,0,0,d41d8cd98f00b204e9800998ecf8427e,300098,0.0,,0,,,True,timeout,True,True,"Unexpected ""!"" at position 0 in state STOP"
default,interactive-short-3,short,3,1,5,0,0,d41d8cd98f00b204e9800998ecf8427e,300156,0.0,,0,,,True,timeout,True,True,"Unexpected ""!"" at position 0 in state STOP"
default,interactive-short-3,short,3,2,5,0,0,d41d8cd98f00b204e9800998ecf8427e,300115,0.0,,0,,,True,timeout,True,True,"Unexpected ""!"" at position 0 in state STOP"
default,interactive-short-3,short,3,3,5,0,0,d41d8cd98f00b204e9800998ecf8427e,300194,0.0,,0,,,True,timeout,True,True,"Unexpected ""!"" at position 0 in state STOP"
default,interactive-short-3,short,3,4,5,0,0,d41d8cd98f00b204e9800998ecf8427e,300144,0.0,,0,,,True,timeout,True,True,"Unexpected ""!"" at position 0 in state STOP"
default,interactive-short-4,short,4,0,0,1,1,be952defdc6bff97ab1d2bd30503bd7a,371,2.6954177897574123,3.0,1,243,243,False,ok,False,False,
default,interactive-short-4,short,4,1,0,1,1,c7f96e08adf5efcc4ad5302bc4ebe30f,257,3.8910505836575875,3.0,1,135,135,False,ok,False,False,
default,interactive-short-4,short,4,2,0,1,1,b14fe4f20ab576f2bf485f4d72fc2332,793,1.2610340479192939,27.0,1,190,190,False,ok,False,False,
default,interactive-short-4,short,4,3,0,1,1,c114679689014713f0be71d73de99a0b,1314,0.76103500761035,37.0,1,328,328,False,ok,False,False,
default,interactive-short-4,short,4,4,0,1,1,c93535a997dcc3e3b4e497b89e662936,223,4.484304932735426,3.0,1,115,115,False,ok,False,False,
default,interactive-short-4,short,4,0,1,1,1,be952defdc6bff97ab1d2bd30503bd7a,220,4.545454545454546,3.0,1,113,113,False,ok,False,False,
default,interactive-short-4,short,4,1,1,1,1,c7f96e08adf5efcc4ad5302bc4ebe30f,231,4.329004329004329,3.0,1,119,119,False,ok,False,False,
default,interactive-short-4,short,4,2,1,1,1,b14fe4f20ab576f2bf485f4d72fc2332,461,2.1691973969631237,27.0,1,148,148,False,ok,False,False,
default,interactive-short-4,short,4,3,1,1,1,c114679689014713f0be71d73de99a0b,565,1.7699115044247788,37.0,1,169,169,False,ok,False,False,
default,interactive-short-4,short,4,4,1,1,1,c93535a997dcc3e3b4e497b89e662936,227,4.405286343612334,3.0,1,124,124,False,ok,False,False,
default,interactive-short-4,short,4,0,2,1,1,be952defdc6bff97ab1d2bd30503bd7a,204,4.901960784313726,3.0,1,101,101,False,ok,False,False,
default,interactive-short-4,short,4,1,2,1,1,c7f96e08adf5efcc4ad5302bc4ebe30f,218,4.587155963302752,3.0,1,118,118,False,ok,False,False,
default,interactive-short-4,short,4,2,2,1,1,b14fe4f20ab576f2bf485f4d72fc2332,469,2.1321961620469083,27.0,1,145,145,False,ok,False,False,
default,interactive-short-4,short,4,3,2,1,1,c114679689014713f0be71d73de99a0b,560,1.7857142857142856,37.0,1,163,163,False,ok,False,False,
default,interactive-short-4,short,4,4,2,1,1,c93535a997dcc3e3b4e497b89e662936,222,4.504504504504505,3.0,1,119,119,False,ok,False,False,
default,interactive-short-4,short,4,0,3,1,1,be952defdc6bff97ab1d2bd30503bd7a,215,4.651162790697675,3.0,1,103,103,False,ok,False,False,
default,interactive-short-4,short,4,1,3,1,1,c7f96e08adf5efcc4ad5302bc4ebe30f,222,4.504504504504505,3.0,1,118,118,False,ok,False,False,
default,interactive-short-4,short,4,2,3,1,1,b14fe4f20ab576f2bf485f4d72fc2332,478,2.092050209205021,27.0,1,156,156,False,ok,False,False,
default,interactive-short-4,short,4,3,3,1,1,c114679689014713f0be71d73de99a0b,562,1.779359430604982,37.0,1,162,162,False,ok,False,False,
default,interactive-short-4,short,4,4,3,1,1,c93535a997dcc3e3b4e497b89e662936,236,4.237288135593221,3.0,1,124,124,False,ok,False,False,
default,interactive-short-4,short,4,0,4,1,1,be952defdc6bff97ab1d2bd30503bd7a,201,4.975124378109452,3.0,1,99,99,False,ok,False,False,
default,interactive-short-4,short,4,1,4,1,1,c7f96e08adf5efcc4ad5302bc4ebe30f,236,4.237288135593221,3.0,1,123,123,False,ok,False,False,
default,interactive-short-4,short,4,2,4,1,1,b14fe4f20ab576f2bf485f4d72fc2332,468,2.1367521367521367,27.0,1,156,156,False,ok,False,False,
default,interactive-short-4,short,4,3,4,1,1,c114679689014713f0be71d73de99a0b,554,1.8050541516245486,37.0,1,163,163,False,ok,False,False,
default,interactive-short-4,short,4,4,4,1,1,c93535a997dcc3e3b4e497b89e662936,218,4.587155963302752,3.0,1,112,112,False,ok,False,False,
default,interactive-short-4,short,4,0,5,1,1,be952defdc6bff97ab1d2bd30503bd7a,224,4.464285714285714,3.0,1,109,109,False,ok,False,False,
default,interactive-short-4,short,4,1,5,1,1,c7f96e08adf5efcc4ad5302bc4ebe30f,234,4.273504273504273,3.0,1,118,118,False,ok,False,False,
default,interactive-short-4,short,4,2,5,1,1,b14fe4f20ab576f2bf485f4d72fc2332,449,2.2271714922048997,27.0,1,142,142,False,ok,False,False,
default,interactive-short-4,short,4,3,5,1,1,c114679689014713f0be71d73de99a0b,572,1.7482517482517483,37.0,1,166,166,False,ok,False,False,
default,interactive-short-4,short,4,4,5,1,1,c93535a997dcc3e3b4e497b89e662936,210,4.761904761904762,3.0,1,106,106,False,ok,False,False,
default,interactive-short-5,short,5,0,0,1,1,dc0e41612718b8e8febbfed0b6a81235,6504,0.15375153751537515,530.0,1,363,363,False,ok,False,False,
default,interactive-short-5,short,5,1,0,1,1,503ee1b279b823f2e5e6c3c7ad09348a,12210,0.0819000819000819,1112.0,1,361,361,False,ok,False,False,
default,interactive-short-5,short,5,2,0,1,1,f5c7036bdd812461f2fb5aae6b3ae925,45689,0.021887106305675325,4572.0,1,438,438,False,ok,False,False,
default,interactive-short-5,short,5,3,0,1,1,34828ddcb65169a440f3b93e10833a13,1009,0.9910802775024778,46.0,1,441,441,False,ok,False,False,
default,interactive-short-5,short,5,4,0,1,1,85635c1632159d9ccdaa8e67a0da19e7,5087,0.19657951641438964,476.0,1,359,359,False,ok,False,False,
default,interactive-short-5,short,5,0,1,1,1,dc0e41612718b8e8febbfed0b6a81235,5612,0.1781895937277263,530.0,1,339,339,False,ok,False,False,
default,interactive-short-5,short,5,1,1,1,1,503ee1b279b823f2e5e6c3c7ad09348a,12214,0.08187326019322089,1112.0,1,357,357,False,ok,False,False,
default,interactive-short-5,short,5,2,1,1,1,f5c7036bdd812461f2fb5aae6b3ae925,43559,0.0229573681673133,4572.0,1,451,451,False,ok,False,False,
default,interactive-short-5,short,5,3,1,1,1,34828ddcb65169a440f3b93e10833a13,1027,0.9737098344693282,46.0,1,436,436,False,ok,False,False,
default,interactive-short-5,short,5,4,1,1,1,85635c1632159d9ccdaa8e67a0da19e7,5016,0.19936204146730463,476.0,1,355,355,False,ok,False,False,
default,interactive-short-5,short,5,0,2,1,1,dc0e41612718b8e8febbfed0b6a81235,5549,0.18021265092809513,530.0,1,333,333,False,ok,False,False,
default,interactive-short-5,short,5,1,2,1,1,503ee1b279b823f2e5e6c3c7ad09348a,12159,0.08224360555966773,1112.0,1,357,357,False,ok,False,False,
default,interactive-short-5,short,5,2,2,1,1,f5c7036bdd812461f2fb5aae6b3ae925,46204,0.02164314777941304,4572.0,1,419,419,False,ok,False,False,
default,interactive-short-5,short,5,3,2,1,1,34828ddcb65169a440f3b93e10833a13,1013,0.987166831194472,46.0,1,446,446,False,ok,False,False,
default,interactive-short-5,short,5,4,2,1,1,85635c1632159d9ccdaa8e67a0da19e7,5155,0.19398642095053345,476.0,1,368,368,False,ok,False,False,
default,interactive-short-5,short,5,0,3,1,1,dc0e41612718b8e8febbfed0b6a81235,5634,0.17749378771742988,530.0,1,339,339,False,ok,False,False,
default,interactive-short-5,short,5,1,3,1,1,503ee1b279b823f2e5e6c3c7ad09348a,12206,0.08192692118630182,1112.0,1,360,360,False,ok,False,False,
default,interactive-short-5,short,5,2,3,1,1,f5c7036bdd812461f2fb5aae6b3ae925,45738,0.02186365822729459,4572.0,1,434,434,False,ok,False,False,
default,interactive-short-5,short,5,3,3,1,1,34828ddcb65169a440f3b93e10833a13,1000,1.0,46.0,1,417,417,False,ok,False,False,
default,interactive-short-5,short,5,4,3,1,1,85635c1632159d9ccdaa8e67a0da19e7,5250,0.19047619047619047,476.0,1,346,346,False,ok,False,False,
default,interactive-short-5,short,5,0,4,1,1,dc0e41612718b8e8febbfed0b6a81235,5891,0.16975046681378375,530.0,1,336,336,False,ok,False,False,
default,interactive-short-5,short,5,1,4,1,1,503ee1b279b823f2e5e6c3c7ad09348a,12752,0.07841907151819322,1112.0,1,355,355,False,ok,False,False,
default,interactive-short-5,short,5,2,4,1,1,f5c7036bdd812461f2fb5aae6b3ae925,47975,0.020844189682126108,4572.0,1,437,437,False,ok,False,False,
default,interactive-short-5,short,5,3,4,1,1,34828ddcb65169a440f3b93e10833a13,1047,0.9551098376313276,46.0,1,460,460,False,ok,False,False,
default,interactive-short-5,short,5,4,4,1,1,85635c1632159d9ccdaa8e67a0da19e7,5228,0.1912777352716144,476.0,1,376,376,False,ok,False,False,
default,interactive-short-5,short,5,0,5,1,1,dc0e41612718b8e8febbfed0b6a81235,5658,0.17674089784376104,530.0,1,337,337,False,ok,False,False,
default,interactive-short-5,short,5,1,5,1,1,503ee1b279b823f2e5e6c3c7ad09348a,12140,0.08237232289950576,1112.0,1,352,352,False,ok,False,False,
default,interactive-short-5,short,5,2,5,1,1,f5c7036bdd812461f2fb5aae6b3ae925,46872,0.021334698754053593,4572.0,1,434,434,False,ok,False,False,
default,interactive-short-5,short,5,3,5,1,1,34828ddcb65169a440f3b93e10833a13,998,1.002004008016032,46.0,1,423,423,False,ok,False,False,
default,interactive-short-5,short,5,4,5,1,1,85635c1632159d9ccdaa8e67a0da19e7,5157,0.19391118867558657,476.0,1,367,367,False,ok,False,False,
default,interactive-short-6,short,6,0,0,1,1,ba304a277e0c6fae635de35002222d91,300009,0.003333233336333243,,1,472,472,True,timeout,True,False,"Unexpected ""!"" at position 0 in state STOP"
default,interactive-short-6,short,6,1,0,1,1,e849f1a14477da933bfaa5ee561efce8,300109,0.0033321226620994376,,1,846,846,True,timeout,True,False,"Unexpected ""!"" at position 0 in state STOP"
default,interactive-short-6,short,6,2,0,0,0,d41d8cd98f00b204e9800998ecf8427e,300108,0.0,,0,,,True,timeout,True,True,"Unexpected ""!"" at position 0 in state STOP"
default,interactive-short-6,short,6,3,0,0,0,d41d8cd98f00b204e9800998ecf8427e,300109,0.0,,0,,,True,timeout,True,True,"Unexpected ""!"" at position 0 in state STOP"
default,interactive-short-6,short,6,4,0,0,0,d41d8cd98f00b204e9800998ecf8427e,300110,0.0,,0,,,True,timeout,True,True,"Unexpected ""!"" at position 0 in state STOP"
default,interactive-short-6,short,6,0,1,1,1,ba304a277e0c6fae635de35002222d91,300112,0.003332089353308098,,1,707,707,True,timeout,True,False,"Unexpected ""!"" at position 0 in state STOP"
default,interactive-short-6,short,6,1,1,1,1,e849f1a14477da933bfaa5ee561efce8,300034,0.0033329555983655185,,1,833,833,True,timeout,True,False,"Unexpected ""!"" at position 0 in state STOP"
default,interactive-short-6,short,6,2,1,0,0,d41d8cd98f00b204e9800998ecf8427e,300112,0.0,,0,,,True,timeout,True,True,"Unexpected ""!"" at position 0 in state STOP"
default,interactive-short-6,short,6,3,1,0,0,d41d8cd98f00b204e9800998ecf8427e,300115,0.0,,0,,,True,timeout,True,True,"Unexpected ""!"" at position 0 in state STOP"
default,interactive-short-6,short,6,4,1,0,0,d41d8cd98f00b204e9800998ecf8427e,300109,0.0,,0,,,True,timeout,True,True,"Unexpected ""!"" at position 0 in state STOP"
default,interactive-short-6,short,6,0,2,1,1,ba304a277e0c6fae635de35002222d91,300109,0.0033321226620994376,,1,741,741,True,timeout,True,False,"Unexpected ""!"" at position 0 in state STOP"
default,interactive-short-6,short,6,1,2,1,1,e849f1a14477da933bfaa5ee561efce8,300114,0.003332067147817163,,1,884,884,True,timeout,True,False,"Unexpected ""!"" at position 0 in state STOP"
default,interactive-short-6,short,6,2,2,0,0,d41d8cd98f00b204e9800998ecf8427e,300109,0.0,,0,,,True,timeout,True,True,"Unexpected ""!"" at position 0 in state STOP"
default,interactive-short-6,short,6,3,2,0,0,d41d8cd98f00b204e9800998ecf8427e,300114,0.0,,0,,,True,timeout,True,True,"Unexpected ""!"" at position 0 in state STOP"
default,interactive-short-6,short,6,4,2,0,0,d41d8cd98f00b204e9800998ecf8427e,300108,0.0,,0,,,True,timeout,True,True,"Unexpected ""!"" at position 0 in state STOP"
default,interactive-short-6,short,6,0,3,1,1,ba304a277e0c6fae635de35002222d91,300110,0.003332111559094998,,1,724,724,True,timeout,True,False,"Unexpected ""!"" at position 0 in state STOP"
default,interactive-short-6,short,6,1,3,1,1,e849f1a14477da933bfaa5ee561efce8,300108,0.003332133765177869,,1,853,853,True,timeout,True,False,"Unexpected ""!"" at position 0 in state STOP"
default,interactive-short-6,short,6,2,3,0,0,d41d8cd98f00b204e9800998ecf8427e,300109,0.0,,0,,,True,timeout,True,True,"Unexpected ""!"" at position 0 in state STOP"
default,interactive-short-6,short,6,3,3,0,0,d41d8cd98f00b204e9800998ecf8427e,300109,0.0,,0,,,True,timeout,True,True,"Unexpected ""!"" at position 0 in state STOP"
default,interactive-short-6,short,6,4,3,0,0,d41d8cd98f00b204e9800998ecf8427e,300137,0.0,,0,,,True,timeout,True,True,"Unexpected ""!"" at position 0 in state STOP"
default,interactive-short-6,short,6,0,4,1,1,ba304a277e0c6fae635de35002222d91,300110,0.003332111559094998,,1,729,729,True,timeout,True,False,"Unexpected ""!"" at position 0 in state STOP"
default,interactive-short-6,short,6,1,4,1,1,e849f1a14477da933bfaa5ee561efce8,300110,0.003332111559094998,,1,807,807,True,timeout,True,False,"Unexpected ""!"" at position 0 in state STOP"
default,interactive-short-6,short,6,2,4,0,0,d41d8cd98f00b204e9800998ecf8427e,300065,0.0,,0,,,True,timeout,True,True,"Unexpected ""!"" at position 0 in state STOP"
default,interactive-short-6,short,6,3,4,0,0,d41d8cd98f00b204e9800998ecf8427e,300109,0.0,,0,,,True,timeout,True,True,"Unexpected ""!"" at position 0 in state STOP"
default,interactive-short-6,short,6,4,4,0,0,d41d8cd98f00b204e9800998ecf8427e,300112,0.0,,0,,,True,timeout,True,True,"Unexpected ""!"" at position 0 in state STOP"
default,interactive-short-6,short,6,0,5,1,1,ba304a277e0c6fae635de35002222d91,300119,0.0033320116353846305,,1,701,701,True,timeout,True,False,"Unexpected ""!"" at position 0 in state STOP"
default,interactive-short-6,short,6,1,5,1,1,e849f1a14477da933bfaa5ee561efce8,300082,0.003332422471191208,,1,858,858,True,timeout,True,False,"Unexpected ""!"" at position 0 in state STOP"
default,interactive-short-6,short,6,2,5,0,0,d41d8cd98f00b204e9800998ecf8427e,300119,0.0,,0,,,True,timeout,True,True,"Unexpected ""!"" at position 0 in state STOP"
default,interactive-short-6,short,6,3,5,0,0,d41d8cd98f00b204e9800998ecf8427e,300111,0.0,,0,,,True,timeout,True,True,"Unexpected ""!"" at position 0 in state STOP"
default,interactive-short-6,short,6,4,5,0,0,d41d8cd98f00b204e9800998ecf8427e,300113,0.0,,0,,,True,timeout,True,True,"Unexpected ""!"" at position 0 in state STOP"
default,interactive-short-7,short,7,0,0,0,0,d41d8cd98f00b204e9800998ecf8427e,300231,0.0,,0,,,True,timeout,True,True,"Unexpected ""!"" at position 0 in state STOP"
default,interactive-short-7,short,7,1,0,0,0,d41d8cd98f00b204e9800998ecf8427e,300113,0.0,,0,,,True,timeout,True,True,"Unexpected ""!"" at position 0 in state STOP"
default,interactive-short-7,short,7,2,0,0,0,d41d8cd98f00b204e9800998ecf8427e,300112,0.0,,0,,,True,timeout,True,True,"Unexpected ""!"" at position 0 in state STOP"
default,interactive-short-7,short,7,3,0,0,0,d41d8cd98f00b204e9800998ecf8427e,300113,0.0,,0,,,True,timeout,True,True,"Unexpected ""!"" at position 0 in state STOP"
default,interactive-short-7,short,7,4,0,0,0,d41d8cd98f00b204e9800998ecf8427e,300115,0.0,,0,,,True,timeout,True,True,"Unexpected ""!"" at position 0 in state STOP"
default,interactive-short-7,short,7,0,1,0,0,d41d8cd98f00b204e9800998ecf8427e,300199,0.0,,0,,,True,timeout,True,True,"Unexpected ""!"" at position 0 in state STOP"
default,interactive-short-7,short,7,1,1,0,0,d41d8cd98f00b204e9800998ecf8427e,300114,0.0,,0,,,True,timeout,True,True,"Unexpected ""!"" at position 0 in state STOP"
default,interactive-short-7,short,7,2,1,0,0,d41d8cd98f00b204e9800998ecf8427e,300114,0.0,,0,,,True,timeout,True,True,"Unexpected ""!"" at position 0 in state STOP"
default,interactive-short-7,short,7,3,1,0,0,d41d8cd98f00b204e9800998ecf8427e,300113,0.0,,0,,,True,timeout,True,True,"Unexpected ""!"" at position 0 in state STOP"
default,interactive-short-7,short,7,4,1,0,0,d41d8cd98f00b204e9800998ecf8427e,300113,0.0,,0,,,True,timeout,True,True,"Unexpected ""!"" at position 0 in state STOP"
default,interactive-short-7,short,7,0,2,0,0,d41d8cd98f00b204e9800998ecf8427e,300112,0.0,,0,,,True,timeout,True,True,"Unexpected ""!"" at position 0 in state STOP"
default,interactive-short-7,short,7,1,2,0,0,d41d8cd98f00b204e9800998ecf8427e,300112,0.0,,0,,,True,timeout,True,True,"Unexpected ""!"" at position 0 in state STOP"
default,interactive-short-7,short,7,2,2,0,0,d41d8cd98f00b204e9800998ecf8427e,300090,0.0,,0,,,True,timeout,True,True,"Unexpected ""!"" at position 0 in state STOP"
default,interactive-short-7,short,7,3,2,0,0,d41d8cd98f00b204e9800998ecf8427e,300112,0.0,,0,,,True,timeout,True,True,"Unexpected ""!"" at position 0 in state STOP"
default,interactive-short-7,short,7,4,2,0,0,d41d8cd98f00b204e9800998ecf8427e,300114,0.0,,0,,,True,timeout,True,True,"Unexpected ""!"" at position 0 in state STOP"
default,interactive-short-7,short,7,0,3,0,0,d41d8cd98f00b204e9800998ecf8427e,300114,0.0,,0,,,True,timeout,True,True,"Unexpected ""!"" at position 0 in state STOP"
default,interactive-short-7,short,7,1,3,0,0,d41d8cd98f00b204e9800998ecf8427e,300112,0.0,,0,,,True,timeout,True,True,"Unexpected ""!"" at position 0 in state STOP"
default,interactive-short-7,short,7,2,3,0,0,d41d8cd98f00b204e9800998ecf8427e,300112,0.0,,0,,,True,timeout,True,True,"Unexpected ""!"" at position 0 in state STOP"
default,interactive-short-7,short,7,3,3,0,0,d41d8cd98f00b204e9800998ecf8427e,300669,0.0,,0,,,True,timeout,True,True,terminated
default,interactive-short-7,short,7,4,3,0,0,d41d8cd98f00b204e9800998ecf8427e,300112,0.0,,0,,,True,timeout,True,True,"Unexpected ""!"" at position 0 in state STOP"
default,interactive-short-7,short,7,0,4,0,0,d41d8cd98f00b204e9800998ecf8427e,300113,0.0,,0,,,True,timeout,True,True,"Unexpected ""!"" at position 0 in state STOP"
default,interactive-short-7,short,7,1,4,0,0,d41d8cd98f00b204e9800998ecf8427e,300113,0.0,,0,,,True,timeout,True,True,"Unexpected ""!"" at position 0 in state STOP"
default,interactive-short-7,short,7,2,4,0,0,d41d8cd98f00b204e9800998ecf8427e,300113,0.0,,0,,,True,timeout,True,True,"Unexpected ""!"" at position 0 in state STOP"
default,interactive-short-7,short,7,3,4,0,0,d41d8cd98f00b204e9800998ecf8427e,300113,0.0,,0,,,True,timeout,True,True,"Unexpected ""!"" at position 0 in state STOP"
default,interactive-short-7,short,7,4,4,0,0,d41d8cd98f00b204e9800998ecf8427e,300034,0.0,,0,,,True,timeout,True,True,"Unexpected ""!"" at position 0 in state STOP"
default,interactive-short-7,short,7,0,5,0,0,d41d8cd98f00b204e9800998ecf8427e,300109,0.0,,0,,,True,timeout,True,True,"Unexpected ""!"" at position 0 in state STOP"
default,interactive-short-7,short,7,1,5,0,0,d41d8cd98f00b204e9800998ecf8427e,300034,0.0,,0,,,True,timeout,True,True,"Unexpected ""!"" at position 0 in state STOP"
default,interactive-short-7,short,7,2,5,0,0,d41d8cd98f00b204e9800998ecf8427e,300116,0.0,,0,,,True,timeout,True,True,"Unexpected ""!"" at position 0 in state STOP"
default,interactive-short-7,short,7,3,5,0,0,d41d8cd98f00b204e9800998ecf8427e,300651,0.0,,0,,,True,timeout,True,True,terminated
default,interactive-short-7,short,7,4,5,0,0,d41d8cd98f00b204e9800998ecf8427e,300481,0.0,,0,,,True,timeout,True,True,terminated
derived-resources,interactive-discover-1,discover,1,0,0,6,6,d632b8166f912f4afd062d64186f2dc6,6306,0.9514747859181731,96.0,6,3845,4126,False,ok,False,False,
derived-resources,interactive-discover-1,discover,1,1,0,4,4,e00f199d535cd1710bf9be67f04f39e4,2307,1.7338534893801474,32.0,4,1646,1681,False,ok,False,False,
derived-resources,interactive-discover-1,discover,1,2,0,1,1,c4499554f796e968a069e67a8f5d9d1c,2048,0.48828125,32.0,1,1507,1507,False,ok,False,False,
derived-resources,interactive-discover-1,discover,1,3,0,14,14,6c0a9fe8be642ee232c10c9996912b97,2128,6.578947368421052,34.0,14,1356,1609,False,ok,False,False,
derived-resources,interactive-discover-1,discover,1,4,0,8,8,7536d3a2c1abc2a9ac92b1860efa3282,2992,2.6737967914438503,84.0,8,1164,1480,False,ok,False,False,
derived-resources,interactive-discover-1,discover,1,0,1,6,6,d632b8166f912f4afd062d64186f2dc6,1977,3.0349013657056143,96.0,6,821,821,False,ok,False,False,
derived-resources,interactive-discover-1,discover,1,1,1,4,4,e00f199d535cd1710bf9be67f04f39e4,1387,2.883922134102379,32.0,4,771,772,False,ok,False,False,
derived-resources,interactive-discover-1,discover,1,2,1,1,1,c4499554f796e968a069e67a8f5d9d1c,1362,0.7342143906020557,32.0,1,782,782,False,ok,False,False,
derived-resources,interactive-discover-1,discover,1,3,1,14,14,6c0a9fe8be642ee232c10c9996912b97,1433,9.769713886950454,34.0,14,808,809,False,ok,False,False,
derived-resources,interactive-discover-1,discover,1,4,1,8,8,7536d3a2c1abc2a9ac92b1860efa3282,1912,4.184100418410042,84.0,8,904,905,False,ok,False,False,
derived-resources,interactive-discover-1,discover,1,0,2,6,6,d632b8166f912f4afd062d64186f2dc6,1895,3.1662269129287597,96.0,6,764,764,False,ok,False,False,
derived-resources,interactive-discover-1,discover,1,1,2,4,4,e00f199d535cd1710bf9be67f04f39e4,1364,2.9325513196480935,32.0,4,777,777,False,ok,False,False,
derived-resources,interactive-discover-1,discover,1,2,2,1,1,c4499554f796e968a069e67a8f5d9d1c,1351,0.7401924500370096,32.0,1,788,788,False,ok,False,False,
derived-resources,interactive-discover-1,discover,1,3,2,14,14,6c0a9fe8be642ee232c10c9996912b97,1376,10.174418604651164,34.0,14,813,814,False,ok,False,False,
derived-resources,interactive-discover-1,discover,1,4,2,8,8,7536d3a2c1abc2a9ac92b1860efa3282,1790,4.4692737430167595,84.0,8,793,793,False,ok,False,False,
derived-resources,interactive-discover-1,discover,1,0,3,6,6,d632b8166f912f4afd062d64186f2dc6,1924,3.1185031185031185,96.0,6,821,821,False,ok,False,False,
derived-resources,interactive-discover-1,discover,1,1,3,4,4,e00f199d535cd1710bf9be67f04f39e4,1336,2.994011976047904,32.0,4,777,777,False,ok,False,False,
derived-resources,interactive-discover-1,discover,1,2,3,1,1,c4499554f796e968a069e67a8f5d9d1c,1293,0.7733952049497294,32.0,1,755,755,False,ok,False,False,
derived-resources,interactive-discover-1,discover,1,3,3,14,14,6c0a9fe8be642ee232c10c9996912b97,1341,10.439970171513796,34.0,14,762,763,False,ok,False,False,
derived-resources,interactive-discover-1,discover,1,4,3,8,8,7536d3a2c1abc2a9ac92b1860efa3282,1743,4.589787722317842,84.0,8,752,753,False,ok,False,False,
derived-resources,interactive-discover-1,discover,1,0,4,6,6,d632b8166f912f4afd062d64186f2dc6,2205,2.7210884353741496,96.0,6,875,876,False,ok,False,False,
derived-resources,interactive-discover-1,discover,1,1,4,4,4,e00f199d535cd1710bf9be67f04f39e4,1330,3.007518796992481,32.0,4,755,755,False,ok,False,False,
derived-resources,interactive-discover-1,discover,1,2,4,1,1,c4499554f796e968a069e67a8f5d9d1c,1282,0.7800312012480499,32.0,1,755,755,False,ok,False,False,
derived-resources,interactive-discover-1,discover,1,3,4,14,14,6c0a9fe8be642ee232c10c9996912b97,1304,10.736196319018404,34.0,14,666,667,False,ok,False,False,
derived-resources,interactive-discover-1,discover,1,4,4,8,8,7536d3a2c1abc2a9ac92b1860efa3282,1686,4.744958481613286,84.0,8,756,757,False,ok,False,False,
derived-resources,interactive-discover-1,discover,1,0,5,6,6,d632b8166f912f4afd062d64186f2dc6,2277,2.635046113306983,96.0,6,1185,1185,False,ok,False,False,
derived-resources,interactive-discover-1,discover,1,1,5,4,4,e00f199d535cd1710bf9be67f04f39e4,1310,3.0534351145038165,32.0,4,798,798,False,ok,False,False,
derived-resources,interactive-discover-1,discover,1,2,5,1,1,c4499554f796e968a069e67a8f5d9d1c,1317,0.7593014426727411,32.0,1,796,796,False,ok,False,False,
derived-resources,interactive-discover-1,discover,1,3,5,14,14,6c0a9fe8be642ee232c10c9996912b97,1322,10.59001512859304,34.0,14,733,734,False,ok,False,False,
derived-resources,interactive-discover-1,discover,1,4,5,8,8,7536d3a2c1abc2a9ac92b1860efa3282,1753,4.563605248146036,84.0,8,779,784,False,ok,False,False,
derived-resources,interactive-discover-2,discover,2,0,0,66,66,18ff3becda1d7305aaa0da5860ca7511,2141,30.826716487622605,,66,908,1531,True,crash,False,False,"Unexpected ""!"" at position 0 in state STOP"
derived-resources,interactive-discover-2,discover,2,1,0,46,46,f6a5ba863b07324a44f8e492bf9ab0e1,2632,17.477203647416413,,46,1424,2251,True,crash,False,False,"Unexpected ""!"" at position 0 in state STOP"
derived-resources,interactive-discover-2,discover,2,2,0,32,32,113587781a953fec190d8e3339b06c26,2303,13.894919669995659,,32,1372,1854,True,crash,False,False,"Unexpected ""!"" at position 0 in state STOP"
derived-resources,interactive-discover-2,discover,2,3,0,198,198,23320e2cdf40e8165aa7fdff74171184,2710,73.06273062730628,,198,1376,2692,True,crash,False,False,"Unexpected ""!"" at position 0 in state STOP"
derived-resources,interactive-discover-2,discover,2,4,0,98,98,a7ea80830c1f3358609f53e0ce62fd9a,2956,33.15290933694181,,98,1485,2416,True,crash,False,False,"Unexpected ""!"" at position 0 in state STOP"
derived-resources,interactive-discover-2,discover,2,0,1,66,66,18ff3becda1d7305aaa0da5860ca7511,2812,23.470839260312946,,66,1467,1970,True,crash,False,False,"Unexpected ""!"" at position 0 in state STOP"
derived-resources,interactive-discover-2,discover,2,1,1,46,46,f6a5ba863b07324a44f8e492bf9ab0e1,1994,23.069207622868607,,46,1206,1256,True,crash,False,False,"Unexpected ""!"" at position 0 in state STOP"
derived-resources,interactive-discover-2,discover,2,2,1,32,32,113587781a953fec190d8e3339b06c26,2007,15.944195316392625,,32,1242,1311,True,crash,False,False,"Unexpected ""!"" at position 0 in state STOP"
derived-resources,interactive-discover-2,discover,2,3,1,198,198,23320e2cdf40e8165aa7fdff74171184,2349,84.2911877394636,,198,1499,2101,True,crash,False,False,"Unexpected ""!"" at position 0 in state STOP"
derived-resources,interactive-discover-2,discover,2,4,1,98,98,a7ea80830c1f3358609f53e0ce62fd9a,2997,32.699366032699366,,98,1456,1681,True,crash,False,False,"Unexpected ""!"" at position 0 in state STOP"
derived-resources,interactive-discover-2,discover,2,0,2,66,66,18ff3becda1d7305aaa0da5860ca7511,2837,23.26401127952062,,66,1424,2015,True,crash,False,False,"Unexpected ""!"" at position 0 in state STOP"
derived-resources,interactive-discover-2,discover,2,1,2,46,46,f6a5ba863b07324a44f8e492bf9ab0e1,1962,23.44546381243629,,46,1404,1477,True,crash,False,False,"Unexpected ""!"" at position 0 in state STOP"
derived-resources,interactive-discover-2,discover,2,2,2,32,32,113587781a953fec190d8e3339b06c26,2231,14.343343792021516,,32,1226,1693,True,crash,False,False,"Unexpected ""!"" at position 0 in state STOP"
derived-resources,interactive-discover-2,discover,2,3,2,198,198,23320e2cdf40e8165aa7fdff74171184,2087,94.87302347867752,,198,1357,1839,True,crash,False,False,"Unexpected ""!"" at position 0 in state STOP"
derived-resources,interactive-discover-2,discover,2,4,2,98,98,a7ea80830c1f3358609f53e0ce62fd9a,2792,35.100286532951294,,98,1618,1796,True,crash,False,False,"Unexpected ""!"" at position 0 in state STOP"
derived-resources,interactive-discover-2,discover,2,0,3,66,66,18ff3becda1d7305aaa0da5860ca7511,2899,22.76647119696447,,66,1379,2092,True,crash,False,False,"Unexpected ""!"" at position 0 in state STOP"
derived-resources,interactive-discover-2,discover,2,1,3,46,46,f6a5ba863b07324a44f8e492bf9ab0e1,1861,24.717893605588394,,46,1320,1408,True,crash,False,False,"Unexpected ""!"" at position 0 in state STOP"
derived-resources,interactive-discover-2,discover,2,2,3,32,32,113587781a953fec190d8e3339b06c26,2260,14.15929203539823,,32,1488,1685,True,crash,False,False,"Unexpected ""!"" at position 0 in state STOP"
derived-resources,interactive-discover-2,discover,2,3,3,198,198,23320e2cdf40e8165aa7fdff74171184,2177,90.95084979329351,,198,1373,1924,True,crash,False,False,"Unexpected ""!"" at position 0 in state STOP"
derived-resources,interactive-discover-2,discover,2,4,3,98,98,a7ea80830c1f3358609f53e0ce62fd9a,2523,38.84264764169639,,98,1391,1693,True,crash,False,False,"Unexpected ""!"" at position 0 in state STOP"
derived-resources,interactive-discover-2,discover,2,0,4,66,66,18ff3becda1d7305aaa0da5860ca7511,3023,21.83261660602051,,66,1589,2156,True,crash,False,False,"Unexpected ""!"" at position 0 in state STOP"
derived-resources,interactive-discover-2,discover,2,1,4,46,46,f6a5ba863b07324a44f8e492bf9ab0e1,1860,24.731182795698924,,46,1311,1356,True,crash,False,False,"Unexpected ""!"" at position 0 in state STOP"
derived-resources,interactive-discover-2,discover,2,2,4,32,32,113587781a953fec190d8e3339b06c26,2211,14.473089099954773,,32,1254,1291,True,crash,False,False,"Unexpected ""!"" at position 0 in state STOP"
derived-resources,interactive-discover-2,discover,2,3,4,198,198,23320e2cdf40e8165aa7fdff74171184,2110,93.83886255924172,,198,1385,1897,True,crash,False,False,"Unexpected ""!"" at position 0 in state STOP"
derived-resources,interactive-discover-2,discover,2,4,4,98,98,a7ea80830c1f3358609f53e0ce62fd9a,2650,36.9811320754717,,98,1668,1854,True,crash,False,False,"Unexpected ""!"" at position 0 in state STOP"
derived-resources,interactive-discover-2,discover,2,0,5,66,66,18ff3becda1d7305aaa0da5860ca7511,2720,24.26470588235294,,66,1535,2064,True,crash,False,False,"Unexpected ""!"" at position 0 in state STOP"
derived-resources,interactive-discover-2,discover,2,1,5,46,46,f6a5ba863b07324a44f8e492bf9ab0e1,1805,25.48476454293629,,46,1283,1334,True,crash,False,False,"Unexpected ""!"" at position 0 in state STOP"
derived-resources,interactive-discover-2,discover,2,2,5,32,32,113587781a953fec190d8e3339b06c26,2060,15.533980582524272,,32,1465,1504,True,crash,False,False,"Unexpected ""!"" at position 0 in state STOP"
derived-resources,interactive-discover-2,discover,2,3,5,198,198,23320e2cdf40e8165aa7fdff74171184,2152,92.00743494423791,,198,1508,1814,True,crash,False,False,"Unexpected ""!"" at position 0 in state STOP"
derived-resources,interactive-discover-2,discover,2,4,5,98,98,a7ea80830c1f3358609f53e0ce62fd9a,2527,38.78116343490304,,98,1360,1681,True,crash,False,False,"Unexpected ""!"" at position 0 in state STOP"
derived-resources,interactive-discover-3,discover,3,0,0,68,68,e9f9c6f077dd7a85180d21221150597a,96978,0.7011899606096228,,68,96962,96965,True,crash,False,False,"Unexpected ""!"" at position 0 in state STOP"
derived-resources,interactive-discover-3,discover,3,1,0,66,66,bf39c452faf678539dd6bec9f8931c5e,98008,0.6734144151497837,,66,97995,98008,True,crash,False,False,"Unexpected ""!"" at position 8918 in state STOP"
derived-resources,interactive-discover-3,discover,3,2,0,54,54,c6f1026b5b378b95fed1b609efe82a86,82484,0.6546724213180739,,54,82476,82483,True,crash,False,False,"Unexpected ""!"" at position 4009 in state STOP"
derived-resources,interactive-discover-3,discover,3,3,0,196,196,3103aacb8c0b38645fd73f8b05191c84,162002,1.2098616066468315,,196,161980,162001,True,crash,False,False,"Unexpected ""!"" at position 12409 in state STOP"
derived-resources,interactive-discover-3,discover,3,4,0,137,137,922f2cfc8273304ad1f823de44367223,111911,1.224187077231014,,137,111893,111910,True,crash,False,False,"Unexpected ""!"" at position 3846 in state STOP"
derived-resources,interactive-discover-3,discover,3,0,1,68,68,e9f9c6f077dd7a85180d21221150597a,95823,0.709641735282761,,68,95820,95823,True,crash,False,False,"Unexpected ""!"" at position 10524 in state STOP"
derived-resources,interactive-discover-3,discover,3,1,1,66,66,bf39c452faf678539dd6bec9f8931c5e,95929,0.6880088398711547,,66,95926,95928,True,crash,False,False,"Unexpected ""!"" at position 10139 in state STOP"
derived-resources,interactive-discover-3,discover,3,2,1,54,54,c6f1026b5b378b95fed1b609efe82a86,73549,0.7342044079457232,,54,73547,73549,True,crash,False,False,"Unexpected ""!"" at position 8368 in state STOP"
derived-resources,interactive-discover-3,discover,3,3,1,196,196,3103aacb8c0b38645fd73f8b05191c84,163715,1.197202455486669,,196,163696,163714,True,crash,False,False,"Unexpected ""!"" at position 4975 in state STOP"
derived-resources,interactive-discover-3,discover,3,4,1,137,137,922f2cfc8273304ad1f823de44367223,113681,1.2051266262612046,,137,113676,113681,True,crash,False,False,"Unexpected ""!"" at position 21059 in state STOP"
derived-resources,interactive-discover-3,discover,3,0,2,68,68,e9f9c6f077dd7a85180d21221150597a,96109,0.7075299919882634,,68,96106,96108,True,crash,False,False,"Unexpected ""!"" at position 10524 in state STOP"
derived-resources,interactive-discover-3,discover,3,1,2,66,66,bf39c452faf678539dd6bec9f8931c5e,96241,0.6857784104487692,,66,96238,96240,True,crash,False,False,"Unexpected ""!"" at position 10139 in state STOP"
derived-resources,interactive-discover-3,discover,3,2,2,54,54,c6f1026b5b378b95fed1b609efe82a86,79582,0.6785453997135031,,54,79580,79582,True,crash,False,False,"Unexpected ""!"" at position 8368 in state STOP"
derived-resources,interactive-discover-3,discover,3,3,2,196,196,3103aacb8c0b38645fd73f8b05191c84,163481,1.1989160819911795,,196,163424,163471,True,crash,False,False,"Unexpected ""!"" at position 0 in state STOP"
derived-resources,interactive-discover-3,discover,3,4,2,137,137,922f2cfc8273304ad1f823de44367223,115817,1.1829006104457895,,137,115768,115817,True,crash,False,False,"Unexpected ""!"" at position 16164 in state STOP"
derived-resources,interactive-discover-3,discover,3,0,3,68,68,e9f9c6f077dd7a85180d21221150597a,100309,0.6779052727073344,,68,100307,100309,True,crash,False,False,"Unexpected ""!"" at position 10524 in state STOP"
derived-resources,interactive-discover-3,discover,3,1,3,66,66,bf39c452faf678539dd6bec9f8931c5e,102187,0.6458747198763052,,66,102185,102187,True,crash,False,False,"Unexpected ""!"" at position 10139 in state STOP"
derived-resources,interactive-discover-3,discover,3,2,3,54,54,c6f1026b5b378b95fed1b609efe82a86,79614,0.6782726656115758,,54,79607,79614,True,crash,False,False,"Unexpected ""!"" at position 2169 in state STOP"
derived-resources,interactive-discover-3,discover,3,3,3,196,196,3103aacb8c0b38645fd73f8b05191c84,164783,1.1894430857552054,,196,164761,164782,True,crash,False,False,"Unexpected ""!"" at position 11177 in state STOP"
derived-resources,interactive-discover-3,discover,3,4,3,137,137,922f2cfc8273304ad1f823de44367223,116908,1.1718616347897493,,137,116881,116907,True,crash,False,False,"Unexpected ""!"" at position 18012 in state STOP"
derived-resources,interactive-discover-3,discover,3,0,4,68,68,e9f9c6f077dd7a85180d21221150597a,96199,0.7068680547614841,,68,96195,96199,True,crash,False,False,"Unexpected ""!"" at position 10524 in state STOP"
derived-resources,interactive-discover-3,discover,3,1,4,66,66,bf39c452faf678539dd6bec9f8931c5e,94250,0.7002652519893899,,66,94247,94249,True,crash,False,False,"Unexpected ""!"" at position 10139 in state STOP"
derived-resources,interactive-discover-3,discover,3,2,4,54,54,c6f1026b5b378b95fed1b609efe82a86,78872,0.6846536159853941,,54,78870,78871,True,crash,False,False,"Unexpected ""!"" at position 8368 in state STOP"
derived-resources,interactive-discover-3,discover,3,3,4,196,196,3103aacb8c0b38645fd73f8b05191c84,153702,1.275194857581554,,196,153677,153702,True,crash,False,False,"Unexpected ""!"" at position 17268 in state STOP"
derived-resources,interactive-discover-3,discover,3,4,4,137,137,922f2cfc8273304ad1f823de44367223,112870,1.213785771241251,,137,112853,112869,True,crash,False,False,"Unexpected ""!"" at position 158 in state STOP"
derived-resources,interactive-discover-3,discover,3,0,5,68,68,e9f9c6f077dd7a85180d21221150597a,98190,0.6925348813524799,,68,98186,98190,True,crash,False,False,"Unexpected ""!"" at position 10524 in state STOP"
derived-resources,interactive-discover-3,discover,3,1,5,66,66,bf39c452faf678539dd6bec9f8931c5e,96821,0.6816702987988144,,66,96819,96821,True,crash,False,False,"Unexpected ""!"" at position 10139 in state STOP"
derived-resources,interactive-discover-3,discover,3,2,5,54,54,c6f1026b5b378b95fed1b609efe82a86,81536,0.6622841444270016,,54,81534,81536,True,crash,False,False,"Unexpected ""!"" at position 8368 in state STOP"
derived-resources,interactive-discover-3,discover,3,3,5,196,196,3103aacb8c0b38645fd73f8b05191c84,162172,1.2085933453370497,,196,162151,162172,True,crash,False,False,"Unexpected ""!"" at position 8051 in state STOP"
derived-resources,interactive-discover-3,discover,3,4,5,137,137,922f2cfc8273304ad1f823de44367223,116438,1.1765918342809047,,137,116421,116438,True,crash,False,False,"Unexpected ""!"" at position 158 in state STOP"
derived-resources,interactive-discover-4,discover,4,0,0,5,5,3112eede040aaa01aedc457789eed356,3139,1.592863969417012,,5,3139,3139,True,crash,False,False,"Unexpected ""!"" at position 761 in state STOP"
derived-resources,interactive-discover-4,discover,4,1,0,3,3,cd6f381a6281527b1dbda2f21a1a702a,2026,1.480750246791708,,3,2025,2026,True,crash,False,False,"Unexpected ""!"" at position 456 in state STOP"
derived-resources,interactive-discover-4,discover,4,2,0,3,3,ed1ebad4adf97e9e94be0ca88af2d8bb,1835,1.6348773841961852,,3,1835,1835,True,crash,False,False,"Unexpected ""!"" at position 455 in state STOP"
derived-resources,interactive-discover-4,discover,4,3,0,3,3,16a10be88d7ff874026ce66a4e993ecb,2303,1.302648719062093,,3,2303,2303,True,crash,False,False,"Unexpected ""!"" at position 456 in state STOP"
derived-resources,interactive-discover-4,discover,4,4,0,7,7,d0ef3bb68aa278a8f97f329adee97dd8,4303,1.6267720195212643,,7,4302,4303,True,crash,False,False,"Unexpected ""!"" at position 1058 in state STOP"
derived-resources,interactive-discover-4,discover,4,0,1,5,5,3112eede040aaa01aedc457789eed356,2717,1.840264998159735,,5,2703,2703,True,crash,False,False,"Unexpected ""!"" at position 0 in state STOP"
derived-resources,interactive-discover-4,discover,4,1,1,3,3,cd6f381a6281527b1dbda2f21a1a702a,1742,1.722158438576349,,3,1742,1742,True,crash,False,False,"Unexpected ""!"" at position 456 in state STOP"
derived-resources,interactive-discover-4,discover,4,2,1,3,3,ed1ebad4adf97e9e94be0ca88af2d8bb,1937,1.5487867836861124,,3,1936,1936,True,crash,False,False,"Unexpected ""!"" at position 455 in state STOP"
derived-resources,interactive-discover-4,discover,4,3,1,3,3,16a10be88d7ff874026ce66a4e993ecb,1923,1.5600624024960998,,3,1923,1923,True,crash,False,False,"Unexpected ""!"" at position 456 in state STOP"
derived-resources,interactive-discover-4,discover,4,4,1,7,7,d0ef3bb68aa278a8f97f329adee97dd8,2665,2.626641651031895,,7,2665,2665,True,crash,False,False,"Unexpected ""!"" at position 1058 in state STOP"
derived-resources,interactive-discover-4,discover,4,0,2,5,5,3112eede040aaa01aedc457789eed356,3708,1.348435814455232,,5,3708,3708,True,crash,False,False,"Unexpected ""!"" at position 761 in state STOP"
derived-resources,interactive-discover-4,discover,4,1,2,3,3,cd6f381a6281527b1dbda2f21a1a702a,1765,1.6997167138810199,,3,1764,1764,True,crash,False,False,"Unexpected ""!"" at position 456 in state STOP"
derived-resources,interactive-discover-4,discover,4,2,2,3,3,ed1ebad4adf97e9e94be0ca88af2d8bb,1730,1.7341040462427746,,3,1730,1730,True,crash,False,False,"Unexpected ""!"" at position 455 in state STOP"
derived-resources,interactive-discover-4,discover,4,3,2,3,3,16a10be88d7ff874026ce66a4e993ecb,2555,1.1741682974559686,,3,2554,2554,True,crash,False,False,"Unexpected ""!"" at position 456 in state STOP"
derived-resources,interactive-discover-4,discover,4,4,2,7,7,d0ef3bb68aa278a8f97f329adee97dd8,2595,2.6974951830443157,,7,2595,2595,True,crash,False,False,"Unexpected ""!"" at position 1058 in state STOP"
derived-resources,interactive-discover-4,discover,4,0,3,5,5,3112eede040aaa01aedc457789eed356,3502,1.4277555682467162,,5,3487,3487,True,crash,False,False,"Unexpected ""!"" at position 0 in state STOP"
derived-resources,interactive-discover-4,discover,4,1,3,3,3,cd6f381a6281527b1dbda2f21a1a702a,1730,1.7341040462427746,,3,1730,1730,True,crash,False,False,"Unexpected ""!"" at position 456 in state STOP"
derived-resources,interactive-discover-4,discover,4,2,3,3,3,ed1ebad4adf97e9e94be0ca88af2d8bb,1718,1.7462165308498254,,3,1717,1717,True,crash,False,False,"Unexpected ""!"" at position 455 in state STOP"
derived-resources,interactive-discover-4,discover,4,3,3,3,3,16a10be88d7ff874026ce66a4e993ecb,1874,1.6008537886872998,,3,1874,1874,True,crash,False,False,"Unexpected ""!"" at position 456 in state STOP"
derived-resources,interactive-discover-4,discover,4,4,3,7,7,d0ef3bb68aa278a8f97f329adee97dd8,3126,2.239283429302623,,7,3125,3126,True,crash,False,False,"Unexpected ""!"" at position 1058 in state STOP"
derived-resources,interactive-discover-4,discover,4,0,4,5,5,3112eede040aaa01aedc457789eed356,2749,1.8188432157148053,,5,2736,2736,True,crash,False,False,"Unexpected ""!"" at position 0 in state STOP"
derived-resources,interactive-discover-4,discover,4,1,4,3,3,cd6f381a6281527b1dbda2f21a1a702a,1781,1.6844469399213926,,3,1780,1780,True,crash,False,False,"Unexpected ""!"" at position 456 in state STOP"
derived-resources,interactive-discover-4,discover,4,2,4,3,3,ed1ebad4adf97e9e94be0ca88af2d8bb,1815,1.6528925619834711,,3,1815,1815,True,crash,False,False,"Unexpected ""!"" at position 455 in state STOP"
derived-resources,interactive-discover-4,discover,4,3,4,3,3,16a10be88d7ff874026ce66a4e993ecb,2073,1.447178002894356,,3,2073,2073,True,crash,False,False,"Unexpected ""!"" at position 456 in state STOP"
derived-resources,interactive-discover-4,discover,4,4,4,7,7,d0ef3bb68aa278a8f97f329adee97dd8,3252,2.1525215252152523,,7,3241,3242,True,crash,False,False,"Unexpected ""!"" at position 0 in state STOP"
derived-resources,interactive-discover-4,discover,4,0,5,5,5,3112eede040aaa01aedc457789eed356,2716,1.840942562592047,,5,2700,2716,True,crash,False,False,"Unexpected ""!"" at position 152 in state STOP"
derived-resources,interactive-discover-4,discover,4,1,5,3,3,cd6f381a6281527b1dbda2f21a1a702a,1777,1.6882386043894204,,3,1777,1777,True,crash,False,False,"Unexpected ""!"" at position 456 in state STOP"
derived-resources,interactive-discover-4,discover,4,2,5,3,3,ed1ebad4adf97e9e94be0ca88af2d8bb,2210,1.3574660633484164,,3,2210,2210,True,crash,False,False,"Unexpected ""!"" at position 455 in state STOP"
derived-resources,interactive-discover-4,discover,4,3,5,3,3,16a10be88d7ff874026ce66a4e993ecb,1913,1.5682174594877156,,3,1913,1913,True,crash,False,False,"Unexpected ""!"" at position 456 in state STOP"
derived-resources,interactive-discover-4,discover,4,4,5,7,7,d0ef3bb68aa278a8f97f329adee97dd8,3453,2.027222704894295,,7,3453,3453,True,crash,False,False,"Unexpected ""!"" at position 1058 in state STOP"
derived-resources,interactive-discover-5,discover,5,0,0,15,15,cab888487e7572de37a55f0e8c3ec060,3043,4.929346040092014,92.0,15,1317,1666,False,ok,False,False,
derived-resources,interactive-discover-5,discover,5,1,0,3,3,7fc43bb183e4fb0238576536413c6c45,1451,2.067539627842867,28.0,3,958,968,False,ok,False,False,
derived-resources,interactive-discover-5,discover,5,2,0,3,3,2543010e761cb36b6f0c3e103e58af43,1198,2.5041736227045077,28.0,3,764,768,False,ok,False,False,
derived-resources,interactive-discover-5,discover,5,3,0,4,4,76fc6cfa5c07ff3011e9f2d7ac2ae7e0,1339,2.9873039581777445,30.0,4,748,754,False,ok,False,False,
derived-resources,interactive-discover-5,discover,5,4,0,20,20,880a30fb8a9114b4807acb78d9e7d141,1727,11.580775911986102,80.0,20,810,975,False,ok,False,False,
derived-resources,interactive-discover-5,discover,5,0,1,15,15,cab888487e7572de37a55f0e8c3ec060,1669,8.987417615338526,92.0,15,771,869,False,ok,False,False,
derived-resources,interactive-discover-5,discover,5,1,1,3,3,7fc43bb183e4fb0238576536413c6c45,1216,2.4671052631578947,28.0,3,797,805,False,ok,False,False,
derived-resources,interactive-discover-5,discover,5,2,1,3,3,2543010e761cb36b6f0c3e103e58af43,1158,2.590673575129534,28.0,3,762,768,False,ok,False,False,
derived-resources,interactive-discover-5,discover,5,3,1,4,4,76fc6cfa5c07ff3011e9f2d7ac2ae7e0,1185,3.375527426160337,30.0,4,764,793,False,ok,False,False,
derived-resources,interactive-discover-5,discover,5,4,1,20,20,880a30fb8a9114b4807acb78d9e7d141,1537,13.012361743656474,80.0,20,767,917,False,ok,False,False,
derived-resources,interactive-discover-5,discover,5,0,2,15,15,cab888487e7572de37a55f0e8c3ec060,1617,9.276437847866418,92.0,15,758,829,False,ok,False,False,
derived-resources,interactive-discover-5,discover,5,1,2,3,3,7fc43bb183e4fb0238576536413c6c45,1146,2.617801047120419,28.0,3,722,732,False,ok,False,False,
derived-resources,interactive-discover-5,discover,5,2,2,3,3,2543010e761cb36b6f0c3e103e58af43,1223,2.452984464431725,28.0,3,761,768,False,ok,False,False,
derived-resources,interactive-discover-5,discover,5,3,2,4,4,76fc6cfa5c07ff3011e9f2d7ac2ae7e0,1142,3.502626970227671,30.0,4,731,762,False,ok,False,False,
derived-resources,interactive-discover-5,discover,5,4,2,20,20,880a30fb8a9114b4807acb78d9e7d141,1636,12.224938875305623,80.0,20,770,855,False,ok,False,False,
derived-resources,interactive-discover-5,discover,5,0,3,15,15,cab888487e7572de37a55f0e8c3ec060,1646,9.113001215066829,92.0,15,783,838,False,ok,False,False,
derived-resources,interactive-discover-5,discover,5,1,3,3,3,7fc43bb183e4fb0238576536413c6c45,1113,2.6954177897574123,28.0,3,708,719,False,ok,False,False,
derived-resources,interactive-discover-5,discover,5,2,3,3,3,2543010e761cb36b6f0c3e103e58af43,1158,2.590673575129534,28.0,3,736,741,False,ok,False,False,
derived-resources,interactive-discover-5,discover,5,3,3,4,4,76fc6cfa5c07ff3011e9f2d7ac2ae7e0,1254,3.189792663476874,30.0,4,799,828,False,ok,False,False,
derived-resources,interactive-discover-5,discover,5,4,3,20,20,880a30fb8a9114b4807acb78d9e7d141,1483,13.486176668914363,80.0,20,758,840,False,ok,False,False,
derived-resources,interactive-discover-5,discover,5,0,4,15,15,cab888487e7572de37a55f0e8c3ec060,1705,8.79765395894428,92.0,15,761,1027,False,ok,False,False,
derived-resources,interactive-discover-5,discover,5,1,4,3,3,7fc43bb183e4fb0238576536413c6c45,1166,2.5728987993138936,28.0,3,744,751,False,ok,False,False,
derived-resources,interactive-discover-5,discover,5,2,4,3,3,2543010e761cb36b6f0c3e103e58af43,1123,2.671415850400712,28.0,3,684,686,False,ok,False,False,
derived-resources,interactive-discover-5,discover,5,3,4,4,4,76fc6cfa5c07ff3011e9f2d7ac2ae7e0,1144,3.4965034965034967,30.0,4,692,715,False,ok,False,False,
derived-resources,interactive-discover-5,discover,5,4,4,20,20,880a30fb8a9114b4807acb78d9e7d141,1509,13.253810470510272,80.0,20,716,784,False,ok,False,False,
derived-resources,interactive-discover-5,discover,5,0,5,15,15,cab888487e7572de37a55f0e8c3ec060,1574,9.529860228716645,92.0,15,708,770,False,ok,False,False,
derived-resources,interactive-discover-5,discover,5,1,5,3,3,7fc43bb183e4fb0238576536413c6c45,1130,2.6548672566371683,28.0,3,731,735,False,ok,False,False,
derived-resources,interactive-discover-5,discover,5,2,5,3,3,2543010e761cb36b6f0c3e103e58af43,1205,2.4896265560165975,28.0,3,763,768,False,ok,False,False,
derived-resources,interactive-discover-5,discover,5,3,5,4,4,76fc6cfa5c07ff3011e9f2d7ac2ae7e0,1198,3.33889816360601,30.0,4,781,785,False,ok,False,False,
derived-resources,interactive-discover-5,discover,5,4,5,20,20,880a30fb8a9114b4807acb78d9e7d141,1475,13.559322033898304,80.0,20,733,779,False,ok,False,False,
derived-resources,interactive-discover-6,discover,6,0,0,33,33,240c19f39eed1e3ac67718ff57b63a0d,131075,0.25176425710471106,11121.0,33,1265,1639,False,ok,False,False,
derived-resources,interactive-discover-6,discover,6,1,0,1,1,cd3466cc43b32ce51d8f13d5516f2ef2,1276,0.7836990595611285,30.0,1,1172,1172,False,ok,False,False,
derived-resources,interactive-discover-6,discover,6,2,0,1,1,29960679941029d6a70f26d6904d3728,1246,0.8025682182985554,30.0,1,1140,1140,False,ok,False,False,
derived-resources,interactive-discover-6,discover,6,3,0,2,2,dda32920d34bcd8a1bf9ed13c89c4b4d,124791,0.016026796804256716,11119.0,2,1157,1180,False,ok,False,False,
derived-resources,interactive-discover-6,discover,6,4,0,27,27,613936d3d666a311d54e99e3a8f9cdad,1724,15.661252900232018,82.0,27,1328,1484,False,ok,False,False,
derived-resources,interactive-discover-6,discover,6,0,1,33,33,240c19f39eed1e3ac67718ff57b63a0d,126145,0.26160371001625116,11121.0,33,1376,1584,False,ok,False,False,
derived-resources,interactive-discover-6,discover,6,1,1,1,1,cd3466cc43b32ce51d8f13d5516f2ef2,1255,0.7968127490039841,30.0,1,1159,1159,False,ok,False,False,
derived-resources,interactive-discover-6,discover,6,2,1,1,1,29960679941029d6a70f26d6904d3728,1224,0.8169934640522876,30.0,1,1118,1118,False,ok,False,False,
derived-resources,interactive-discover-6,discover,6,3,1,2,2,dda32920d34bcd8a1bf9ed13c89c4b4d,127980,0.01562744178777934,11119.0,2,1142,1144,False,ok,False,False,
derived-resources,interactive-discover-6,discover,6,4,1,27,27,613936d3d666a311d54e99e3a8f9cdad,1667,16.196760647870427,82.0,27,1240,1445,False,ok,False,False,
derived-resources,interactive-discover-6,discover,6,0,2,33,33,240c19f39eed1e3ac67718ff57b63a0d,122755,0.26882815363936297,11121.0,33,1159,1614,False,ok,False,False,
derived-resources,interactive-discover-6,discover,6,1,2,1,1,cd3466cc43b32ce51d8f13d5516f2ef2,1225,0.8163265306122448,30.0,1,1123,1123,False,ok,False,False,
derived-resources,interactive-discover-6,discover,6,2,2,1,1,29960679941029d6a70f26d6904d3728,1228,0.8143322475570033,30.0,1,1114,1114,False,ok,False,False,
derived-resources,interactive-discover-6,discover,6,3,2,2,2,dda32920d34bcd8a1bf9ed13c89c4b4d,120553,0.016590213433095816,11119.0,2,1176,1178,False,ok,False,False,
derived-resources,interactive-discover-6,discover,6,4,2,27,27,613936d3d666a311d54e99e3a8f9cdad,1749,15.43739279588336,82.0,27,1351,1503,False,ok,False,False,
derived-resources,interactive-discover-6,discover,6,0,3,33,33,240c19f39eed1e3ac67718ff57b63a0d,126541,0.26078504200219693,11121.0,33,1357,1537,False,ok,False,False,
derived-resources,interactive-discover-6,discover,6,1,3,1,1,cd3466cc43b32ce51d8f13d5516f2ef2,1263,0.7917656373713381,30.0,1,1165,1165,False,ok,False,False,
derived-resources,interactive-discover-6,discover,6,2,3,1,1,29960679941029d6a70f26d6904d3728,1258,0.794912559618442,30.0,1,1156,1156,False,ok,False,False,
derived-resources,interactive-discover-6,discover,6,3,3,2,2,dda32920d34bcd8a1bf9ed13c89c4b4d,123514,0.01619249639716955,11119.0,2,1176,1200,False,ok,False,False,
derived-resources,interactive-discover-6,discover,6,4,3,27,27,613936d3d666a311d54e99e3a8f9cdad,1789,15.092230296254892,82.0,27,1380,1540,False,ok,False,False,
derived-resources,interactive-discover-6,discover,6,0,4,33,33,240c19f39eed1e3ac67718ff57b63a0d,122664,0.2690275875562512,11121.0,33,1197,1671,False,ok,False,False,
derived-resources,interactive-discover-6,discover,6,1,4,1,1,cd3466cc43b32ce51d8f13d5516f2ef2,1278,0.7824726134585289,30.0,1,1163,1163,False,ok,False,False,
derived-resources,interactive-discover-6,discover,6,2,4,1,1,29960679941029d6a70f26d6904d3728,1241,0.8058017727639,30.0,1,1123,1123,False,ok,False,False,
derived-resources,interactive-discover-6,discover,6,3,4,2,2,dda32920d34bcd8a1bf9ed13c89c4b4d,121549,0.016454269471571133,11119.0,2,1165,1188,False,ok,False,False,
derived-resources,interactive-discover-6,discover,6,4,4,27,27,613936d3d666a311d54e99e3a8f9cdad,2242,12.042818911685995,82.0,27,1244,1463,False,ok,False,False,
derived-resources,interactive-discover-6,discover,6,0,5,33,33,240c19f39eed1e3ac67718ff57b63a0d,123846,0.26645995833535197,11121.0,33,1344,1533,False,ok,False,False,
derived-resources,interactive-discover-6,discover,6,1,5,1,1,cd3466cc43b32ce51d8f13d5516f2ef2,1272,0.7861635220125786,30.0,1,1161,1161,False,ok,False,False,
derived-resources,interactive-discover-6,discover,6,2,5,1,1,29960679941029d6a70f26d6904d3728,1241,0.8058017727639,30.0,1,1128,1128,False,ok,False,False,
derived-resources,interactive-discover-6,discover,6,3,5,2,2,dda32920d34bcd8a1bf9ed13c89c4b4d,123232,0.016229550766034797,11119.0,2,1125,1128,False,ok,False,False,
derived-resources,interactive-discover-6,discover,6,4,5,27,27,613936d3d666a311d54e99e3a8f9cdad,1714,15.752625437572929,82.0,27,1325,1465,False,ok,False,False,
derived-resources,interactive-discover-7,discover,7,0,0,2,2,d8614c4f7b4fe0cc2f1623d07244cf20,300098,0.0066644896000639785,,2,1425,30036,True,timeout,True,False,"Unexpected ""!"" at position 0 in state STOP"
derived-resources,interactive-discover-7,discover,7,1,0,1,1,75ab2bd12ac1e16dcc02f8c9e8d97308,2134,0.46860356138706655,32.0,1,2026,2026,False,ok,False,False,
derived-resources,interactive-discover-7,discover,7,2,0,1,1,faf54113a5297c559416a2dd78b9cc86,1777,0.5627462014631401,32.0,1,1672,1672,False,ok,False,False,
derived-resources,interactive-discover-7,discover,7,3,0,2,2,d2faccc09255b3a49e90b46ed45ffe1d,300009,0.006666466672666486,,2,1680,33239,True,timeout,True,False,"Unexpected ""!"" at position 0 in state STOP"
derived-resources,interactive-discover-7,discover,7,4,0,1,1,3ee14484ce425fdbae40700cdd59c0d2,2746,0.3641660597232338,84.0,1,2106,2106,False,ok,False,False,
derived-resources,interactive-discover-7,discover,7,0,1,2,2,d8614c4f7b4fe0cc2f1623d07244cf20,300007,0.006666511114740656,,2,1903,15676,True,timeout,True,False,"Unexpected ""!"" at position 0 in state STOP"
derived-resources,interactive-discover-7,discover,7,1,1,1,1,75ab2bd12ac1e16dcc02f8c9e8d97308,6550,0.15267175572519084,32.0,1,6437,6437,False,ok,False,False,
derived-resources,interactive-discover-7,discover,7,2,1,1,1,faf54113a5297c559416a2dd78b9cc86,1776,0.5630630630630631,32.0,1,1665,1665,False,ok,False,False,
derived-resources,interactive-discover-7,discover,7,3,1,2,2,d2faccc09255b3a49e90b46ed45ffe1d,300013,0.006666377790295754,,2,1741,32234,True,timeout,True,False,"Unexpected ""!"" at position 0 in state STOP"
derived-resources,interactive-discover-7,discover,7,4,1,1,1,3ee14484ce425fdbae40700cdd59c0d2,2784,0.3591954022988506,84.0,1,2067,2067,False,ok,False,False,
derived-resources,interactive-discover-7,discover,7,0,2,2,2,d8614c4f7b4fe0cc2f1623d07244cf20,300007,0.006666511114740656,,2,1505,33515,True,timeout,True,False,"Unexpected ""!"" at position 0 in state STOP"
derived-resources,interactive-discover-7,discover,7,1,2,1,1,75ab2bd12ac1e16dcc02f8c9e8d97308,2103,0.475511174512601,32.0,1,1975,1975,False,ok,False,False,
derived-resources,interactive-discover-7,discover,7,2,2,1,1,faf54113a5297c559416a2dd78b9cc86,1742,0.574052812858783,32.0,1,1640,1640,False,ok,False,False,
derived-resources,interactive-discover-7,discover,7,3,2,2,2,d2faccc09255b3a49e90b46ed45ffe1d,300009,0.006666466672666486,,2,1403,33120,True,timeout,True,False,"Unexpected ""!"" at position 0 in state STOP"
derived-resources,interactive-discover-7,discover,7,4,2,1,1,3ee14484ce425fdbae40700cdd59c0d2,3022,0.3309066843150232,84.0,1,2349,2349,False,ok,False,False,
derived-resources,interactive-discover-7,discover,7,0,3,2,2,d8614c4f7b4fe0cc2f1623d07244cf20,300018,0.006666266690665227,,2,1941,16621,True,timeout,True,False,"Unexpected ""!"" at position 0 in state STOP"
derived-resources,interactive-discover-7,discover,7,1,3,1,1,75ab2bd12ac1e16dcc02f8c9e8d97308,2280,0.4385964912280702,32.0,1,2155,2155,False,ok,False,False,
derived-resources,interactive-discover-7,discover,7,2,3,1,1,faf54113a5297c559416a2dd78b9cc86,1737,0.5757052389176741,32.0,1,1623,1623,False,ok,False,False,
derived-resources,interactive-discover-7,discover,7,3,3,2,2,d2faccc09255b3a49e90b46ed45ffe1d,300008,0.006666488893629504,,2,1684,13033,True,timeout,True,False,"Unexpected ""!"" at position 0 in state STOP"
derived-resources,interactive-discover-7,discover,7,4,3,1,1,3ee14484ce425fdbae40700cdd59c0d2,2892,0.3457814661134163,84.0,1,2237,2237,False,ok,False,False,
derived-resources,interactive-discover-7,discover,7,0,4,2,2,d8614c4f7b4fe0cc2f1623d07244cf20,300008,0.006666488893629504,,2,1897,31623,True,timeout,True,False,"Unexpected ""!"" at position 0 in state STOP"
derived-resources,interactive-discover-7,discover,7,1,4,1,1,75ab2bd12ac1e16dcc02f8c9e8d97308,2345,0.42643923240938164,32.0,1,2223,2223,False,ok,False,False,
derived-resources,interactive-discover-7,discover,7,2,4,1,1,faf54113a5297c559416a2dd78b9cc86,1808,0.5530973451327433,32.0,1,1692,1692,False,ok,False,False,
derived-resources,interactive-discover-7,discover,7,3,4,2,2,d2faccc09255b3a49e90b46ed45ffe1d,300007,0.006666511114740656,,2,1695,42115,True,timeout,True,False,"Unexpected ""!"" at position 0 in state STOP"
derived-resources,interactive-discover-7,discover,7,4,4,1,1,3ee14484ce425fdbae40700cdd59c0d2,2856,0.350140056022409,84.0,1,2215,2215,False,ok,False,False,
derived-resources,interactive-discover-7,discover,7,0,5,2,2,d8614c4f7b4fe0cc2f1623d07244cf20,300010,0.006666444451851605,,2,1920,15690,True,timeout,True,False,"Unexpected ""!"" at position 0 in state STOP"
derived-resources,interactive-discover-7,discover,7,1,5,1,1,75ab2bd12ac1e16dcc02f8c9e8d97308,2072,0.4826254826254826,32.0,1,1965,1965,False,ok,False,False,
derived-resources,interactive-discover-7,discover,7,2,5,1,1,faf54113a5297c559416a2dd78b9cc86,1714,0.5834305717619603,32.0,1,1596,1596,False,ok,False,False,
derived-resources,interactive-discover-7,discover,7,3,5,2,2,d2faccc09255b3a49e90b46ed45ffe1d,300009,0.006666466672666486,,2,1695,11775,True,timeout,True,False,"Unexpected ""!"" at position 0 in state STOP"
derived-resources,interactive-discover-7,discover,7,4,5,1,1,3ee14484ce425fdbae40700cdd59c0d2,2827,0.3537318712415989,84.0,1,2193,2193,False,ok,False,False,
derived-resources,interactive-discover-8,discover,8,0,0,10,10,0e5c3b2c0f3d6cb19a1b6b22b81d8a5d,5583,1.7911517105498835,,10,5004,5583,True,crash,False,False,"Unexpected ""!"" at position 1137 in state STOP"
derived-resources,interactive-discover-8,discover,8,1,0,10,10,af0ebbbe8500f4b123c96deae5cfc3a4,2085,4.796163069544365,,10,2077,2085,True,crash,False,False,"Unexpected ""!"" at position 320 in state STOP"
derived-resources,interactive-discover-8,discover,8,2,0,10,10,14c42de585383255e7cf3757fed29e2e,2004,4.990019960079841,,10,2000,2000,True,crash,False,False,"Unexpected ""!"" at position 0 in state STOP"
derived-resources,interactive-discover-8,discover,8,3,0,10,10,e38f22d76aa8e2ac7b423164567a0f71,4324,2.3126734505087883,,10,3215,4324,True,crash,False,False,"Unexpected ""!"" at position 1523 in state STOP"
derived-resources,interactive-discover-8,discover,8,4,0,10,10,edfc2d7365686735b39f10138c4e8049,2029,4.928536224741252,,10,2015,2016,True,crash,False,False,"Unexpected ""!"" at position 0 in state STOP"
derived-resources,interactive-discover-8,discover,8,0,1,10,10,e57dbe8986a5e3245c930c72a94f6a80,6729,1.486104919007282,,10,5388,6728,True,crash,False,False,"Unexpected ""!"" at position 570 in state STOP"
derived-resources,interactive-discover-8,discover,8,1,1,10,10,af0ebbbe8500f4b123c96deae5cfc3a4,1544,6.476683937823834,,10,1536,1544,True,crash,False,False,"Unexpected ""!"" at position 320 in state STOP"
derived-resources,interactive-discover-8,discover,8,2,1,10,10,14c42de585383255e7cf3757fed29e2e,1526,6.553079947575361,,10,1519,1526,True,crash,False,False,"Unexpected ""!"" at position 404 in state STOP"
derived-resources,interactive-discover-8,discover,8,3,1,10,10,3a18f9bfc79b393d22deeeddfaec8c2e,7029,1.4226774790155072,,10,5777,7029,True,crash,False,False,"Unexpected ""!"" at position 559 in state STOP"
derived-resources,interactive-discover-8,discover,8,4,1,10,10,edfc2d7365686735b39f10138c4e8049,1690,5.9171597633136095,,10,1679,1680,True,crash,False,False,"Unexpected ""!"" at position 0 in state STOP"
derived-resources,interactive-discover-8,discover,8,0,2,10,10,7d9e64e9d465a7e119b78dfdee294ef4,6499,1.5386982612709648,,10,5370,6499,True,crash,False,False,"Unexpected ""!"" at position 390 in state STOP"
derived-resources,interactive-discover-8,discover,8,1,2,10,10,af0ebbbe8500f4b123c96deae5cfc3a4,1552,6.443298969072165,,10,1547,1548,True,crash,False,False,"Unexpected ""!"" at position 0 in state STOP"
derived-resources,interactive-discover-8,discover,8,2,2,10,10,14c42de585383255e7cf3757fed29e2e,1621,6.169031462060457,,10,1614,1615,True,crash,False,False,"Unexpected ""!"" at position 0 in state STOP"
derived-resources,interactive-discover-8,discover,8,3,2,10,10,3a18f9bfc79b393d22deeeddfaec8c2e,3523,2.838489923360772,,10,2141,3523,True,crash,False,False,"Unexpected ""!"" at position 559 in state STOP"
derived-resources,interactive-discover-8,discover,8,4,2,10,10,edfc2d7365686735b39f10138c4e8049,1903,5.254860746190226,,10,1890,1903,True,crash,False,False,"Unexpected ""!"" at position 478 in state STOP"
derived-resources,interactive-discover-8,discover,8,0,3,10,10,7d9e64e9d465a7e119b78dfdee294ef4,6585,1.5186028853454823,,10,5360,6585,True,crash,False,False,"Unexpected ""!"" at position 390 in state STOP"
derived-resources,interactive-discover-8,discover,8,1,3,10,10,af0ebbbe8500f4b123c96deae5cfc3a4,1596,6.265664160401002,,10,1588,1595,True,crash,False,False,"Unexpected ""!"" at position 320 in state STOP"
derived-resources,interactive-discover-8,discover,8,2,3,10,10,14c42de585383255e7cf3757fed29e2e,1522,6.570302233902759,,10,1515,1522,True,crash,False,False,"Unexpected ""!"" at position 404 in state STOP"
derived-resources,interactive-discover-8,discover,8,3,3,10,10,3a18f9bfc79b393d22deeeddfaec8c2e,3362,2.97441998810232,,10,2094,3362,True,crash,False,False,"Unexpected ""!"" at position 559 in state STOP"
derived-resources,interactive-discover-8,discover,8,4,3,10,10,edfc2d7365686735b39f10138c4e8049,1845,5.420054200542006,,10,1827,1827,True,crash,False,False,"Unexpected ""!"" at position 0 in state STOP"
derived-resources,interactive-discover-8,discover,8,0,4,10,10,7d9e64e9d465a7e119b78dfdee294ef4,6531,1.531159087429184,,10,5386,6531,True,crash,False,False,"Unexpected ""!"" at position 390 in state STOP"
derived-resources,interactive-discover-8,discover,8,1,4,10,10,af0ebbbe8500f4b123c96deae5cfc3a4,1459,6.854009595613434,,10,1451,1459,True,crash,False,False,"Unexpected ""!"" at position 320 in state STOP"
derived-resources,interactive-discover-8,discover,8,2,4,10,10,14c42de585383255e7cf3757fed29e2e,1451,6.891798759476223,,10,1447,1447,True,crash,False,False,"Unexpected ""!"" at position 0 in state STOP"
derived-resources,interactive-discover-8,discover,8,3,4,10,10,3a18f9bfc79b393d22deeeddfaec8c2e,3583,2.790957298353335,,10,2209,3582,True,crash,False,False,"Unexpected ""!"" at position 559 in state STOP"
derived-resources,interactive-discover-8,discover,8,4,4,10,10,edfc2d7365686735b39f10138c4e8049,1926,5.192107995846314,,10,1913,1913,True,crash,False,False,"Unexpected ""!"" at position 0 in state STOP"
derived-resources,interactive-discover-8,discover,8,0,5,10,10,7d9e64e9d465a7e119b78dfdee294ef4,6612,1.5124016938898972,,10,5474,6612,True,crash,False,False,"Unexpected ""!"" at position 390 in state STOP"
derived-resources,interactive-discover-8,discover,8,1,5,10,10,af0ebbbe8500f4b123c96deae5cfc3a4,1630,6.134969325153374,,10,1623,1630,True,crash,False,False,"Unexpected ""!"" at position 320 in state STOP"
derived-resources,interactive-discover-8,discover,8,2,5,10,10,14c42de585383255e7cf3757fed29e2e,1554,6.435006435006435,,10,1547,1553,True,crash,False,False,"Unexpected ""!"" at position 404 in state STOP"
derived-resources,interactive-discover-8,discover,8,3,5,10,10,3a18f9bfc79b393d22deeeddfaec8c2e,3382,2.956830277942046,,10,2117,3382,True,crash,False,False,"Unexpected ""!"" at position 559 in state STOP"
derived-resources,interactive-discover-8,discover,8,4,5,10,10,edfc2d7365686735b39f10138c4e8049,1854,5.393743257820928,,10,1838,1839,True,crash,False,False,"Unexpected ""!"" at position 0 in state STOP"
derived-resources,interactive-short-1,short,1,0,0,1,1,6b641713c69378408c911f18ba9ba38b,3181,0.31436655139893116,,1,3056,3056,True,crash,False,False,"Unexpected ""!"" at position 0 in state STOP"
derived-resources,interactive-short-1,short,1,1,0,1,1,f02ab3570928d3fc74a51ceb7a4a39ac,2336,0.42808219178082196,,1,2204,2204,True,crash,False,False,"Unexpected ""!"" at position 0 in state STOP"
derived-resources,interactive-short-1,short,1,2,0,1,1,ff4ea17b4281fdba2a7a842efe3a722a,2276,0.4393673110720563,,1,2140,2140,True,crash,False,False,"Unexpected ""!"" at position 0 in state STOP"
derived-resources,interactive-short-1,short,1,3,0,1,1,64191c6d5f502dc3f35888f44214ade1,2409,0.41511000415110005,,1,2286,2286,True,crash,False,False,"Unexpected ""!"" at position 0 in state STOP"
derived-resources,interactive-short-1,short,1,4,0,1,1,d8972c3dd7a9ab1cc6d9b0773f1037c3,3077,0.32499187520311995,,1,2963,2963,True,crash,False,False,"Unexpected ""!"" at position 0 in state STOP"
derived-resources,interactive-short-1,short,1,0,1,1,1,6b641713c69378408c911f18ba9ba38b,2990,0.33444816053511706,,1,2533,2533,True,crash,False,False,"Unexpected ""!"" at position 0 in state STOP"
derived-resources,interactive-short-1,short,1,1,1,1,1,f02ab3570928d3fc74a51ceb7a4a39ac,2340,0.4273504273504274,,1,2228,2228,True,crash,False,False,"Unexpected ""!"" at position 0 in state STOP"
derived-resources,interactive-short-1,short,1,2,1,1,1,ff4ea17b4281fdba2a7a842efe3a722a,2147,0.4657661853749418,,1,2024,2024,True,crash,False,False,"Unexpected ""!"" at position 0 in state STOP"
derived-resources,interactive-short-1,short,1,3,1,1,1,64191c6d5f502dc3f35888f44214ade1,2429,0.4116920543433512,,1,2285,2285,True,crash,False,False,"Unexpected ""!"" at position 0 in state STOP"
derived-resources,interactive-short-1,short,1,4,1,1,1,d8972c3dd7a9ab1cc6d9b0773f1037c3,2810,0.35587188612099646,,1,2326,2326,True,crash,False,False,"Unexpected ""!"" at position 0 in state STOP"
derived-resources,interactive-short-1,short,1,0,2,1,1,6b641713c69378408c911f18ba9ba38b,3070,0.32573289902280134,,1,2656,2656,True,crash,False,False,"Unexpected ""!"" at position 0 in state STOP"
derived-resources,interactive-short-1,short,1,1,2,1,1,f02ab3570928d3fc74a51ceb7a4a39ac,2304,0.4340277777777778,,1,2171,2171,True,crash,False,False,"Unexpected ""!"" at position 0 in state STOP"
derived-resources,interactive-short-1,short,1,2,2,1,1,ff4ea17b4281fdba2a7a842efe3a722a,2215,0.4514672686230249,,1,2091,2091,True,crash,False,False,"Unexpected ""!"" at position 0 in state STOP"
derived-resources,interactive-short-1,short,1,3,2,1,1,64191c6d5f502dc3f35888f44214ade1,2438,0.4101722723543888,,1,2300,2300,True,crash,False,False,"Unexpected ""!"" at position 0 in state STOP"
derived-resources,interactive-short-1,short,1,4,2,1,1,d8972c3dd7a9ab1cc6d9b0773f1037c3,2835,0.3527336860670194,,1,2569,2569,True,crash,False,False,"Unexpected ""!"" at position 0 in state STOP"
derived-resources,interactive-short-1,short,1,0,3,1,1,6b641713c69378408c911f18ba9ba38b,3034,0.32959789057350036,,1,2648,2648,True,crash,False,False,"Unexpected ""!"" at position 0 in state STOP"
derived-resources,interactive-short-1,short,1,1,3,1,1,f02ab3570928d3fc74a51ceb7a4a39ac,2324,0.43029259896729777,,1,2205,2205,True,crash,False,False,"Unexpected ""!"" at position 0 in state STOP"
derived-resources,interactive-short-1,short,1,2,3,1,1,ff4ea17b4281fdba2a7a842efe3a722a,2254,0.44365572315882873,,1,2131,2131,True,crash,False,False,"Unexpected ""!"" at position 0 in state STOP"
derived-resources,interactive-short-1,short,1,3,3,1,1,64191c6d5f502dc3f35888f44214ade1,2346,0.42625745950554134,,1,2223,2223,True,crash,False,False,"Unexpected ""!"" at position 0 in state STOP"
derived-resources,interactive-short-1,short,1,4,3,1,1,d8972c3dd7a9ab1cc6d9b0773f1037c3,2821,0.35448422545196734,,1,2539,2539,True,crash,False,False,"Unexpected ""!"" at position 0 in state STOP"
derived-resources,interactive-short-1,short,1,0,4,1,1,6b641713c69378408c911f18ba9ba38b,2919,0.34258307639602603,,1,2409,2409,True,crash,False,False,"Unexpected ""!"" at position 0 in state STOP"
derived-resources,interactive-short-1,short,1,1,4,1,1,f02ab3570928d3fc74a51ceb7a4a39ac,2341,0.4271678769756514,,1,2210,2210,True,crash,False,False,"Unexpected ""!"" at position 0 in state STOP"
derived-resources,interactive-short-1,short,1,2,4,1,1,ff4ea17b4281fdba2a7a842efe3a722a,2215,0.4514672686230249,,1,2088,2088,True,crash,False,False,"Unexpected ""!"" at position 0 in state STOP"
derived-resources,interactive-short-1,short,1,3,4,1,1,64191c6d5f502dc3f35888f44214ade1,2437,0.41034058268362744,,1,2292,2292,True,crash,False,False,"Unexpected ""!"" at position 0 in state STOP"
derived-resources,interactive-short-1,short,1,4,4,1,1,d8972c3dd7a9ab1cc6d9b0773f1037c3,2864,0.34916201117318435,,1,2571,2571,True,crash,False,False,"Unexpected ""!"" at position 0 in state STOP"
derived-resources,interactive-short-1,short,1,0,5,1,1,6b641713c69378408c911f18ba9ba38b,3053,0.32754667540124466,,1,2508,2508,True,crash,False,False,"Unexpected ""!"" at position 0 in state STOP"
derived-resources,interactive-short-1,short,1,1,5,1,1,f02ab3570928d3fc74a51ceb7a4a39ac,2325,0.4301075268817204,,1,2193,2193,True,crash,False,False,"Unexpected ""!"" at position 0 in state STOP"
derived-resources,interactive-short-1,short,1,2,5,1,1,ff4ea17b4281fdba2a7a842efe3a722a,2269,0.4407227853680035,,1,2152,2152,True,crash,False,False,"Unexpected ""!"" at position 0 in state STOP"
derived-resources,interactive-short-1,short,1,3,5,1,1,64191c6d5f502dc3f35888f44214ade1,2425,0.4123711340206186,,1,2304,2304,True,crash,False,False,"Unexpected ""!"" at position 0 in state STOP"
derived-resources,interactive-short-1,short,1,4,5,1,1,d8972c3dd7a9ab1cc6d9b0773f1037c3,2837,0.35248501938667604,,1,2372,2372,True,crash,False,False,"Unexpected ""!"" at position 0 in state STOP"
derived-resources,interactive-short-2,short,2,0,0,0,0,d41d8cd98f00b204e9800998ecf8427e,98,0.0,,0,,,True,unsupported,False,True,"Invalid SPARQL endpoint response from http://localhost:3001/sparql (HTTP status 400):
Query operation processing failed: none of the configured actors were able to handle the operation type nodes
    Error messages of failing actors:
        Actor urn:comunica:default:query-operation/actors#source does not accept the operation nodes.
"
derived-resources,interactive-short-2,short,2,1,0,0,0,d41d8cd98f00b204e9800998ecf8427e,23,0.0,,0,,,True,unsupported,False,True,"Invalid SPARQL endpoint response from http://localhost:3001/sparql (HTTP status 400):
Query operation processing failed: none of the configured actors were able to handle the operation type nodes
    Error messages of failing actors:
        Actor urn:comunica:default:query-operation/actors#source does not accept the operation nodes.
"
derived-resources,interactive-short-2,short,2,2,0,0,0,d41d8cd98f00b204e9800998ecf8427e,22,0.0,,0,,,True,unsupported,False,True,"Invalid SPARQL endpoint response from http://localhost:3001/sparql (HTTP status 400):
Query operation processing failed: none of the configured actors were able to handle the operation type nodes
    Error messages of failing actors:
        Actor urn:comunica:default:query-operation/actors#source does not accept the operation nodes.
"
derived-resources,interactive-short-2,short,2,3,0,0,0,d41d8cd98f00b204e9800998ecf8427e,22,0.0,,0,,,True,unsupported,False,True,"Invalid SPARQL endpoint response from http://localhost:3001/sparql (HTTP status 400):
Query operation processing failed: none of the configured actors were able to handle the operation type nodes
    Error messages of failing actors:
        Actor urn:comunica:default:query-operation/actors#source does not accept the operation nodes.
"
derived-resources,interactive-short-2,short,2,4,0,0,0,d41d8cd98f00b204e9800998ecf8427e,20,0.0,,0,,,True,unsupported,False,True,"Invalid SPARQL endpoint response from http://localhost:3001/sparql (HTTP status 400):
Query operation processing failed: none of the configured actors were able to handle the operation type nodes
    Error messages of failing actors:
        Actor urn:comunica:default:query-operation/actors#source does not accept the operation nodes.
"
derived-resources,interactive-short-2,short,2,0,1,0,0,d41d8cd98f00b204e9800998ecf8427e,108,0.0,,0,,,True,unsupported,False,True,"Invalid SPARQL endpoint response from http://localhost:3001/sparql (HTTP status 400):
Query operation processing failed: none of the configured actors were able to handle the operation type nodes
    Error messages of failing actors:
        Actor urn:comunica:default:query-operation/actors#source does not accept the operation nodes.
"
derived-resources,interactive-short-2,short,2,1,1,0,0,d41d8cd98f00b204e9800998ecf8427e,19,0.0,,0,,,True,unsupported,False,True,"Invalid SPARQL endpoint response from http://localhost:3001/sparql (HTTP status 400):
Query operation processing failed: none of the configured actors were able to handle the operation type nodes
    Error messages of failing actors:
        Actor urn:comunica:default:query-operation/actors#source does not accept the operation nodes.
"
derived-resources,interactive-short-2,short,2,2,1,0,0,d41d8cd98f00b204e9800998ecf8427e,169,0.0,,0,,,True,unsupported,False,True,"Invalid SPARQL endpoint response from http://localhost:3001/sparql (HTTP status 400):
Query operation processing failed: none of the configured actors were able to handle the operation type nodes
    Error messages of failing actors:
        Actor urn:comunica:default:query-operation/actors#source does not accept the operation nodes.
"
derived-resources,interactive-short-2,short,2,3,1,0,0,d41d8cd98f00b204e9800998ecf8427e,184,0.0,,0,,,True,unsupported,False,True,"Invalid SPARQL endpoint response from http://localhost:3001/sparql (HTTP status 400):
Query operation processing failed: none of the configured actors were able to handle the operation type nodes
    Error messages of failing actors:
        Actor urn:comunica:default:query-operation/actors#source does not accept the operation nodes.
"
derived-resources,interactive-short-2,short,2,4,1,0,0,d41d8cd98f00b204e9800998ecf8427e,21,0.0,,0,,,True,unsupported,False,True,"Invalid SPARQL endpoint response from http://localhost:3001/sparql (HTTP status 400):
Query operation processing failed: none of the configured actors were able to handle the operation type nodes
    Error messages of failing actors:
        Actor urn:comunica:default:query-operation/actors#source does not accept the operation nodes.
"
derived-resources,interactive-short-2,short,2,0,2,0,0,d41d8cd98f00b204e9800998ecf8427e,43,0.0,,0,,,True,unsupported,False,True,"Invalid SPARQL endpoint response from http://localhost:3001/sparql (HTTP status 400):
Query operation processing failed: none of the configured actors were able to handle the operation type nodes
    Error messages of failing actors:
        Actor urn:comunica:default:query-operation/actors#source does not accept the operation nodes.
"
derived-resources,interactive-short-2,short,2,1,2,0,0,d41d8cd98f00b204e9800998ecf8427e,21,0.0,,0,,,True,unsupported,False,True,"Invalid SPARQL endpoint response from http://localhost:3001/sparql (HTTP status 400):
Query operation processing failed: none of the configured actors were able to handle the operation type nodes
    Error messages of failing actors:
        Actor urn:comunica:default:query-operation/actors#source does not accept the operation nodes.
"
derived-resources,interactive-short-2,short,2,2,2,0,0,d41d8cd98f00b204e9800998ecf8427e,14,0.0,,0,,,True,unsupported,False,True,"Invalid SPARQL endpoint response from http://localhost:3001/sparql (HTTP status 400):
Query operation processing failed: none of the configured actors were able to handle the operation type nodes
    Error messages of failing actors:
        Actor urn:comunica:default:query-operation/actors#source does not accept the operation nodes.
"
derived-resources,interactive-short-2,short,2,3,2,0,0,d41d8cd98f00b204e9800998ecf8427e,54,0.0,,0,,,True,unsupported,False,True,"Invalid SPARQL endpoint response from http://localhost:3001/sparql (HTTP status 400):
Query operation processing failed: none of the configured actors were able to handle the operation type nodes
    Error messages of failing actors:
        Actor urn:comunica:default:query-operation/actors#source does not accept the operation nodes.
"
derived-resources,interactive-short-2,short,2,4,2,0,0,d41d8cd98f00b204e9800998ecf8427e,15,0.0,,0,,,True,unsupported,False,True,"Invalid SPARQL endpoint response from http://localhost:3001/sparql (HTTP status 400):
Query operation processing failed: none of the configured actors were able to handle the operation type nodes
    Error messages of failing actors:
        Actor urn:comunica:default:query-operation/actors#source does not accept the operation nodes.
"
derived-resources,interactive-short-2,short,2,0,3,0,0,d41d8cd98f00b204e9800998ecf8427e,13,0.0,,0,,,True,unsupported,False,True,"Invalid SPARQL endpoint response from http://localhost:3001/sparql (HTTP status 400):
Query operation processing failed: none of the configured actors were able to handle the operation type nodes
    Error messages of failing actors:
        Actor urn:comunica:default:query-operation/actors#source does not accept the operation nodes.
"
derived-resources,interactive-short-2,short,2,1,3,0,0,d41d8cd98f00b204e9800998ecf8427e,111,0.0,,0,,,True,unsupported,False,True,"Invalid SPARQL endpoint response from http://localhost:3001/sparql (HTTP status 400):
Query operation processing failed: none of the configured actors were able to handle the operation type nodes
    Error messages of failing actors:
        Actor urn:comunica:default:query-operation/actors#source does not accept the operation nodes.
"
derived-resources,interactive-short-2,short,2,2,3,0,0,d41d8cd98f00b204e9800998ecf8427e,105,0.0,,0,,,True,unsupported,False,True,"Invalid SPARQL endpoint response from http://localhost:3001/sparql (HTTP status 400):
Query operation processing failed: none of the configured actors were able to handle the operation type nodes
    Error messages of failing actors:
        Actor urn:comunica:default:query-operation/actors#source does not accept the operation nodes.
"
derived-resources,interactive-short-2,short,2,3,3,0,0,d41d8cd98f00b204e9800998ecf8427e,18,0.0,,0,,,True,unsupported,False,True,"Invalid SPARQL endpoint response from http://localhost:3001/sparql (HTTP status 400):
Query operation processing failed: none of the configured actors were able to handle the operation type nodes
    Error messages of failing actors:
        Actor urn:comunica:default:query-operation/actors#source does not accept the operation nodes.
"
derived-resources,interactive-short-2,short,2,4,3,0,0,d41d8cd98f00b204e9800998ecf8427e,12,0.0,,0,,,True,unsupported,False,True,"Invalid SPARQL endpoint response from http://localhost:3001/sparql (HTTP status 400):
Query operation processing failed: none of the configured actors were able to handle the operation type nodes
    Error messages of failing actors:
        Actor urn:comunica:default:query-operation/actors#source does not accept the operation nodes.
"
derived-resources,interactive-short-2,short,2,0,4,0,0,d41d8cd98f00b204e9800998ecf8427e,29,0.0,,0,,,True,unsupported,False,True,"Invalid SPARQL endpoint response from http://localhost:3001/sparql (HTTP status 400):
Query operation processing failed: none of the configured actors were able to handle the operation type nodes
    Error messages of failing actors:
        Actor urn:comunica:default:query-operation/actors#source does not accept the operation nodes.
"
derived-resources,interactive-short-2,short,2,1,4,0,0,d41d8cd98f00b204e9800998ecf8427e,89,0.0,,0,,,True,unsupported,False,True,"Invalid SPARQL endpoint response from http://localhost:3001/sparql (HTTP status 400):
Query operation processing failed: none of the configured actors were able to handle the operation type nodes
    Error messages of failing actors:
        Actor urn:comunica:default:query-operation/actors#source does not accept the operation nodes.
"
derived-resources,interactive-short-2,short,2,2,4,0,0,d41d8cd98f00b204e9800998ecf8427e,88,0.0,,0,,,True,unsupported,False,True,"Invalid SPARQL endpoint response from http://localhost:3001/sparql (HTTP status 400):
Query operation processing failed: none of the configured actors were able to handle the operation type nodes
    Error messages of failing actors:
        Actor urn:comunica:default:query-operation/actors#source does not accept the operation nodes.
"
derived-resources,interactive-short-2,short,2,3,4,0,0,d41d8cd98f00b204e9800998ecf8427e,81,0.0,,0,,,True,unsupported,False,True,"Invalid SPARQL endpoint response from http://localhost:3001/sparql (HTTP status 400):
Query operation processing failed: none of the configured actors were able to handle the operation type nodes
    Error messages of failing actors:
        Actor urn:comunica:default:query-operation/actors#source does not accept the operation nodes.
"
derived-resources,interactive-short-2,short,2,4,4,0,0,d41d8cd98f00b204e9800998ecf8427e,14,0.0,,0,,,True,unsupported,False,True,"Invalid SPARQL endpoint response from http://localhost:3001/sparql (HTTP status 400):
Query operation processing failed: none of the configured actors were able to handle the operation type nodes
    Error messages of failing actors:
        Actor urn:comunica:default:query-operation/actors#source does not accept the operation nodes.
"
derived-resources,interactive-short-2,short,2,0,5,0,0,d41d8cd98f00b204e9800998ecf8427e,85,0.0,,0,,,True,unsupported,False,True,"Invalid SPARQL endpoint response from http://localhost:3001/sparql (HTTP status 400):
Query operation processing failed: none of the configured actors were able to handle the operation type nodes
    Error messages of failing actors:
        Actor urn:comunica:default:query-operation/actors#source does not accept the operation nodes.
"
derived-resources,interactive-short-2,short,2,1,5,0,0,d41d8cd98f00b204e9800998ecf8427e,13,0.0,,0,,,True,unsupported,False,True,"Invalid SPARQL endpoint response from http://localhost:3001/sparql (HTTP status 400):
Query operation processing failed: none of the configured actors were able to handle the operation type nodes
    Error messages of failing actors:
        Actor urn:comunica:default:query-operation/actors#source does not accept the operation nodes.
"
derived-resources,interactive-short-2,short,2,2,5,0,0,d41d8cd98f00b204e9800998ecf8427e,13,0.0,,0,,,True,unsupported,False,True,"Invalid SPARQL endpoint response from http://localhost:3001/sparql (HTTP status 400):
Query operation processing failed: none of the configured actors were able to handle the operation type nodes
    Error messages of failing actors:
        Actor urn:comunica:default:query-operation/actors#source does not accept the operation nodes.
"
derived-resources,interactive-short-2,short,2,3,5,0,0,d41d8cd98f00b204e9800998ecf8427e,14,0.0,,0,,,True,unsupported,False,True,"Invalid SPARQL endpoint response from http://localhost:3001/sparql (HTTP status 400):
Query operation processing failed: none of the configured actors were able to handle the operation type nodes
    Error messages of failing actors:
        Actor urn:comunica:default:query-operation/actors#source does not accept the operation nodes.
"
derived-resources,interactive-short-2,short,2,4,5,0,0,d41d8cd98f00b204e9800998ecf8427e,34,0.0,,0,,,True,unsupported,False,True,"Invalid SPARQL endpoint response from http://localhost:3001/sparql (HTTP status 400):
Query operation processing failed: none of the configured actors were able to handle the operation type nodes
    Error messages of failing actors:
        Actor urn:comunica:default:query-operation/actors#source does not accept the operation nodes.
"
derived-resources,interactive-short-3,short,3,0,0,5,5,b147a5e205e25b4d89119b0ec2c9ea9b,300105,0.016660835374285667,,5,40983,298185,True,timeout,True,False,"Unexpected ""!"" at position 0 in state STOP"
derived-resources,interactive-short-3,short,3,1,0,14,14,7c3b87cdebbe1f728ae9572c33af5445,300108,0.04664987271249017,,14,5755,145043,True,timeout,True,False,"Unexpected ""!"" at position 0 in state STOP"
derived-resources,interactive-short-3,short,3,2,0,4,4,0db89652e8b79b87e98cc7bf5022ef43,300091,0.013329290115331682,,4,7756,15462,True,timeout,True,False,"Unexpected ""!"" at position 0 in state STOP"
derived-resources,interactive-short-3,short,3,3,0,24,24,9442cfc3577bb09a2af0706926b573ba,300109,0.0799709438903865,,24,41148,208980,True,timeout,True,False,"Unexpected ""!"" at position 0 in state STOP"
derived-resources,interactive-short-3,short,3,4,0,18,18,5fa61054ce7b012b2018d5a52416e67b,300111,0.05997780821096194,,18,11886,285388,True,timeout,True,False,"Unexpected ""!"" at position 0 in state STOP"
derived-resources,interactive-short-3,short,3,0,1,6,6,94a7afc7ea99f34470fdee44220596fb,300122,0.019991869972877694,,6,81363,172051,True,timeout,True,False,"Unexpected ""!"" at position 0 in state STOP"
derived-resources,interactive-short-3,short,3,1,1,14,14,7c3b87cdebbe1f728ae9572c33af5445,300112,0.04664925094631337,,14,11843,186442,True,timeout,True,False,"Unexpected ""!"" at position 0 in state STOP"
derived-resources,interactive-short-3,short,3,2,1,2,2,d5e4edb4080a549c03febc351ca3719b,300110,0.006664223118189996,,2,3987,4574,True,timeout,True,False,"Unexpected ""!"" at position 0 in state STOP"
derived-resources,interactive-short-3,short,3,3,1,24,24,9442cfc3577bb09a2af0706926b573ba,300074,0.07998027153302185,,24,33857,244524,True,timeout,True,False,"Unexpected ""!"" at position 0 in state STOP"
derived-resources,interactive-short-3,short,3,4,1,18,18,5fa61054ce7b012b2018d5a52416e67b,300109,0.05997820791778987,,18,6106,275428,True,timeout,True,False,"Unexpected ""!"" at position 0 in state STOP"
derived-resources,interactive-short-3,short,3,0,2,6,6,94a7afc7ea99f34470fdee44220596fb,300110,0.01999266935456999,,6,93501,217088,True,timeout,True,False,"Unexpected ""!"" at position 0 in state STOP"
derived-resources,interactive-short-3,short,3,1,2,14,14,7c3b87cdebbe1f728ae9572c33af5445,300110,0.046649561827329974,,14,5162,142217,True,timeout,True,False,"Unexpected ""!"" at position 0 in state STOP"
derived-resources,interactive-short-3,short,3,2,2,3,3,effc53711d57f098226d374eb727fee4,300121,0.009995968292788576,,3,12208,295571,True,timeout,True,False,"Unexpected ""!"" at position 0 in state STOP"
derived-resources,interactive-short-3,short,3,3,2,24,24,9442cfc3577bb09a2af0706926b573ba,300109,0.0799709438903865,,24,21310,257901,True,timeout,True,False,"Unexpected ""!"" at position 0 in state STOP"
derived-resources,interactive-short-3,short,3,4,2,18,18,5fa61054ce7b012b2018d5a52416e67b,300111,0.05997780821096194,,18,5922,229863,True,timeout,True,False,"Unexpected ""!"" at position 0 in state STOP"
derived-resources,interactive-short-3,short,3,0,3,6,6,94a7afc7ea99f34470fdee44220596fb,300037,0.01999753363751804,,6,61335,242626,True,timeout,True,False,"Unexpected ""!"" at position 0 in state STOP"
derived-resources,interactive-short-3,short,3,1,3,14,14,7c3b87cdebbe1f728ae9572c33af5445,300109,0.04664971726939213,,14,5618,154416,True,timeout,True,False,"Unexpected ""!"" at position 0 in state STOP"
derived-resources,interactive-short-3,short,3,2,3,2,2,d5e4edb4080a549c03febc351ca3719b,300063,0.00666526696060494,,2,21426,22053,True,timeout,True,False,"Unexpected ""!"" at position 0 in state STOP"
derived-resources,interactive-short-3,short,3,3,3,24,24,9442cfc3577bb09a2af0706926b573ba,300110,0.07997067741827996,,24,21905,236077,True,timeout,True,False,"Unexpected ""!"" at position 0 in state STOP"
derived-resources,interactive-short-3,short,3,4,3,18,18,5fa61054ce7b012b2018d5a52416e67b,300110,0.05997800806370997,,18,5650,298028,True,timeout,True,False,"Unexpected ""!"" at position 0 in state STOP"
derived-resources,interactive-short-3,short,3,0,4,6,6,94a7afc7ea99f34470fdee44220596fb,300121,0.01999193658557715,,6,90995,234370,True,timeout,True,False,"Unexpected ""!"" at position 0 in state STOP"
derived-resources,interactive-short-3,short,3,1,4,14,14,7c3b87cdebbe1f728ae9572c33af5445,300045,0.04665966771650919,,14,4883,111161,True,timeout,True,False,"Unexpected ""!"" at position 0 in state STOP"
derived-resources,interactive-short-3,short,3,2,4,2,2,d5e4edb4080a549c03febc351ca3719b,300112,0.006664178706616196,,2,12179,12750,True,timeout,True,False,"Unexpected ""!"" at position 0 in state STOP"
derived-resources,interactive-short-3,short,3,3,4,24,24,9442cfc3577bb09a2af0706926b573ba,300438,0.07988337027939209,,24,21968,236381,True,timeout,True,False,"Unexpected ""!"" at position 0 in state STOP"
derived-resources,interactive-short-3,short,3,4,4,18,18,5fa61054ce7b012b2018d5a52416e67b,300110,0.05997800806370997,,18,6364,291407,True,timeout,True,False,"Unexpected ""!"" at position 0 in state STOP"
derived-resources,interactive-short-3,short,3,0,5,6,6,94a7afc7ea99f34470fdee44220596fb,300110,0.01999266935456999,,6,96109,226269,True,timeout,True,False,"Unexpected ""!"" at position 0 in state STOP"
derived-resources,interactive-short-3,short,3,1,5,14,14,7c3b87cdebbe1f728ae9572c33af5445,300111,0.046649406386303736,,14,4857,154674,True,timeout,True,False,"Unexpected ""!"" at position 0 in state STOP"
derived-resources,interactive-short-3,short,3,2,5,3,3,effc53711d57f098226d374eb727fee4,300119,0.00999603490615389,,3,12015,287537,True,timeout,True,False,"Unexpected ""!"" at position 0 in state STOP"
derived-resources,interactive-short-3,short,3,3,5,24,24,9442cfc3577bb09a2af0706926b573ba,300109,0.0799709438903865,,24,19610,250433,True,timeout,True,False,"Unexpected ""!"" at position 0 in state STOP"
derived-resources,interactive-short-3,short,3,4,5,18,18,5fa61054ce7b012b2018d5a52416e67b,300089,0.05998220527910053,,18,6531,292768,True,timeout,True,False,"Unexpected ""!"" at position 0 in state STOP"
derived-resources,interactive-short-4,short,4,0,0,1,1,be952defdc6bff97ab1d2bd30503bd7a,389,2.570694087403599,4.0,1,241,241,False,ok,False,False,
derived-resources,interactive-short-4,short,4,1,0,1,1,c7f96e08adf5efcc4ad5302bc4ebe30f,267,3.745318352059925,4.0,1,139,139,False,ok,False,False,
derived-resources,interactive-short-4,short,4,2,0,1,1,b14fe4f20ab576f2bf485f4d72fc2332,822,1.2165450121654502,28.0,1,282,282,False,ok,False,False,
derived-resources,interactive-short-4,short,4,3,0,1,1,c114679689014713f0be71d73de99a0b,918,1.0893246187363834,38.0,1,280,280,False,ok,False,False,
derived-resources,interactive-short-4,short,4,4,0,1,1,c93535a997dcc3e3b4e497b89e662936,245,4.081632653061225,4.0,1,128,128,False,ok,False,False,
derived-resources,interactive-short-4,short,4,0,1,1,1,be952defdc6bff97ab1d2bd30503bd7a,221,4.524886877828054,4.0,1,108,108,False,ok,False,False,
derived-resources,interactive-short-4,short,4,1,1,1,1,c7f96e08adf5efcc4ad5302bc4ebe30f,250,4.0,4.0,1,125,125,False,ok,False,False,
derived-resources,interactive-short-4,short,4,2,1,1,1,b14fe4f20ab576f2bf485f4d72fc2332,506,1.976284584980237,28.0,1,161,161,False,ok,False,False,
derived-resources,interactive-short-4,short,4,3,1,1,1,c114679689014713f0be71d73de99a0b,660,1.5151515151515151,38.0,1,205,205,False,ok,False,False,
derived-resources,interactive-short-4,short,4,4,1,1,1,c93535a997dcc3e3b4e497b89e662936,272,3.676470588235294,4.0,1,132,132,False,ok,False,False,
derived-resources,interactive-short-4,short,4,0,2,1,1,be952defdc6bff97ab1d2bd30503bd7a,231,4.329004329004329,4.0,1,115,115,False,ok,False,False,
derived-resources,interactive-short-4,short,4,1,2,1,1,c7f96e08adf5efcc4ad5302bc4ebe30f,247,4.048582995951417,4.0,1,128,128,False,ok,False,False,
derived-resources,interactive-short-4,short,4,2,2,1,1,b14fe4f20ab576f2bf485f4d72fc2332,540,1.8518518518518516,28.0,1,165,165,False,ok,False,False,
derived-resources,interactive-short-4,short,4,3,2,1,1,c114679689014713f0be71d73de99a0b,638,1.567398119122257,38.0,1,187,187,False,ok,False,False,
derived-resources,interactive-short-4,short,4,4,2,1,1,c93535a997dcc3e3b4e497b89e662936,239,4.184100418410042,4.0,1,115,115,False,ok,False,False,
derived-resources,interactive-short-4,short,4,0,3,1,1,be952defdc6bff97ab1d2bd30503bd7a,231,4.329004329004329,4.0,1,107,107,False,ok,False,False,
derived-resources,interactive-short-4,short,4,1,3,1,1,c7f96e08adf5efcc4ad5302bc4ebe30f,252,3.9682539682539684,4.0,1,125,125,False,ok,False,False,
derived-resources,interactive-short-4,short,4,2,3,1,1,b14fe4f20ab576f2bf485f4d72fc2332,503,1.9880715705765408,28.0,1,149,149,False,ok,False,False,
derived-resources,interactive-short-4,short,4,3,3,1,1,c114679689014713f0be71d73de99a0b,678,1.4749262536873156,38.0,1,187,187,False,ok,False,False,
derived-resources,interactive-short-4,short,4,4,3,1,1,c93535a997dcc3e3b4e497b89e662936,235,4.25531914893617,4.0,1,121,121,False,ok,False,False,
derived-resources,interactive-short-4,short,4,0,4,1,1,be952defdc6bff97ab1d2bd30503bd7a,226,4.424778761061947,4.0,1,112,112,False,ok,False,False,
derived-resources,interactive-short-4,short,4,1,4,1,1,c7f96e08adf5efcc4ad5302bc4ebe30f,250,4.0,4.0,1,127,127,False,ok,False,False,
derived-resources,interactive-short-4,short,4,2,4,1,1,b14fe4f20ab576f2bf485f4d72fc2332,539,1.8552875695732838,28.0,1,171,171,False,ok,False,False,
derived-resources,interactive-short-4,short,4,3,4,1,1,c114679689014713f0be71d73de99a0b,714,1.400560224089636,38.0,1,192,192,False,ok,False,False,
derived-resources,interactive-short-4,short,4,4,4,1,1,c93535a997dcc3e3b4e497b89e662936,257,3.8910505836575875,4.0,1,124,124,False,ok,False,False,
derived-resources,interactive-short-4,short,4,0,5,1,1,be952defdc6bff97ab1d2bd30503bd7a,237,4.219409282700422,4.0,1,120,120,False,ok,False,False,
derived-resources,interactive-short-4,short,4,1,5,1,1,c7f96e08adf5efcc4ad5302bc4ebe30f,268,3.731343283582089,4.0,1,126,126,False,ok,False,False,
derived-resources,interactive-short-4,short,4,2,5,1,1,b14fe4f20ab576f2bf485f4d72fc2332,522,1.9157088122605364,28.0,1,152,152,False,ok,False,False,
derived-resources,interactive-short-4,short,4,3,5,1,1,c114679689014713f0be71d73de99a0b,638,1.567398119122257,38.0,1,184,184,False,ok,False,False,
derived-resources,interactive-short-4,short,4,4,5,1,1,c93535a997dcc3e3b4e497b89e662936,245,4.081632653061225,4.0,1,121,121,False,ok,False,False,
derived-resources,interactive-short-5,short,5,0,0,1,1,dc0e41612718b8e8febbfed0b6a81235,3701,0.2701972439881113,38.0,1,3109,3109,False,ok,False,False,
derived-resources,interactive-short-5,short,5,1,0,1,1,503ee1b279b823f2e5e6c3c7ad09348a,6745,0.14825796886582654,38.0,1,6088,6088,False,ok,False,False,
derived-resources,interactive-short-5,short,5,2,0,1,1,f5c7036bdd812461f2fb5aae6b3ae925,29960,0.03337783711615487,96.0,1,27394,27394,False,ok,False,False,
derived-resources,interactive-short-5,short,5,3,0,1,1,34828ddcb65169a440f3b93e10833a13,1600,0.625,44.0,1,1209,1209,False,ok,False,False,
derived-resources,interactive-short-5,short,5,4,0,1,1,85635c1632159d9ccdaa8e67a0da19e7,3856,0.25933609958506226,98.0,1,2660,2660,False,ok,False,False,
derived-resources,interactive-short-5,short,5,0,1,1,1,dc0e41612718b8e8febbfed0b6a81235,1504,0.6648936170212766,38.0,1,896,896,False,ok,False,False,
derived-resources,interactive-short-5,short,5,1,1,1,1,503ee1b279b823f2e5e6c3c7ad09348a,1588,0.6297229219143576,38.0,1,922,922,False,ok,False,False,
derived-resources,interactive-short-5,short,5,2,1,1,1,f5c7036bdd812461f2fb5aae6b3ae925,2437,0.41034058268362744,96.0,1,891,891,False,ok,False,False,
derived-resources,interactive-short-5,short,5,3,1,1,1,34828ddcb65169a440f3b93e10833a13,1291,0.774593338497289,44.0,1,906,906,False,ok,False,False,
derived-resources,interactive-short-5,short,5,4,1,1,1,85635c1632159d9ccdaa8e67a0da19e7,1862,0.5370569280343717,98.0,1,862,862,False,ok,False,False,
derived-resources,interactive-short-5,short,5,0,2,1,1,dc0e41612718b8e8febbfed0b6a81235,1369,0.7304601899196493,38.0,1,784,784,False,ok,False,False,
derived-resources,interactive-short-5,short,5,1,2,1,1,503ee1b279b823f2e5e6c3c7ad09348a,1485,0.6734006734006733,38.0,1,864,864,False,ok,False,False,
derived-resources,interactive-short-5,short,5,2,2,1,1,f5c7036bdd812461f2fb5aae6b3ae925,2414,0.4142502071251035,96.0,1,854,854,False,ok,False,False,
derived-resources,interactive-short-5,short,5,3,2,1,1,34828ddcb65169a440f3b93e10833a13,1233,0.8110300081103,44.0,1,874,874,False,ok,False,False,
derived-resources,interactive-short-5,short,5,4,2,1,1,85635c1632159d9ccdaa8e67a0da19e7,1887,0.5299417064122947,98.0,1,874,874,False,ok,False,False,
derived-resources,interactive-short-5,short,5,0,3,1,1,dc0e41612718b8e8febbfed0b6a81235,1457,0.6863417982155113,38.0,1,866,866,False,ok,False,False,
derived-resources,interactive-short-5,short,5,1,3,1,1,503ee1b279b823f2e5e6c3c7ad09348a,1499,0.66711140760507,38.0,1,863,863,False,ok,False,False,
derived-resources,interactive-short-5,short,5,2,3,1,1,f5c7036bdd812461f2fb5aae6b3ae925,2431,0.41135335252982314,96.0,1,879,879,False,ok,False,False,
derived-resources,interactive-short-5,short,5,3,3,1,1,34828ddcb65169a440f3b93e10833a13,1260,0.7936507936507936,44.0,1,834,834,False,ok,False,False,
derived-resources,interactive-short-5,short,5,4,3,1,1,85635c1632159d9ccdaa8e67a0da19e7,1915,0.5221932114882506,98.0,1,892,892,False,ok,False,False,
derived-resources,interactive-short-5,short,5,0,4,1,1,dc0e41612718b8e8febbfed0b6a81235,1444,0.6925207756232687,38.0,1,858,858,False,ok,False,False,
derived-resources,interactive-short-5,short,5,1,4,1,1,503ee1b279b823f2e5e6c3c7ad09348a,1509,0.6626905235255136,38.0,1,855,855,False,ok,False,False,
derived-resources,interactive-short-5,short,5,2,4,1,1,f5c7036bdd812461f2fb5aae6b3ae925,2405,0.4158004158004158,96.0,1,820,820,False,ok,False,False,
derived-resources,interactive-short-5,short,5,3,4,1,1,34828ddcb65169a440f3b93e10833a13,1259,0.7942811755361399,44.0,1,881,881,False,ok,False,False,
derived-resources,interactive-short-5,short,5,4,4,1,1,85635c1632159d9ccdaa8e67a0da19e7,1903,0.5254860746190226,98.0,1,818,818,False,ok,False,False,
derived-resources,interactive-short-5,short,5,0,5,1,1,dc0e41612718b8e8febbfed0b6a81235,1454,0.687757909215956,38.0,1,864,864,False,ok,False,False,
derived-resources,interactive-short-5,short,5,1,5,1,1,503ee1b279b823f2e5e6c3c7ad09348a,1538,0.6501950585175552,38.0,1,868,868,False,ok,False,False,
derived-resources,interactive-short-5,short,5,2,5,1,1,f5c7036bdd812461f2fb5aae6b3ae925,2370,0.42194092827004215,96.0,1,855,855,False,ok,False,False,
derived-resources,interactive-short-5,short,5,3,5,1,1,34828ddcb65169a440f3b93e10833a13,1263,0.7917656373713381,44.0,1,882,882,False,ok,False,False,
derived-resources,interactive-short-5,short,5,4,5,1,1,85635c1632159d9ccdaa8e67a0da19e7,1877,0.5327650506126798,98.0,1,857,857,False,ok,False,False,
derived-resources,interactive-short-6,short,6,0,0,1,1,ba304a277e0c6fae635de35002222d91,300105,0.003332167074857133,,1,1783,1783,True,timeout,True,False,"Unexpected ""!"" at position 0 in state STOP"
derived-resources,interactive-short-6,short,6,1,0,1,1,e849f1a14477da933bfaa5ee561efce8,300112,0.003332089353308098,,1,2829,2829,True,timeout,True,False,"Unexpected ""!"" at position 0 in state STOP"
derived-resources,interactive-short-6,short,6,2,0,0,0,d41d8cd98f00b204e9800998ecf8427e,300114,0.0,,0,,,True,timeout,True,True,"Unexpected ""!"" at position 0 in state STOP"
derived-resources,interactive-short-6,short,6,3,0,0,0,d41d8cd98f00b204e9800998ecf8427e,300105,0.0,,0,,,True,timeout,True,True,"Unexpected ""!"" at position 0 in state STOP"
derived-resources,interactive-short-6,short,6,4,0,0,0,d41d8cd98f00b204e9800998ecf8427e,300085,0.0,,0,,,True,timeout,True,True,"Unexpected ""!"" at position 0 in state STOP"
derived-resources,interactive-short-6,short,6,0,1,1,1,ba304a277e0c6fae635de35002222d91,300109,0.0033321226620994376,,1,2364,2364,True,timeout,True,False,"Unexpected ""!"" at position 0 in state STOP"
derived-resources,interactive-short-6,short,6,1,1,1,1,e849f1a14477da933bfaa5ee561efce8,300108,0.003332133765177869,,1,2902,2902,True,timeout,True,False,"Unexpected ""!"" at position 0 in state STOP"
derived-resources,interactive-short-6,short,6,2,1,0,0,d41d8cd98f00b204e9800998ecf8427e,300104,0.0,,0,,,True,timeout,True,True,"Unexpected ""!"" at position 0 in state STOP"
derived-resources,interactive-short-6,short,6,3,1,0,0,d41d8cd98f00b204e9800998ecf8427e,300109,0.0,,0,,,True,timeout,True,True,"Unexpected ""!"" at position 0 in state STOP"
derived-resources,interactive-short-6,short,6,4,1,0,0,d41d8cd98f00b204e9800998ecf8427e,300046,0.0,,0,,,True,timeout,True,True,"Unexpected ""!"" at position 0 in state STOP"
derived-resources,interactive-short-6,short,6,0,2,1,1,ba304a277e0c6fae635de35002222d91,300618,0.003326480782920517,,1,2269,2269,True,timeout,True,False,"Unexpected ""!"" at position 0 in state STOP"
derived-resources,interactive-short-6,short,6,1,2,1,1,e849f1a14477da933bfaa5ee561efce8,300108,0.003332133765177869,,1,6084,6084,True,timeout,True,False,"Unexpected ""!"" at position 0 in state STOP"
derived-resources,interactive-short-6,short,6,2,2,0,0,d41d8cd98f00b204e9800998ecf8427e,300649,0.0,,0,,,True,timeout,True,True,terminated
derived-resources,interactive-short-6,short,6,3,2,0,0,d41d8cd98f00b204e9800998ecf8427e,300111,0.0,,0,,,True,timeout,True,True,"Unexpected ""!"" at position 0 in state STOP"
derived-resources,interactive-short-6,short,6,4,2,0,0,d41d8cd98f00b204e9800998ecf8427e,300107,0.0,,0,,,True,timeout,True,True,"Unexpected ""!"" at position 0 in state STOP"
derived-resources,interactive-short-6,short,6,0,3,1,1,ba304a277e0c6fae635de35002222d91,300111,0.0033321004561645525,,1,2227,2227,True,timeout,True,False,"Unexpected ""!"" at position 0 in state STOP"
derived-resources,interactive-short-6,short,6,1,3,1,1,e849f1a14477da933bfaa5ee561efce8,300825,0.0033241918058671987,,1,5994,5994,True,timeout,True,False,"Unexpected ""!"" at position 0 in state STOP"
derived-resources,interactive-short-6,short,6,2,3,0,0,d41d8cd98f00b204e9800998ecf8427e,300093,0.0,,0,,,True,timeout,True,True,"Unexpected ""!"" at position 0 in state STOP"
derived-resources,interactive-short-6,short,6,3,3,0,0,d41d8cd98f00b204e9800998ecf8427e,300090,0.0,,0,,,True,timeout,True,True,"Unexpected ""!"" at position 0 in state STOP"
derived-resources,interactive-short-6,short,6,4,3,0,0,d41d8cd98f00b204e9800998ecf8427e,300108,0.0,,0,,,True,timeout,True,True,"Unexpected ""!"" at position 0 in state STOP"
derived-resources,interactive-short-6,short,6,0,4,1,1,ba304a277e0c6fae635de35002222d91,300109,0.0033321226620994376,,1,2316,2316,True,timeout,True,False,"Unexpected ""!"" at position 0 in state STOP"
derived-resources,interactive-short-6,short,6,1,4,1,1,e849f1a14477da933bfaa5ee561efce8,300107,0.0033321448683302952,,1,12817,12817,True,timeout,True,False,"Unexpected ""!"" at position 0 in state STOP"
derived-resources,interactive-short-6,short,6,2,4,0,0,d41d8cd98f00b204e9800998ecf8427e,300111,0.0,,0,,,True,timeout,True,True,"Unexpected ""!"" at position 0 in state STOP"
derived-resources,interactive-short-6,short,6,3,4,0,0,d41d8cd98f00b204e9800998ecf8427e,300109,0.0,,0,,,True,timeout,True,True,"Unexpected ""!"" at position 0 in state STOP"
derived-resources,interactive-short-6,short,6,4,4,0,0,d41d8cd98f00b204e9800998ecf8427e,300114,0.0,,0,,,True,timeout,True,True,"Unexpected ""!"" at position 0 in state STOP"
derived-resources,interactive-short-6,short,6,0,5,1,1,ba304a277e0c6fae635de35002222d91,300107,0.0033321448683302952,,1,1782,1782,True,timeout,True,False,"Unexpected ""!"" at position 0 in state STOP"
derived-resources,interactive-short-6,short,6,1,5,1,1,e849f1a14477da933bfaa5ee561efce8,300111,0.0033321004561645525,,1,1765,1765,True,timeout,True,False,"Unexpected ""!"" at position 0 in state STOP"
derived-resources,interactive-short-6,short,6,2,5,0,0,d41d8cd98f00b204e9800998ecf8427e,300109,0.0,,0,,,True,timeout,True,True,"Unexpected ""!"" at position 0 in state STOP"
derived-resources,interactive-short-6,short,6,3,5,0,0,d41d8cd98f00b204e9800998ecf8427e,300110,0.0,,0,,,True,timeout,True,True,"Unexpected ""!"" at position 0 in state STOP"
derived-resources,interactive-short-6,short,6,4,5,0,0,d41d8cd98f00b204e9800998ecf8427e,300110,0.0,,0,,,True,timeout,True,True,"Unexpected ""!"" at position 0 in state STOP"
derived-resources,interactive-short-7,short,7,0,0,0,0,d41d8cd98f00b204e9800998ecf8427e,300105,0.0,,0,,,True,timeout,True,True,"Unexpected ""!"" at position 0 in state STOP"
derived-resources,interactive-short-7,short,7,1,0,0,0,d41d8cd98f00b204e9800998ecf8427e,300113,0.0,,0,,,True,timeout,True,True,"Unexpected ""!"" at position 0 in state STOP"
derived-resources,interactive-short-7,short,7,2,0,0,0,d41d8cd98f00b204e9800998ecf8427e,300018,0.0,,0,,,True,timeout,True,True,"Unexpected ""!"" at position 0 in state STOP"
derived-resources,interactive-short-7,short,7,3,0,0,0,d41d8cd98f00b204e9800998ecf8427e,300108,0.0,,0,,,True,timeout,True,True,"Unexpected ""!"" at position 0 in state STOP"
derived-resources,interactive-short-7,short,7,4,0,0,0,d41d8cd98f00b204e9800998ecf8427e,300120,0.0,,0,,,True,timeout,True,True,"Unexpected ""!"" at position 0 in state STOP"
derived-resources,interactive-short-7,short,7,0,1,0,0,d41d8cd98f00b204e9800998ecf8427e,300110,0.0,,0,,,True,timeout,True,True,"Unexpected ""!"" at position 0 in state STOP"
derived-resources,interactive-short-7,short,7,1,1,0,0,d41d8cd98f00b204e9800998ecf8427e,300109,0.0,,0,,,True,timeout,True,True,"Unexpected ""!"" at position 0 in state STOP"
derived-resources,interactive-short-7,short,7,2,1,0,0,d41d8cd98f00b204e9800998ecf8427e,300110,0.0,,0,,,True,timeout,True,True,"Unexpected ""!"" at position 0 in state STOP"
derived-resources,interactive-short-7,short,7,3,1,0,0,d41d8cd98f00b204e9800998ecf8427e,300110,0.0,,0,,,True,timeout,True,True,"Unexpected ""!"" at position 0 in state STOP"
derived-resources,interactive-short-7,short,7,4,1,0,0,d41d8cd98f00b204e9800998ecf8427e,300109,0.0,,0,,,True,timeout,True,True,"Unexpected ""!"" at position 0 in state STOP"
derived-resources,interactive-short-7,short,7,0,2,0,0,d41d8cd98f00b204e9800998ecf8427e,300118,0.0,,0,,,True,timeout,True,True,"Unexpected ""!"" at position 0 in state STOP"
derived-resources,interactive-short-7,short,7,1,2,0,0,d41d8cd98f00b204e9800998ecf8427e,300111,0.0,,0,,,True,timeout,True,True,"Unexpected ""!"" at position 0 in state STOP"
derived-resources,interactive-short-7,short,7,2,2,0,0,d41d8cd98f00b204e9800998ecf8427e,300113,0.0,,0,,,True,timeout,True,True,"Unexpected ""!"" at position 0 in state STOP"
derived-resources,interactive-short-7,short,7,3,2,0,0,d41d8cd98f00b204e9800998ecf8427e,300111,0.0,,0,,,True,timeout,True,True,"Unexpected ""!"" at position 0 in state STOP"
derived-resources,interactive-short-7,short,7,4,2,0,0,d41d8cd98f00b204e9800998ecf8427e,300113,0.0,,0,,,True,timeout,True,True,"Unexpected ""!"" at position 0 in state STOP"
derived-resources,interactive-short-7,short,7,0,3,0,0,d41d8cd98f00b204e9800998ecf8427e,300109,0.0,,0,,,True,timeout,True,True,"Unexpected ""!"" at position 0 in state STOP"
derived-resources,interactive-short-7,short,7,1,3,0,0,d41d8cd98f00b204e9800998ecf8427e,300123,0.0,,0,,,True,timeout,True,True,"Unexpected ""!"" at position 0 in state STOP"
derived-resources,interactive-short-7,short,7,2,3,0,0,d41d8cd98f00b204e9800998ecf8427e,300112,0.0,,0,,,True,timeout,True,True,"Unexpected ""!"" at position 0 in state STOP"
derived-resources,interactive-short-7,short,7,3,3,0,0,d41d8cd98f00b204e9800998ecf8427e,300108,0.0,,0,,,True,timeout,True,True,"Unexpected ""!"" at position 0 in state STOP"
derived-resources,interactive-short-7,short,7,4,3,0,0,d41d8cd98f00b204e9800998ecf8427e,300111,0.0,,0,,,True,timeout,True,True,"Unexpected ""!"" at position 0 in state STOP"
derived-resources,interactive-short-7,short,7,0,4,0,0,d41d8cd98f00b204e9800998ecf8427e,300114,0.0,,0,,,True,timeout,True,True,"Unexpected ""!"" at position 0 in state STOP"
derived-resources,interactive-short-7,short,7,1,4,0,0,d41d8cd98f00b204e9800998ecf8427e,300109,0.0,,0,,,True,timeout,True,True,"Unexpected ""!"" at position 0 in state STOP"
derived-resources,interactive-short-7,short,7,2,4,0,0,d41d8cd98f00b204e9800998ecf8427e,300112,0.0,,0,,,True,timeout,True,True,"Unexpected ""!"" at position 0 in state STOP"
derived-resources,interactive-short-7,short,7,3,4,0,0,d41d8cd98f00b204e9800998ecf8427e,300110,0.0,,0,,,True,timeout,True,True,"Unexpected ""!"" at position 0 in state STOP"
derived-resources,interactive-short-7,short,7,4,4,0,0,d41d8cd98f00b204e9800998ecf8427e,300113,0.0,,0,,,True,timeout,True,True,"Unexpected ""!"" at position 0 in state STOP"
derived-resources,interactive-short-7,short,7,0,5,0,0,d41d8cd98f00b204e9800998ecf8427e,300112,0.0,,0,,,True,timeout,True,True,"Unexpected ""!"" at position 0 in state STOP"
derived-resources,interactive-short-7,short,7,1,5,0,0,d41d8cd98f00b204e9800998ecf8427e,300111,0.0,,0,,,True,timeout,True,True,"Unexpected ""!"" at position 0 in state STOP"
derived-resources,interactive-short-7,short,7,2,5,0,0,d41d8cd98f00b204e9800998ecf8427e,300108,0.0,,0,,,True,timeout,True,True,"Unexpected ""!"" at position 0 in state STOP"
derived-resources,interactive-short-7,short,7,3,5,0,0,d41d8cd98f00b204e9800998ecf8427e,300110,0.0,,0,,,True,timeout,True,True,"Unexpected ""!"" at position 0 in state STOP"
derived-resources,interactive-short-7,short,7,4,5,0,0,d41d8cd98f00b204e9800998ecf8427e,300113,0.0,,0,,,True,timeout,True,True,"Unexpected ""!"" at position 0 in state STOP"
