engine,template,family,template_index,instance,replication,results,delivered,hash,time_ms,throughput_per_s,http_requests,n_timestamps,first_result_ms,last_result_ms,failed,failure_kind,timed_out,empty_result,error
adaptive-derived-resources-no-chain,interactive-discover-1,discover,1,0,0,6,6,d632b8166f912f4afd062d64186f2dc6,5196,1.1547344110854505,97.0,6,3835,4016,False,ok,False,False,
adaptive-derived-resources-no-chain,interactive-discover-1,discover,1,1,0,4,4,e00f199d535cd1710bf9be67f04f39e4,2212,1.8083182640144664,33.0,4,2036,2054,False,ok,False,False,
adaptive-derived-resources-no-chain,interactive-discover-1,discover,1,2,0,1,1,c4499554f796e968a069e67a8f5d9d1c,1879,0.532197977647685,33.0,1,1664,1664,False,ok,False,False,
adaptive-derived-resources-no-chain,interactive-discover-1,discover,1,3,0,14,14,6c0a9fe8be642ee232c10c9996912b97,2465,5.679513184584179,35.0,14,2139,2232,False,ok,False,False,
adaptive-derived-resources-no-chain,interactive-discover-1,discover,1,4,0,8,8,7536d3a2c1abc2a9ac92b1860efa3282,2984,2.680965147453083,85.0,8,1655,2535,False,ok,False,False,
adaptive-derived-resources-no-chain,interactive-discover-1,discover,1,0,1,6,6,d632b8166f912f4afd062d64186f2dc6,1929,3.1104199066874028,97.0,6,1171,1172,False,ok,False,False,
adaptive-derived-resources-no-chain,interactive-discover-1,discover,1,1,1,4,4,e00f199d535cd1710bf9be67f04f39e4,1278,3.1298904538341157,33.0,4,1070,1070,False,ok,False,False,
adaptive-derived-resources-no-chain,interactive-discover-1,discover,1,2,1,1,1,c4499554f796e968a069e67a8f5d9d1c,1322,0.75642965204236,33.0,1,1121,1121,False,ok,False,False,
adaptive-derived-resources-no-chain,interactive-discover-1,discover,1,3,1,14,14,6c0a9fe8be642ee232c10c9996912b97,1332,10.51051051051051,35.0,14,1110,1110,False,ok,False,False,
adaptive-derived-resources-no-chain,interactive-discover-1,discover,1,4,1,8,8,7536d3a2c1abc2a9ac92b1860efa3282,1758,4.550625711035267,85.0,8,1140,1140,False,ok,False,False,
adaptive-derived-resources-no-chain,interactive-discover-1,discover,1,0,2,6,6,d632b8166f912f4afd062d64186f2dc6,1971,3.0441400304414,97.0,6,1218,1218,False,ok,False,False,
adaptive-derived-resources-no-chain,interactive-discover-1,discover,1,1,2,4,4,e00f199d535cd1710bf9be67f04f39e4,1310,3.0534351145038165,33.0,4,1096,1097,False,ok,False,False,
adaptive-derived-resources-no-chain,interactive-discover-1,discover,1,2,2,1,1,c4499554f796e968a069e67a8f5d9d1c,1354,0.7385524372230428,33.0,1,1158,1158,False,ok,False,False,
adaptive-derived-resources-no-chain,interactive-discover-1,discover,1,3,2,14,14,6c0a9fe8be642ee232c10c9996912b97,1344,10.416666666666666,35.0,14,1088,1096,False,ok,False,False,
adaptive-derived-resources-no-chain,interactive-discover-1,discover,1,4,2,8,8,7536d3a2c1abc2a9ac92b1860efa3282,1719,4.653868528214078,85.0,8,1096,1096,False,ok,False,False,
adaptive-derived-resources-no-chain,interactive-discover-1,discover,1,0,3,6,6,d632b8166f912f4afd062d64186f2dc6,1832,3.2751091703056767,97.0,6,1124,1125,False,ok,False,False,
adaptive-derived-resources-no-chain,interactive-discover-1,discover,1,1,3,4,4,e00f199d535cd1710bf9be67f04f39e4,1288,3.1055900621118013,33.0,4,1087,1088,False,ok,False,False,
adaptive-derived-resources-no-chain,interactive-discover-1,discover,1,2,3,1,1,c4499554f796e968a069e67a8f5d9d1c,1205,0.8298755186721991,33.0,1,1015,1015,False,ok,False,False,
adaptive-derived-resources-no-chain,interactive-discover-1,discover,1,3,3,14,14,6c0a9fe8be642ee232c10c9996912b97,1352,10.355029585798816,35.0,14,1147,1148,False,ok,False,False,
adaptive-derived-resources-no-chain,interactive-discover-1,discover,1,4,3,8,8,7536d3a2c1abc2a9ac92b1860efa3282,1721,4.648460197559558,85.0,8,1074,1074,False,ok,False,False,
adaptive-derived-resources-no-chain,interactive-discover-1,discover,1,0,4,6,6,d632b8166f912f4afd062d64186f2dc6,2042,2.9382957884427037,97.0,6,1142,1142,False,ok,False,False,
adaptive-derived-resources-no-chain,interactive-discover-1,discover,1,1,4,4,4,e00f199d535cd1710bf9be67f04f39e4,1325,3.018867924528302,33.0,4,1115,1115,False,ok,False,False,
adaptive-derived-resources-no-chain,interactive-discover-1,discover,1,2,4,1,1,c4499554f796e968a069e67a8f5d9d1c,1224,0.8169934640522876,33.0,1,1032,1032,False,ok,False,False,
adaptive-derived-resources-no-chain,interactive-discover-1,discover,1,3,4,14,14,6c0a9fe8be642ee232c10c9996912b97,1272,11.0062893081761,35.0,14,1050,1053,False,ok,False,False,
adaptive-derived-resources-no-chain,interactive-discover-1,discover,1,4,4,8,8,7536d3a2c1abc2a9ac92b1860efa3282,1800,4.444444444444445,85.0,8,1133,1134,False,ok,False,False,
adaptive-derived-resources-no-chain,interactive-discover-1,discover,1,0,5,6,6,d632b8166f912f4afd062d64186f2dc6,1708,3.51288056206089,97.0,6,1089,1089,False,ok,False,False,
adaptive-derived-resources-no-chain,interactive-discover-1,discover,1,1,5,4,4,e00f199d535cd1710bf9be67f04f39e4,1234,3.2414910858995136,33.0,4,1019,1019,False,ok,False,False,
adaptive-derived-resources-no-chain,interactive-discover-1,discover,1,2,5,1,1,c4499554f796e968a069e67a8f5d9d1c,1332,0.7507507507507507,33.0,1,1117,1117,False,ok,False,False,
adaptive-derived-resources-no-chain,interactive-discover-1,discover,1,3,5,14,14,6c0a9fe8be642ee232c10c9996912b97,1309,10.695187165775401,35.0,14,1092,1092,False,ok,False,False,
adaptive-derived-resources-no-chain,interactive-discover-1,discover,1,4,5,8,8,7536d3a2c1abc2a9ac92b1860efa3282,2016,3.9682539682539684,85.0,8,1434,1434,False,ok,False,False,
adaptive-derived-resources-no-chain,interactive-discover-2,discover,2,0,0,66,66,18ff3becda1d7305aaa0da5860ca7511,2135,30.913348946135834,98.0,66,1070,2132,False,ok,False,False,
adaptive-derived-resources-no-chain,interactive-discover-2,discover,2,1,0,46,46,f6a5ba863b07324a44f8e492bf9ab0e1,1397,32.9277022190408,34.0,46,1038,1395,False,ok,False,False,
adaptive-derived-resources-no-chain,interactive-discover-2,discover,2,2,0,32,32,113587781a953fec190d8e3339b06c26,1317,24.297646165527716,34.0,32,1037,1314,False,ok,False,False,
adaptive-derived-resources-no-chain,interactive-discover-2,discover,2,3,0,198,198,23320e2cdf40e8165aa7fdff74171184,2282,86.76599474145486,36.0,198,1057,2277,False,ok,False,False,
adaptive-derived-resources-no-chain,interactive-discover-2,discover,2,4,0,98,98,a7ea80830c1f3358609f53e0ce62fd9a,2029,48.29965500246427,86.0,98,1079,2026,False,ok,False,False,
adaptive-derived-resources-no-chain,interactive-discover-2,discover,2,0,1,66,66,18ff3becda1d7305aaa0da5860ca7511,1739,37.95284646348476,98.0,66,1050,1059,False,ok,False,False,
adaptive-derived-resources-no-chain,interactive-discover-2,discover,2,1,1,46,46,f6a5ba863b07324a44f8e492bf9ab0e1,1244,36.97749196141479,34.0,46,1030,1034,False,ok,False,False,
adaptive-derived-resources-no-chain,interactive-discover-2,discover,2,2,1,32,32,113587781a953fec190d8e3339b06c26,1222,26.18657937806874,34.0,32,1028,1031,False,ok,False,False,
adaptive-derived-resources-no-chain,interactive-discover-2,discover,2,3,1,198,198,23320e2cdf40e8165aa7fdff74171184,1264,156.64556962025316,36.0,198,1066,1090,False,ok,False,False,
adaptive-derived-resources-no-chain,interactive-discover-2,discover,2,4,1,98,98,a7ea80830c1f3358609f53e0ce62fd9a,1616,60.64356435643564,86.0,98,1080,1092,False,ok,False,False,
adaptive-derived-resources-no-chain,interactive-discover-2,discover,2,0,2,66,66,18ff3becda1d7305aaa0da5860ca7511,1690,39.053254437869825,98.0,66,1054,1063,False,ok,False,False,
adaptive-derived-resources-no-chain,interactive-discover-2,discover,2,1,2,46,46,f6a5ba863b07324a44f8e492bf9ab0e1,1271,36.19197482297404,34.0,46,1055,1060,False,ok,False,False,
adaptive-derived-resources-no-chain,interactive-discover-2,discover,2,2,2,32,32,113587781a953fec190d8e3339b06c26,1206,26.533996683250415,34.0,32,1021,1023,False,ok,False,False,
adaptive-derived-resources-no-chain,interactive-discover-2,discover,2,3,2,198,198,23320e2cdf40e8165aa7fdff74171184,1312,150.91463414634146,36.0,198,1035,1175,False,ok,False,False,
adaptive-derived-resources-no-chain,interactive-discover-2,discover,2,4,2,98,98,a7ea80830c1f3358609f53e0ce62fd9a,1802,54.38401775804661,86.0,98,1160,1170,False,ok,False,False,
adaptive-derived-resources-no-chain,interactive-discover-2,discover,2,0,3,66,66,18ff3becda1d7305aaa0da5860ca7511,1723,38.30528148578061,98.0,66,1104,1111,False,ok,False,False,
adaptive-derived-resources-no-chain,interactive-discover-2,discover,2,1,3,46,46,f6a5ba863b07324a44f8e492bf9ab0e1,1225,37.55102040816326,34.0,46,1024,1029,False,ok,False,False,
adaptive-derived-resources-no-chain,interactive-discover-2,discover,2,2,3,32,32,113587781a953fec190d8e3339b06c26,1251,25.57953637090328,34.0,32,1045,1047,False,ok,False,False,
adaptive-derived-resources-no-chain,interactive-discover-2,discover,2,3,3,198,198,23320e2cdf40e8165aa7fdff74171184,1276,155.17241379310346,36.0,198,1072,1094,False,ok,False,False,
adaptive-derived-resources-no-chain,interactive-discover-2,discover,2,4,3,98,98,a7ea80830c1f3358609f53e0ce62fd9a,1615,60.68111455108359,86.0,98,1092,1105,False,ok,False,False,
adaptive-derived-resources-no-chain,interactive-discover-2,discover,2,0,4,66,66,18ff3becda1d7305aaa0da5860ca7511,1923,34.321372854914195,98.0,66,1118,1127,False,ok,False,False,
adaptive-derived-resources-no-chain,interactive-discover-2,discover,2,1,4,46,46,f6a5ba863b07324a44f8e492bf9ab0e1,1231,37.36799350121852,34.0,46,1024,1029,False,ok,False,False,
adaptive-derived-resources-no-chain,interactive-discover-2,discover,2,2,4,32,32,113587781a953fec190d8e3339b06c26,1212,26.402640264026402,34.0,32,1019,1022,False,ok,False,False,
adaptive-derived-resources-no-chain,interactive-discover-2,discover,2,3,4,198,198,23320e2cdf40e8165aa7fdff74171184,1288,153.72670807453414,36.0,198,1024,1098,False,ok,False,False,
adaptive-derived-resources-no-chain,interactive-discover-2,discover,2,4,4,98,98,a7ea80830c1f3358609f53e0ce62fd9a,1615,60.68111455108359,86.0,98,1073,1088,False,ok,False,False,
adaptive-derived-resources-no-chain,interactive-discover-2,discover,2,0,5,66,66,18ff3becda1d7305aaa0da5860ca7511,1743,37.8657487091222,98.0,66,1070,1077,False,ok,False,False,
adaptive-derived-resources-no-chain,interactive-discover-2,discover,2,1,5,46,46,f6a5ba863b07324a44f8e492bf9ab0e1,1250,36.8,34.0,46,1040,1045,False,ok,False,False,
adaptive-derived-resources-no-chain,interactive-discover-2,discover,2,2,5,32,32,113587781a953fec190d8e3339b06c26,1175,27.23404255319149,34.0,32,975,978,False,ok,False,False,
adaptive-derived-resources-no-chain,interactive-discover-2,discover,2,3,5,198,198,23320e2cdf40e8165aa7fdff74171184,1275,155.29411764705884,36.0,198,1058,1087,False,ok,False,False,
adaptive-derived-resources-no-chain,interactive-discover-2,discover,2,4,5,98,98,a7ea80830c1f3358609f53e0ce62fd9a,2218,44.18394950405771,86.0,98,1103,1115,False,ok,False,False,
adaptive-derived-resources-no-chain,interactive-discover-3,discover,3,0,0,68,68,e9f9c6f077dd7a85180d21221150597a,95947,0.7087246083775417,346.0,68,95944,95945,False,ok,False,False,
adaptive-derived-resources-no-chain,interactive-discover-3,discover,3,1,0,66,66,bf39c452faf678539dd6bec9f8931c5e,96887,0.6812059409415092,286.0,66,96884,96886,False,ok,False,False,
adaptive-derived-resources-no-chain,interactive-discover-3,discover,3,2,0,54,54,c6f1026b5b378b95fed1b609efe82a86,72594,0.7438631291842301,198.0,54,72592,72593,False,ok,False,False,
adaptive-derived-resources-no-chain,interactive-discover-3,discover,3,3,0,196,196,3103aacb8c0b38645fd73f8b05191c84,158462,1.2368896012924235,444.0,196,158448,158461,False,ok,False,False,
adaptive-derived-resources-no-chain,interactive-discover-3,discover,3,4,0,137,137,922f2cfc8273304ad1f823de44367223,112993,1.212464488950643,384.0,137,112990,112993,False,ok,False,False,
adaptive-derived-resources-no-chain,interactive-discover-3,discover,3,0,1,68,68,e9f9c6f077dd7a85180d21221150597a,97684,0.6961221899185128,346.0,68,97682,97683,False,ok,False,False,
adaptive-derived-resources-no-chain,interactive-discover-3,discover,3,1,1,66,66,bf39c452faf678539dd6bec9f8931c5e,97775,0.6750191766811556,286.0,66,97773,97774,False,ok,False,False,
adaptive-derived-resources-no-chain,interactive-discover-3,discover,3,2,1,54,54,c6f1026b5b378b95fed1b609efe82a86,78814,0.685157459334636,198.0,54,78811,78813,False,ok,False,False,
adaptive-derived-resources-no-chain,interactive-discover-3,discover,3,3,1,196,196,3103aacb8c0b38645fd73f8b05191c84,162163,1.2086604219211534,444.0,196,162157,162162,False,ok,False,False,
adaptive-derived-resources-no-chain,interactive-discover-3,discover,3,4,1,137,137,922f2cfc8273304ad1f823de44367223,116022,1.1808105359328402,384.0,137,116015,116021,False,ok,False,False,
adaptive-derived-resources-no-chain,interactive-discover-3,discover,3,0,2,68,68,e9f9c6f077dd7a85180d21221150597a,98562,0.6899210649134555,346.0,68,98557,98561,False,ok,False,False,
adaptive-derived-resources-no-chain,interactive-discover-3,discover,3,1,2,66,66,bf39c452faf678539dd6bec9f8931c5e,94392,0.699211797609967,286.0,66,94389,94391,False,ok,False,False,
adaptive-derived-resources-no-chain,interactive-discover-3,discover,3,2,2,54,54,c6f1026b5b378b95fed1b609efe82a86,85061,0.6348385276448666,198.0,54,85058,85060,False,ok,False,False,
adaptive-derived-resources-no-chain,interactive-discover-3,discover,3,3,2,196,196,3103aacb8c0b38645fd73f8b05191c84,161060,1.2169377871600646,444.0,196,161056,161059,False,ok,False,False,
adaptive-derived-resources-no-chain,interactive-discover-3,discover,3,4,2,137,137,922f2cfc8273304ad1f823de44367223,111094,1.233189911246332,384.0,137,111089,111092,False,ok,False,False,
adaptive-derived-resources-no-chain,interactive-discover-3,discover,3,0,3,68,68,e9f9c6f077dd7a85180d21221150597a,97087,0.7004027315706531,346.0,68,97084,97085,False,ok,False,False,
adaptive-derived-resources-no-chain,interactive-discover-3,discover,3,1,3,66,66,bf39c452faf678539dd6bec9f8931c5e,96617,0.6831095976898475,286.0,66,96614,96616,False,ok,False,False,
adaptive-derived-resources-no-chain,interactive-discover-3,discover,3,2,3,54,54,c6f1026b5b378b95fed1b609efe82a86,72627,0.7435251352802678,198.0,54,72626,72627,False,ok,False,False,
adaptive-derived-resources-no-chain,interactive-discover-3,discover,3,3,3,196,196,3103aacb8c0b38645fd73f8b05191c84,161462,1.2139079164137692,444.0,196,161455,161461,False,ok,False,False,
adaptive-derived-resources-no-chain,interactive-discover-3,discover,3,4,3,137,137,922f2cfc8273304ad1f823de44367223,114717,1.1942432246310486,384.0,137,114713,114716,False,ok,False,False,
adaptive-derived-resources-no-chain,interactive-discover-3,discover,3,0,4,68,68,e9f9c6f077dd7a85180d21221150597a,95860,0.7093678280826204,346.0,68,95858,95859,False,ok,False,False,
adaptive-derived-resources-no-chain,interactive-discover-3,discover,3,1,4,66,66,bf39c452faf678539dd6bec9f8931c5e,95942,0.6879156156844761,286.0,66,95939,95941,False,ok,False,False,
adaptive-derived-resources-no-chain,interactive-discover-3,discover,3,2,4,54,54,c6f1026b5b378b95fed1b609efe82a86,79635,0.6780938029760784,198.0,54,79632,79633,False,ok,False,False,
adaptive-derived-resources-no-chain,interactive-discover-3,discover,3,3,4,196,196,3103aacb8c0b38645fd73f8b05191c84,157590,1.2437337394504726,444.0,196,157584,157590,False,ok,False,False,
adaptive-derived-resources-no-chain,interactive-discover-3,discover,3,4,4,137,137,922f2cfc8273304ad1f823de44367223,111456,1.2291846109675566,384.0,137,111454,111456,False,ok,False,False,
adaptive-derived-resources-no-chain,interactive-discover-3,discover,3,0,5,68,68,e9f9c6f077dd7a85180d21221150597a,97219,0.699451753258108,346.0,68,97216,97218,False,ok,False,False,
adaptive-derived-resources-no-chain,interactive-discover-3,discover,3,1,5,66,66,bf39c452faf678539dd6bec9f8931c5e,93112,0.7088237821118654,286.0,66,93108,93111,False,ok,False,False,
adaptive-derived-resources-no-chain,interactive-discover-3,discover,3,2,5,54,54,c6f1026b5b378b95fed1b609efe82a86,69666,0.7751270347084661,198.0,54,69663,69665,False,ok,False,False,
adaptive-derived-resources-no-chain,interactive-discover-3,discover,3,3,5,196,196,3103aacb8c0b38645fd73f8b05191c84,154548,1.2682144058803737,444.0,196,154541,154548,False,ok,False,False,
adaptive-derived-resources-no-chain,interactive-discover-3,discover,3,4,5,137,137,922f2cfc8273304ad1f823de44367223,110394,1.241009475152635,384.0,137,110389,110393,False,ok,False,False,
adaptive-derived-resources-no-chain,interactive-discover-4,discover,4,0,0,5,5,3112eede040aaa01aedc457789eed356,2663,1.877581674802854,128.0,5,2659,2663,False,ok,False,False,
adaptive-derived-resources-no-chain,interactive-discover-4,discover,4,1,0,3,3,cd6f381a6281527b1dbda2f21a1a702a,1361,2.204261572373255,40.0,3,1360,1360,False,ok,False,False,
adaptive-derived-resources-no-chain,interactive-discover-4,discover,4,2,0,3,3,ed1ebad4adf97e9e94be0ca88af2d8bb,1282,2.3400936037441498,40.0,3,1280,1280,False,ok,False,False,
adaptive-derived-resources-no-chain,interactive-discover-4,discover,4,3,0,3,3,16a10be88d7ff874026ce66a4e993ecb,1820,1.6483516483516483,44.0,3,1819,1820,False,ok,False,False,
adaptive-derived-resources-no-chain,interactive-discover-4,discover,4,4,0,7,7,d0ef3bb68aa278a8f97f329adee97dd8,2190,3.1963470319634704,124.0,7,2190,2190,False,ok,False,False,
adaptive-derived-resources-no-chain,interactive-discover-4,discover,4,0,1,5,5,3112eede040aaa01aedc457789eed356,1900,2.6315789473684212,128.0,5,1898,1899,False,ok,False,False,
adaptive-derived-resources-no-chain,interactive-discover-4,discover,4,1,1,3,3,cd6f381a6281527b1dbda2f21a1a702a,1055,2.843601895734597,40.0,3,1054,1054,False,ok,False,False,
adaptive-derived-resources-no-chain,interactive-discover-4,discover,4,2,1,3,3,ed1ebad4adf97e9e94be0ca88af2d8bb,1112,2.6978417266187047,40.0,3,1110,1111,False,ok,False,False,
adaptive-derived-resources-no-chain,interactive-discover-4,discover,4,3,1,3,3,16a10be88d7ff874026ce66a4e993ecb,1280,2.34375,44.0,3,1280,1280,False,ok,False,False,
adaptive-derived-resources-no-chain,interactive-discover-4,discover,4,4,1,7,7,d0ef3bb68aa278a8f97f329adee97dd8,1910,3.6649214659685865,124.0,7,1909,1909,False,ok,False,False,
adaptive-derived-resources-no-chain,interactive-discover-4,discover,4,0,2,5,5,3112eede040aaa01aedc457789eed356,2008,2.49003984063745,128.0,5,2007,2007,False,ok,False,False,
adaptive-derived-resources-no-chain,interactive-discover-4,discover,4,1,2,3,3,cd6f381a6281527b1dbda2f21a1a702a,1102,2.722323049001815,40.0,3,1101,1102,False,ok,False,False,
adaptive-derived-resources-no-chain,interactive-discover-4,discover,4,2,2,3,3,ed1ebad4adf97e9e94be0ca88af2d8bb,1182,2.5380710659898478,40.0,3,1181,1181,False,ok,False,False,
adaptive-derived-resources-no-chain,interactive-discover-4,discover,4,3,2,3,3,16a10be88d7ff874026ce66a4e993ecb,1225,2.4489795918367343,44.0,3,1224,1224,False,ok,False,False,
adaptive-derived-resources-no-chain,interactive-discover-4,discover,4,4,2,7,7,d0ef3bb68aa278a8f97f329adee97dd8,1881,3.721424774056353,124.0,7,1880,1881,False,ok,False,False,
adaptive-derived-resources-no-chain,interactive-discover-4,discover,4,0,3,5,5,3112eede040aaa01aedc457789eed356,1925,2.5974025974025974,128.0,5,1925,1925,False,ok,False,False,
adaptive-derived-resources-no-chain,interactive-discover-4,discover,4,1,3,3,3,cd6f381a6281527b1dbda2f21a1a702a,1163,2.5795356835769563,40.0,3,1162,1162,False,ok,False,False,
adaptive-derived-resources-no-chain,interactive-discover-4,discover,4,2,3,3,3,ed1ebad4adf97e9e94be0ca88af2d8bb,1163,2.5795356835769563,40.0,3,1162,1162,False,ok,False,False,
adaptive-derived-resources-no-chain,interactive-discover-4,discover,4,3,3,3,3,16a10be88d7ff874026ce66a4e993ecb,1223,2.452984464431725,44.0,3,1222,1222,False,ok,False,False,
adaptive-derived-resources-no-chain,interactive-discover-4,discover,4,4,3,7,7,d0ef3bb68aa278a8f97f329adee97dd8,1926,3.6344755970924196,124.0,7,1925,1925,False,ok,False,False,
adaptive-derived-resources-no-chain,interactive-discover-4,discover,4,0,4,5,5,3112eede040aaa01aedc457789eed356,1892,2.6427061310782243,128.0,5,1891,1891,False,ok,False,False,
adaptive-derived-resources-no-chain,interactive-discover-4,discover,4,1,4,3,3,cd6f381a6281527b1dbda2f21a1a702a,1082,2.7726432532347505,40.0,3,1081,1081,False,ok,False,False,
adaptive-derived-resources-no-chain,interactive-discover-4,discover,4,2,4,3,3,ed1ebad4adf97e9e94be0ca88af2d8bb,1185,2.531645569620253,40.0,3,1184,1184,False,ok,False,False,
adaptive-derived-resources-no-chain,interactive-discover-4,discover,4,3,4,3,3,16a10be88d7ff874026ce66a4e993ecb,1221,2.457002457002457,44.0,3,1220,1220,False,ok,False,False,
adaptive-derived-resources-no-chain,interactive-discover-4,discover,4,4,4,7,7,d0ef3bb68aa278a8f97f329adee97dd8,1904,3.6764705882352944,124.0,7,1903,1903,False,ok,False,False,
adaptive-derived-resources-no-chain,interactive-discover-4,discover,4,0,5,5,5,3112eede040aaa01aedc457789eed356,1903,2.627430373095113,128.0,5,1903,1903,False,ok,False,False,
adaptive-derived-resources-no-chain,interactive-discover-4,discover,4,1,5,3,3,cd6f381a6281527b1dbda2f21a1a702a,1163,2.5795356835769563,40.0,3,1162,1162,False,ok,False,False,
adaptive-derived-resources-no-chain,interactive-discover-4,discover,4,2,5,3,3,ed1ebad4adf97e9e94be0ca88af2d8bb,1101,2.7247956403269757,40.0,3,1100,1100,False,ok,False,False,
adaptive-derived-resources-no-chain,interactive-discover-4,discover,4,3,5,3,3,16a10be88d7ff874026ce66a4e993ecb,1392,2.1551724137931036,44.0,3,1391,1391,False,ok,False,False,
adaptive-derived-resources-no-chain,interactive-discover-4,discover,4,4,5,7,7,d0ef3bb68aa278a8f97f329adee97dd8,1937,3.613835828600929,124.0,7,1936,1936,False,ok,False,False,
adaptive-derived-resources-no-chain,interactive-discover-5,discover,5,0,0,15,15,cab888487e7572de37a55f0e8c3ec060,1591,9.428032683846638,93.0,15,815,864,False,ok,False,False,
adaptive-derived-resources-no-chain,interactive-discover-5,discover,5,1,0,3,3,7fc43bb183e4fb0238576536413c6c45,1198,2.5041736227045077,29.0,3,873,880,False,ok,False,False,
adaptive-derived-resources-no-chain,interactive-discover-5,discover,5,2,0,3,3,2543010e761cb36b6f0c3e103e58af43,1022,2.935420743639922,29.0,3,821,825,False,ok,False,False,
adaptive-derived-resources-no-chain,interactive-discover-5,discover,5,3,0,4,4,76fc6cfa5c07ff3011e9f2d7ac2ae7e0,1083,3.6934441366574333,31.0,4,867,891,False,ok,False,False,
adaptive-derived-resources-no-chain,interactive-discover-5,discover,5,4,0,20,20,880a30fb8a9114b4807acb78d9e7d141,1548,12.919896640826874,81.0,20,759,821,False,ok,False,False,
adaptive-derived-resources-no-chain,interactive-discover-5,discover,5,0,1,15,15,cab888487e7572de37a55f0e8c3ec060,1717,8.736167734420501,93.0,15,938,1030,False,ok,False,False,
adaptive-derived-resources-no-chain,interactive-discover-5,discover,5,1,1,3,3,7fc43bb183e4fb0238576536413c6c45,1151,2.6064291920069502,29.0,3,899,909,False,ok,False,False,
adaptive-derived-resources-no-chain,interactive-discover-5,discover,5,2,1,3,3,2543010e761cb36b6f0c3e103e58af43,1063,2.8222013170272815,29.0,3,813,816,False,ok,False,False,
adaptive-derived-resources-no-chain,interactive-discover-5,discover,5,3,1,4,4,76fc6cfa5c07ff3011e9f2d7ac2ae7e0,1059,3.7771482530689333,31.0,4,823,857,False,ok,False,False,
adaptive-derived-resources-no-chain,interactive-discover-5,discover,5,4,1,20,20,880a30fb8a9114b4807acb78d9e7d141,1523,13.131976362442549,81.0,20,825,1320,False,ok,False,False,
adaptive-derived-resources-no-chain,interactive-discover-5,discover,5,0,2,15,15,cab888487e7572de37a55f0e8c3ec060,1575,9.523809523809524,93.0,15,765,809,False,ok,False,False,
adaptive-derived-resources-no-chain,interactive-discover-5,discover,5,1,2,3,3,7fc43bb183e4fb0238576536413c6c45,1169,2.5662959794696323,29.0,3,953,961,False,ok,False,False,
adaptive-derived-resources-no-chain,interactive-discover-5,discover,5,2,2,3,3,2543010e761cb36b6f0c3e103e58af43,1090,2.7522935779816513,29.0,3,855,858,False,ok,False,False,
adaptive-derived-resources-no-chain,interactive-discover-5,discover,5,3,2,4,4,76fc6cfa5c07ff3011e9f2d7ac2ae7e0,1096,3.64963503649635,31.0,4,826,836,False,ok,False,False,
adaptive-derived-resources-no-chain,interactive-discover-5,discover,5,4,2,20,20,880a30fb8a9114b4807acb78d9e7d141,1546,12.936610608020699,81.0,20,868,974,False,ok,False,False,
adaptive-derived-resources-no-chain,interactive-discover-5,discover,5,0,3,15,15,cab888487e7572de37a55f0e8c3ec060,1621,9.253547193090684,93.0,15,841,916,False,ok,False,False,
adaptive-derived-resources-no-chain,interactive-discover-5,discover,5,1,3,3,3,7fc43bb183e4fb0238576536413c6c45,1098,2.73224043715847,29.0,3,807,815,False,ok,False,False,
adaptive-derived-resources-no-chain,interactive-discover-5,discover,5,2,3,3,3,2543010e761cb36b6f0c3e103e58af43,1034,2.9013539651837523,29.0,3,819,824,False,ok,False,False,
adaptive-derived-resources-no-chain,interactive-discover-5,discover,5,3,3,4,4,76fc6cfa5c07ff3011e9f2d7ac2ae7e0,1102,3.629764065335753,31.0,4,843,844,False,ok,False,False,
adaptive-derived-resources-no-chain,interactive-discover-5,discover,5,4,3,20,20,880a30fb8a9114b4807acb78d9e7d141,1684,11.876484560570072,81.0,20,896,1628,False,ok,False,False,
adaptive-derived-resources-no-chain,interactive-discover-5,discover,5,0,4,15,15,cab888487e7572de37a55f0e8c3ec060,1739,8.625646923519264,93.0,15,849,902,False,ok,False,False,
adaptive-derived-resources-no-chain,interactive-discover-5,discover,5,1,4,3,3,7fc43bb183e4fb0238576536413c6c45,1038,2.8901734104046244,29.0,3,840,848,False,ok,False,False,
adaptive-derived-resources-no-chain,interactive-discover-5,discover,5,2,4,3,3,2543010e761cb36b6f0c3e103e58af43,1076,2.7881040892193307,29.0,3,763,771,False,ok,False,False,
adaptive-derived-resources-no-chain,interactive-discover-5,discover,5,3,4,4,4,76fc6cfa5c07ff3011e9f2d7ac2ae7e0,1031,3.87972841901067,31.0,4,799,833,False,ok,False,False,
adaptive-derived-resources-no-chain,interactive-discover-5,discover,5,4,4,20,20,880a30fb8a9114b4807acb78d9e7d141,1609,12.430080795525171,81.0,20,815,938,False,ok,False,False,
adaptive-derived-resources-no-chain,interactive-discover-5,discover,5,0,5,15,15,cab888487e7572de37a55f0e8c3ec060,1536,9.765625,93.0,15,810,857,False,ok,False,False,
adaptive-derived-resources-no-chain,interactive-discover-5,discover,5,1,5,3,3,7fc43bb183e4fb0238576536413c6c45,1057,2.838221381267739,29.0,3,722,726,False,ok,False,False,
adaptive-derived-resources-no-chain,interactive-discover-5,discover,5,2,5,3,3,2543010e761cb36b6f0c3e103e58af43,1070,2.803738317757009,29.0,3,791,794,False,ok,False,False,
adaptive-derived-resources-no-chain,interactive-discover-5,discover,5,3,5,4,4,76fc6cfa5c07ff3011e9f2d7ac2ae7e0,1073,3.7278657968313142,31.0,4,815,854,False,ok,False,False,
adaptive-derived-resources-no-chain,interactive-discover-5,discover,5,4,5,20,20,880a30fb8a9114b4807acb78d9e7d141,1516,13.192612137203167,81.0,20,877,927,False,ok,False,False,
adaptive-derived-resources-no-chain,interactive-discover-6,discover,6,0,0,33,33,240c19f39eed1e3ac67718ff57b63a0d,146850,0.22471910112359553,11118.0,33,1090,1498,False,ok,False,False,
adaptive-derived-resources-no-chain,interactive-discover-6,discover,6,1,0,1,1,cd3466cc43b32ce51d8f13d5516f2ef2,1282,0.7800312012480499,31.0,1,1174,1174,False,ok,False,False,
adaptive-derived-resources-no-chain,interactive-discover-6,discover,6,2,0,1,1,29960679941029d6a70f26d6904d3728,1191,0.8396305625524769,31.0,1,1093,1093,False,ok,False,False,
adaptive-derived-resources-no-chain,interactive-discover-6,discover,6,3,0,2,2,dda32920d34bcd8a1bf9ed13c89c4b4d,258559,0.0077351784312284615,,2,1129,1131,True,crash,False,False,terminated
adaptive-derived-resources-no-chain,interactive-discover-6,discover,6,4,0,27,27,613936d3d666a311d54e99e3a8f9cdad,3178,8.495909376966646,83.0,27,2522,3128,False,ok,False,False,
adaptive-derived-resources-no-chain,interactive-discover-6,discover,6,0,1,33,33,240c19f39eed1e3ac67718ff57b63a0d,159225,0.2072538860103627,11113.0,33,1325,2012,False,ok,False,False,
adaptive-derived-resources-no-chain,interactive-discover-6,discover,6,1,1,1,1,cd3466cc43b32ce51d8f13d5516f2ef2,1168,0.8561643835616439,31.0,1,1053,1053,False,ok,False,False,
adaptive-derived-resources-no-chain,interactive-discover-6,discover,6,2,1,1,1,29960679941029d6a70f26d6904d3728,1189,0.8410428931875525,31.0,1,1076,1076,False,ok,False,False,
adaptive-derived-resources-no-chain,interactive-discover-6,discover,6,3,1,2,2,dda32920d34bcd8a1bf9ed13c89c4b4d,239350,0.008355964069354502,,2,1051,1110,True,crash,False,False,terminated
adaptive-derived-resources-no-chain,interactive-discover-6,discover,6,4,1,27,27,613936d3d666a311d54e99e3a8f9cdad,3111,8.678881388621022,83.0,27,2519,3091,False,ok,False,False,
adaptive-derived-resources-no-chain,interactive-discover-6,discover,6,0,2,33,33,240c19f39eed1e3ac67718ff57b63a0d,158666,0.20798406715994605,11112.0,33,1514,2077,False,ok,False,False,
adaptive-derived-resources-no-chain,interactive-discover-6,discover,6,1,2,1,1,cd3466cc43b32ce51d8f13d5516f2ef2,1198,0.8347245409015025,31.0,1,1085,1085,False,ok,False,False,
adaptive-derived-resources-no-chain,interactive-discover-6,discover,6,2,2,1,1,29960679941029d6a70f26d6904d3728,1144,0.8741258741258742,31.0,1,1027,1027,False,ok,False,False,
adaptive-derived-resources-no-chain,interactive-discover-6,discover,6,3,2,2,2,dda32920d34bcd8a1bf9ed13c89c4b4d,242458,0.008248851347449867,,2,1084,1167,True,crash,False,False,terminated
adaptive-derived-resources-no-chain,interactive-discover-6,discover,6,4,2,27,27,613936d3d666a311d54e99e3a8f9cdad,3195,8.450704225352114,83.0,27,2525,3182,False,ok,False,False,
adaptive-derived-resources-no-chain,interactive-discover-6,discover,6,0,3,33,33,240c19f39eed1e3ac67718ff57b63a0d,157945,0.20893348950584065,11122.0,33,1594,2121,False,ok,False,False,
adaptive-derived-resources-no-chain,interactive-discover-6,discover,6,1,3,1,1,cd3466cc43b32ce51d8f13d5516f2ef2,1202,0.831946755407654,31.0,1,1088,1088,False,ok,False,False,
adaptive-derived-resources-no-chain,interactive-discover-6,discover,6,2,3,1,1,29960679941029d6a70f26d6904d3728,1151,0.8688097306689835,31.0,1,1049,1049,False,ok,False,False,
adaptive-derived-resources-no-chain,interactive-discover-6,discover,6,3,3,2,2,dda32920d34bcd8a1bf9ed13c89c4b4d,253241,0.007897615315055619,,2,1189,1191,True,crash,False,False,terminated
adaptive-derived-resources-no-chain,interactive-discover-6,discover,6,4,3,27,27,613936d3d666a311d54e99e3a8f9cdad,2991,9.027081243731192,83.0,27,2392,2973,False,ok,False,False,
adaptive-derived-resources-no-chain,interactive-discover-6,discover,6,0,4,33,33,240c19f39eed1e3ac67718ff57b63a0d,152703,0.21610577395336045,11121.0,33,1528,1965,False,ok,False,False,
adaptive-derived-resources-no-chain,interactive-discover-6,discover,6,1,4,1,1,cd3466cc43b32ce51d8f13d5516f2ef2,1167,0.856898029134533,31.0,1,1063,1063,False,ok,False,False,
adaptive-derived-resources-no-chain,interactive-discover-6,discover,6,2,4,1,1,29960679941029d6a70f26d6904d3728,1164,0.859106529209622,31.0,1,1058,1058,False,ok,False,False,
adaptive-derived-resources-no-chain,interactive-discover-6,discover,6,3,4,2,2,dda32920d34bcd8a1bf9ed13c89c4b4d,254854,0.007847630407998305,,2,1082,1150,True,crash,False,False,terminated
adaptive-derived-resources-no-chain,interactive-discover-6,discover,6,4,4,27,27,613936d3d666a311d54e99e3a8f9cdad,3188,8.469259723964868,83.0,27,2547,3031,False,ok,False,False,
adaptive-derived-resources-no-chain,interactive-discover-6,discover,6,0,5,33,33,240c19f39eed1e3ac67718ff57b63a0d,150552,0.21919336840427228,11120.0,33,1357,1929,False,ok,False,False,
adaptive-derived-resources-no-chain,interactive-discover-6,discover,6,1,5,1,1,cd3466cc43b32ce51d8f13d5516f2ef2,1199,0.8340283569641367,31.0,1,1091,1091,False,ok,False,False,
adaptive-derived-resources-no-chain,interactive-discover-6,discover,6,2,5,1,1,29960679941029d6a70f26d6904d3728,1159,0.8628127696289905,31.0,1,1063,1063,False,ok,False,False,
adaptive-derived-resources-no-chain,interactive-discover-6,discover,6,3,5,2,2,dda32920d34bcd8a1bf9ed13c89c4b4d,168985,0.011835370003254726,10978.0,2,1193,1195,False,ok,False,False,
adaptive-derived-resources-no-chain,interactive-discover-6,discover,6,4,5,27,27,613936d3d666a311d54e99e3a8f9cdad,3510,7.6923076923076925,83.0,27,2801,3507,False,ok,False,False,
adaptive-derived-resources-no-chain,interactive-discover-7,discover,7,0,0,2,2,d8614c4f7b4fe0cc2f1623d07244cf20,300103,0.006664378563359913,,2,1677,28511,True,timeout,True,False,"Unexpected ""!"" at position 0 in state STOP"
adaptive-derived-resources-no-chain,interactive-discover-7,discover,7,1,0,1,1,75ab2bd12ac1e16dcc02f8c9e8d97308,3113,0.32123353678123995,33.0,1,2992,2992,False,ok,False,False,
adaptive-derived-resources-no-chain,interactive-discover-7,discover,7,2,0,1,1,faf54113a5297c559416a2dd78b9cc86,1671,0.5984440454817475,33.0,1,1554,1554,False,ok,False,False,
adaptive-derived-resources-no-chain,interactive-discover-7,discover,7,3,0,2,2,d2faccc09255b3a49e90b46ed45ffe1d,300109,0.006664245324198875,,2,1712,16456,True,timeout,True,False,"Unexpected ""!"" at position 0 in state STOP"
adaptive-derived-resources-no-chain,interactive-discover-7,discover,7,4,0,1,1,3ee14484ce425fdbae40700cdd59c0d2,2905,0.34423407917383825,85.0,1,2033,2033,False,ok,False,False,
adaptive-derived-resources-no-chain,interactive-discover-7,discover,7,0,1,2,2,d8614c4f7b4fe0cc2f1623d07244cf20,300006,0.006666533335999947,,2,1726,14430,True,timeout,True,False,"Unexpected ""!"" at position 0 in state STOP"
adaptive-derived-resources-no-chain,interactive-discover-7,discover,7,1,1,1,1,75ab2bd12ac1e16dcc02f8c9e8d97308,1989,0.5027652086475616,33.0,1,1887,1887,False,ok,False,False,
adaptive-derived-resources-no-chain,interactive-discover-7,discover,7,2,1,1,1,faf54113a5297c559416a2dd78b9cc86,1580,0.6329113924050632,33.0,1,1478,1478,False,ok,False,False,
adaptive-derived-resources-no-chain,interactive-discover-7,discover,7,3,1,2,2,d2faccc09255b3a49e90b46ed45ffe1d,302004,0.006622428842002093,,2,1656,13105,True,timeout,True,False,"Unexpected ""!"" at position 0 in state STOP"
adaptive-derived-resources-no-chain,interactive-discover-7,discover,7,4,1,1,1,3ee14484ce425fdbae40700cdd59c0d2,2977,0.3359086328518643,85.0,1,2038,2038,False,ok,False,False,
adaptive-derived-resources-no-chain,interactive-discover-7,discover,7,0,2,2,2,d8614c4f7b4fe0cc2f1623d07244cf20,300009,0.006666466672666486,,2,1715,8230,True,timeout,True,False,"Unexpected ""!"" at position 0 in state STOP"
adaptive-derived-resources-no-chain,interactive-discover-7,discover,7,1,2,1,1,75ab2bd12ac1e16dcc02f8c9e8d97308,1971,0.5073566717402334,33.0,1,1864,1864,False,ok,False,False,
adaptive-derived-resources-no-chain,interactive-discover-7,discover,7,2,2,1,1,faf54113a5297c559416a2dd78b9cc86,1684,0.5938242280285035,33.0,1,1578,1578,False,ok,False,False,
adaptive-derived-resources-no-chain,interactive-discover-7,discover,7,3,2,2,2,d2faccc09255b3a49e90b46ed45ffe1d,300057,0.006665400240620949,,2,1164,9538,True,timeout,True,False,"Unexpected ""!"" at position 0 in state STOP"
adaptive-derived-resources-no-chain,interactive-discover-7,discover,7,4,2,1,1,3ee14484ce425fdbae40700cdd59c0d2,2709,0.36913990402362495,85.0,1,1972,1972,False,ok,False,False,
adaptive-derived-resources-no-chain,interactive-discover-7,discover,7,0,3,2,2,d8614c4f7b4fe0cc2f1623d07244cf20,300017,0.0066662889102950835,,2,1829,13738,True,timeout,True,False,"Unexpected ""!"" at position 0 in state STOP"
adaptive-derived-resources-no-chain,interactive-discover-7,discover,7,1,3,1,1,75ab2bd12ac1e16dcc02f8c9e8d97308,4951,0.20197939810139368,33.0,1,4834,4834,False,ok,False,False,
adaptive-derived-resources-no-chain,interactive-discover-7,discover,7,2,3,1,1,faf54113a5297c559416a2dd78b9cc86,2141,0.4670714619336758,33.0,1,2036,2036,False,ok,False,False,
adaptive-derived-resources-no-chain,interactive-discover-7,discover,7,3,3,2,2,d2faccc09255b3a49e90b46ed45ffe1d,300009,0.006666466672666486,,2,1389,12935,True,timeout,True,False,"Unexpected ""!"" at position 0 in state STOP"
adaptive-derived-resources-no-chain,interactive-discover-7,discover,7,4,3,1,1,3ee14484ce425fdbae40700cdd59c0d2,4728,0.21150592216582065,85.0,1,3954,3954,False,ok,False,False,
adaptive-derived-resources-no-chain,interactive-discover-7,discover,7,0,4,2,2,d8614c4f7b4fe0cc2f1623d07244cf20,304727,0.006563251697420971,,2,2175,12554,True,timeout,True,False,"Unexpected ""!"" at position 0 in state STOP"
adaptive-derived-resources-no-chain,interactive-discover-7,discover,7,1,4,1,1,75ab2bd12ac1e16dcc02f8c9e8d97308,2011,0.49726504226752855,33.0,1,1893,1893,False,ok,False,False,
adaptive-derived-resources-no-chain,interactive-discover-7,discover,7,2,4,1,1,faf54113a5297c559416a2dd78b9cc86,1583,0.6317119393556538,33.0,1,1483,1483,False,ok,False,False,
adaptive-derived-resources-no-chain,interactive-discover-7,discover,7,3,4,2,2,d2faccc09255b3a49e90b46ed45ffe1d,300009,0.006666466672666486,,2,1542,10205,True,timeout,True,False,"Unexpected ""!"" at position 0 in state STOP"
adaptive-derived-resources-no-chain,interactive-discover-7,discover,7,4,4,1,1,3ee14484ce425fdbae40700cdd59c0d2,2745,0.36429872495446264,85.0,1,2020,2020,False,ok,False,False,
adaptive-derived-resources-no-chain,interactive-discover-7,discover,7,0,5,2,2,d8614c4f7b4fe0cc2f1623d07244cf20,300007,0.006666511114740656,,2,1351,39831,True,timeout,True,False,"Unexpected ""!"" at position 0 in state STOP"
adaptive-derived-resources-no-chain,interactive-discover-7,discover,7,1,5,1,1,75ab2bd12ac1e16dcc02f8c9e8d97308,5874,0.17024174327545116,33.0,1,5758,5758,False,ok,False,False,
adaptive-derived-resources-no-chain,interactive-discover-7,discover,7,2,5,1,1,faf54113a5297c559416a2dd78b9cc86,1880,0.5319148936170213,33.0,1,1783,1783,False,ok,False,False,
adaptive-derived-resources-no-chain,interactive-discover-7,discover,7,3,5,2,2,d2faccc09255b3a49e90b46ed45ffe1d,300033,0.006665933413991128,,2,1509,36966,True,timeout,True,False,"Unexpected ""!"" at position 0 in state STOP"
adaptive-derived-resources-no-chain,interactive-discover-7,discover,7,4,5,1,1,3ee14484ce425fdbae40700cdd59c0d2,7575,0.132013201320132,85.0,1,6871,6871,False,ok,False,False,
adaptive-derived-resources-no-chain,interactive-discover-8,discover,8,0,0,10,10,e57dbe8986a5e3245c930c72a94f6a80,6688,1.4952153110047848,124.0,10,5567,6688,False,ok,False,False,
adaptive-derived-resources-no-chain,interactive-discover-8,discover,8,1,0,10,10,af0ebbbe8500f4b123c96deae5cfc3a4,1558,6.418485237483954,41.0,10,1552,1557,False,ok,False,False,
adaptive-derived-resources-no-chain,interactive-discover-8,discover,8,2,0,10,10,14c42de585383255e7cf3757fed29e2e,1405,7.117437722419929,31.0,10,1386,1401,False,ok,False,False,
adaptive-derived-resources-no-chain,interactive-discover-8,discover,8,3,0,10,10,f1facfd87a9b63998712ceefd10d6ba8,3038,3.2916392363396976,59.0,10,2242,3037,False,ok,False,False,
adaptive-derived-resources-no-chain,interactive-discover-8,discover,8,4,0,10,10,edfc2d7365686735b39f10138c4e8049,1189,8.410428931875526,31.0,10,1189,1189,False,ok,False,False,
adaptive-derived-resources-no-chain,interactive-discover-8,discover,8,0,1,10,10,e57dbe8986a5e3245c930c72a94f6a80,5702,1.75377060680463,135.0,10,4685,5702,False,ok,False,False,
adaptive-derived-resources-no-chain,interactive-discover-8,discover,8,1,1,10,10,af0ebbbe8500f4b123c96deae5cfc3a4,1036,9.652509652509652,29.0,10,1035,1035,False,ok,False,False,
adaptive-derived-resources-no-chain,interactive-discover-8,discover,8,2,1,10,10,14c42de585383255e7cf3757fed29e2e,969,10.319917440660475,31.0,10,967,969,False,ok,False,False,
adaptive-derived-resources-no-chain,interactive-discover-8,discover,8,3,1,10,10,3a18f9bfc79b393d22deeeddfaec8c2e,2504,3.9936102236421727,60.0,10,2161,2504,False,ok,False,False,
adaptive-derived-resources-no-chain,interactive-discover-8,discover,8,4,1,10,10,edfc2d7365686735b39f10138c4e8049,1341,7.457121551081283,42.0,10,1146,1340,False,ok,False,False,
adaptive-derived-resources-no-chain,interactive-discover-8,discover,8,0,2,10,10,559ace57e8eb7c63e9566db46cdd2f83,5416,1.846381093057607,136.0,10,4453,5415,False,ok,False,False,
adaptive-derived-resources-no-chain,interactive-discover-8,discover,8,1,2,10,10,af0ebbbe8500f4b123c96deae5cfc3a4,1161,8.613264427217915,31.0,10,1073,1160,False,ok,False,False,
adaptive-derived-resources-no-chain,interactive-discover-8,discover,8,2,2,10,10,14c42de585383255e7cf3757fed29e2e,989,10.111223458038422,29.0,10,987,988,False,ok,False,False,
adaptive-derived-resources-no-chain,interactive-discover-8,discover,8,3,2,10,10,3a18f9bfc79b393d22deeeddfaec8c2e,2776,3.602305475504323,59.0,10,2607,2775,False,ok,False,False,
adaptive-derived-resources-no-chain,interactive-discover-8,discover,8,4,2,10,10,bf90ab761bee8a2a31af157058e7c6f9,1420,7.042253521126761,46.0,10,1420,1420,False,ok,False,False,
adaptive-derived-resources-no-chain,interactive-discover-8,discover,8,0,3,10,10,e57dbe8986a5e3245c930c72a94f6a80,5403,1.8508236165093468,134.0,10,4462,5402,False,ok,False,False,
adaptive-derived-resources-no-chain,interactive-discover-8,discover,8,1,3,10,10,af0ebbbe8500f4b123c96deae5cfc3a4,1027,9.737098344693282,29.0,10,1003,1026,False,ok,False,False,
adaptive-derived-resources-no-chain,interactive-discover-8,discover,8,2,3,10,10,14c42de585383255e7cf3757fed29e2e,982,10.183299389002038,31.0,10,971,982,False,ok,False,False,
adaptive-derived-resources-no-chain,interactive-discover-8,discover,8,3,3,10,10,3a18f9bfc79b393d22deeeddfaec8c2e,2787,3.588087549336204,60.0,10,1489,2786,False,ok,False,False,
adaptive-derived-resources-no-chain,interactive-discover-8,discover,8,4,3,10,10,edfc2d7365686735b39f10138c4e8049,1032,9.689922480620154,42.0,10,1032,1032,False,ok,False,False,
adaptive-derived-resources-no-chain,interactive-discover-8,discover,8,0,4,10,10,e57dbe8986a5e3245c930c72a94f6a80,5449,1.8351991191044228,136.0,10,4449,5417,False,ok,False,False,
adaptive-derived-resources-no-chain,interactive-discover-8,discover,8,1,4,10,10,af0ebbbe8500f4b123c96deae5cfc3a4,1055,9.47867298578199,29.0,10,1055,1055,False,ok,False,False,
adaptive-derived-resources-no-chain,interactive-discover-8,discover,8,2,4,10,10,14c42de585383255e7cf3757fed29e2e,1006,9.940357852882704,31.0,10,1005,1005,False,ok,False,False,
adaptive-derived-resources-no-chain,interactive-discover-8,discover,8,3,4,10,10,3a18f9bfc79b393d22deeeddfaec8c2e,2014,4.96524329692155,59.0,10,1325,2014,False,ok,False,False,
adaptive-derived-resources-no-chain,interactive-discover-8,discover,8,4,4,10,10,edfc2d7365686735b39f10138c4e8049,1245,8.032128514056224,42.0,10,1106,1244,False,ok,False,False,
adaptive-derived-resources-no-chain,interactive-discover-8,discover,8,0,5,10,10,e57dbe8986a5e3245c930c72a94f6a80,5785,1.7286084701815039,136.0,10,4872,5784,False,ok,False,False,
adaptive-derived-resources-no-chain,interactive-discover-8,discover,8,1,5,10,10,af0ebbbe8500f4b123c96deae5cfc3a4,1060,9.433962264150942,29.0,10,1050,1059,False,ok,False,False,
adaptive-derived-resources-no-chain,interactive-discover-8,discover,8,2,5,10,10,14c42de585383255e7cf3757fed29e2e,987,10.131712259371835,31.0,10,981,987,False,ok,False,False,
adaptive-derived-resources-no-chain,interactive-discover-8,discover,8,3,5,10,10,f1facfd87a9b63998712ceefd10d6ba8,2123,4.710315591144607,58.0,10,1531,2123,False,ok,False,False,
adaptive-derived-resources-no-chain,interactive-discover-8,discover,8,4,5,10,10,edfc2d7365686735b39f10138c4e8049,1036,9.652509652509652,41.0,10,1035,1035,False,ok,False,False,
adaptive-derived-resources-no-chain,interactive-short-1,short,1,0,0,1,1,6b641713c69378408c911f18ba9ba38b,2378,0.42052144659377627,114.0,1,2265,2265,False,ok,False,False,
adaptive-derived-resources-no-chain,interactive-short-1,short,1,1,0,1,1,f02ab3570928d3fc74a51ceb7a4a39ac,1794,0.5574136008918618,48.0,1,1684,1684,False,ok,False,False,
adaptive-derived-resources-no-chain,interactive-short-1,short,1,2,0,1,1,ff4ea17b4281fdba2a7a842efe3a722a,1742,0.574052812858783,48.0,1,1627,1627,False,ok,False,False,
adaptive-derived-resources-no-chain,interactive-short-1,short,1,3,0,1,1,64191c6d5f502dc3f35888f44214ade1,1805,0.554016620498615,50.0,1,1687,1687,False,ok,False,False,
adaptive-derived-resources-no-chain,interactive-short-1,short,1,4,0,1,1,d8972c3dd7a9ab1cc6d9b0773f1037c3,2273,0.43994720633523976,100.0,1,2151,2151,False,ok,False,False,
adaptive-derived-resources-no-chain,interactive-short-1,short,1,0,1,1,1,6b641713c69378408c911f18ba9ba38b,2438,0.4101722723543888,112.0,1,1754,1754,False,ok,False,False,
adaptive-derived-resources-no-chain,interactive-short-1,short,1,1,1,1,1,f02ab3570928d3fc74a51ceb7a4a39ac,1598,0.6257822277847309,48.0,1,1483,1483,False,ok,False,False,
adaptive-derived-resources-no-chain,interactive-short-1,short,1,2,1,1,1,ff4ea17b4281fdba2a7a842efe3a722a,1656,0.6038647342995169,48.0,1,1553,1553,False,ok,False,False,
adaptive-derived-resources-no-chain,interactive-short-1,short,1,3,1,1,1,64191c6d5f502dc3f35888f44214ade1,1728,0.5787037037037037,50.0,1,1600,1600,False,ok,False,False,
adaptive-derived-resources-no-chain,interactive-short-1,short,1,4,1,1,1,d8972c3dd7a9ab1cc6d9b0773f1037c3,2124,0.4708097928436911,100.0,1,1750,1750,False,ok,False,False,
adaptive-derived-resources-no-chain,interactive-short-1,short,1,0,2,1,1,6b641713c69378408c911f18ba9ba38b,2459,0.40666937779585194,112.0,1,1819,1819,False,ok,False,False,
adaptive-derived-resources-no-chain,interactive-short-1,short,1,1,2,1,1,f02ab3570928d3fc74a51ceb7a4a39ac,1810,0.5524861878453039,48.0,1,1705,1705,False,ok,False,False,
adaptive-derived-resources-no-chain,interactive-short-1,short,1,2,2,1,1,ff4ea17b4281fdba2a7a842efe3a722a,1724,0.580046403712297,48.0,1,1613,1613,False,ok,False,False,
adaptive-derived-resources-no-chain,interactive-short-1,short,1,3,2,1,1,64191c6d5f502dc3f35888f44214ade1,1737,0.5757052389176741,50.0,1,1646,1646,False,ok,False,False,
adaptive-derived-resources-no-chain,interactive-short-1,short,1,4,2,1,1,d8972c3dd7a9ab1cc6d9b0773f1037c3,2336,0.42808219178082196,100.0,1,1972,1972,False,ok,False,False,
adaptive-derived-resources-no-chain,interactive-short-1,short,1,0,3,1,1,6b641713c69378408c911f18ba9ba38b,2496,0.40064102564102566,112.0,1,1897,1897,False,ok,False,False,
adaptive-derived-resources-no-chain,interactive-short-1,short,1,1,3,1,1,f02ab3570928d3fc74a51ceb7a4a39ac,1809,0.552791597567717,48.0,1,1690,1690,False,ok,False,False,
adaptive-derived-resources-no-chain,interactive-short-1,short,1,2,3,1,1,ff4ea17b4281fdba2a7a842efe3a722a,6522,0.1533272002453235,48.0,1,6408,6408,False,ok,False,False,
adaptive-derived-resources-no-chain,interactive-short-1,short,1,3,3,1,1,64191c6d5f502dc3f35888f44214ade1,1982,0.5045408678102926,50.0,1,1793,1793,False,ok,False,False,
adaptive-derived-resources-no-chain,interactive-short-1,short,1,4,3,1,1,d8972c3dd7a9ab1cc6d9b0773f1037c3,2203,0.45392646391284613,100.0,1,1768,1768,False,ok,False,False,
adaptive-derived-resources-no-chain,interactive-short-1,short,1,0,4,1,1,6b641713c69378408c911f18ba9ba38b,2233,0.44782803403493054,112.0,1,1762,1762,False,ok,False,False,
adaptive-derived-resources-no-chain,interactive-short-1,short,1,1,4,1,1,f02ab3570928d3fc74a51ceb7a4a39ac,1725,0.5797101449275363,48.0,1,1615,1615,False,ok,False,False,
adaptive-derived-resources-no-chain,interactive-short-1,short,1,2,4,1,1,ff4ea17b4281fdba2a7a842efe3a722a,1692,0.5910165484633569,48.0,1,1590,1590,False,ok,False,False,
adaptive-derived-resources-no-chain,interactive-short-1,short,1,3,4,1,1,64191c6d5f502dc3f35888f44214ade1,1723,0.5803830528148578,50.0,1,1594,1594,False,ok,False,False,
adaptive-derived-resources-no-chain,interactive-short-1,short,1,4,4,1,1,d8972c3dd7a9ab1cc6d9b0773f1037c3,2132,0.4690431519699812,100.0,1,1868,1868,False,ok,False,False,
adaptive-derived-resources-no-chain,interactive-short-1,short,1,0,5,1,1,6b641713c69378408c911f18ba9ba38b,2237,0.44702726866338843,112.0,1,1733,1733,False,ok,False,False,
adaptive-derived-resources-no-chain,interactive-short-1,short,1,1,5,1,1,f02ab3570928d3fc74a51ceb7a4a39ac,1715,0.5830903790087463,48.0,1,1603,1603,False,ok,False,False,
adaptive-derived-resources-no-chain,interactive-short-1,short,1,2,5,1,1,ff4ea17b4281fdba2a7a842efe3a722a,5806,0.17223561832586978,48.0,1,5699,5699,False,ok,False,False,
adaptive-derived-resources-no-chain,interactive-short-1,short,1,3,5,1,1,64191c6d5f502dc3f35888f44214ade1,1727,0.5790387955993052,50.0,1,1592,1592,False,ok,False,False,
adaptive-derived-resources-no-chain,interactive-short-1,short,1,4,5,1,1,d8972c3dd7a9ab1cc6d9b0773f1037c3,2194,0.45578851412944393,100.0,1,1759,1759,False,ok,False,False,
adaptive-derived-resources-no-chain,interactive-short-2,short,2,0,0,0,0,d41d8cd98f00b204e9800998ecf8427e,21,0.0,,0,,,True,unsupported,False,True,"Invalid SPARQL endpoint response from http://localhost:3001/sparql (HTTP status 400):
Query operation processing failed: none of the configured actors were able to handle the operation type nodes
    Error messages of failing actors:
        Actor urn:comunica:default:query-operation/actors#source does not accept the operation nodes.
"
adaptive-derived-resources-no-chain,interactive-short-2,short,2,1,0,0,0,d41d8cd98f00b204e9800998ecf8427e,11,0.0,,0,,,True,unsupported,False,True,"Invalid SPARQL endpoint response from http://localhost:3001/sparql (HTTP status 400):
Query operation processing failed: none of the configured actors were able to handle the operation type nodes
    Error messages of failing actors:
        Actor urn:comunica:default:query-operation/actors#source does not accept the operation nodes.
"
adaptive-derived-resources-no-chain,interactive-short-2,short,2,2,0,0,0,d41d8cd98f00b204e9800998ecf8427e,11,0.0,,0,,,True,unsupported,False,True,"Invalid SPARQL endpoint response from http://localhost:3001/sparql (HTTP status 400):
Query operation processing failed: none of the configured actors were able to handle the operation type nodes
    Error messages of failing actors:
        Actor urn:comunica:default:query-operation/actors#source does not accept the operation nodes.
"
adaptive-derived-resources-no-chain,interactive-short-2,short,2,3,0,0,0,d41d8cd98f00b204e9800998ecf8427e,10,0.0,,0,,,True,unsupported,False,True,"Invalid SPARQL endpoint response from http://localhost:3001/sparql (HTTP status 400):
Query operation processing failed: none of the configured actors were able to handle the operation type nodes
    Error messages of failing actors:
        Actor urn:comunica:default:query-operation/actors#source does not accept the operation nodes.
"
adaptive-derived-resources-no-chain,interactive-short-2,short,2,4,0,0,0,d41d8cd98f00b204e9800998ecf8427e,10,0.0,,0,,,True,unsupported,False,True,"Invalid SPARQL endpoint response from http://localhost:3001/sparql (HTTP status 400):
Query operation processing failed: none of the configured actors were able to handle the operation type nodes
    Error messages of failing actors:
        Actor urn:comunica:default:query-operation/actors#source does not accept the operation nodes.
"
adaptive-derived-resources-no-chain,interactive-short-2,short,2,0,1,0,0,d41d8cd98f00b204e9800998ecf8427e,10,0.0,,0,,,True,unsupported,False,True,"Invalid SPARQL endpoint response from http://localhost:3001/sparql (HTTP status 400):
Query operation processing failed: none of the configured actors were able to handle the operation type nodes
    Error messages of failing actors:
        Actor urn:comunica:default:query-operation/actors#source does not accept the operation nodes.
"
adaptive-derived-resources-no-chain,interactive-short-2,short,2,1,1,0,0,d41d8cd98f00b204e9800998ecf8427e,10,0.0,,0,,,True,unsupported,False,True,"Invalid SPARQL endpoint response from http://localhost:3001/sparql (HTTP status 400):
Query operation processing failed: none of the configured actors were able to handle the operation type nodes
    Error messages of failing actors:
        Actor urn:comunica:default:query-operation/actors#source does not accept the operation nodes.
"
adaptive-derived-resources-no-chain,interactive-short-2,short,2,2,1,0,0,d41d8cd98f00b204e9800998ecf8427e,47,0.0,,0,,,True,unsupported,False,True,"Invalid SPARQL endpoint response from http://localhost:3001/sparql (HTTP status 400):
Query operation processing failed: none of the configured actors were able to handle the operation type nodes
    Error messages of failing actors:
        Actor urn:comunica:default:query-operation/actors#source does not accept the operation nodes.
"
adaptive-derived-resources-no-chain,interactive-short-2,short,2,3,1,0,0,d41d8cd98f00b204e9800998ecf8427e,11,0.0,,0,,,True,unsupported,False,True,"Invalid SPARQL endpoint response from http://localhost:3001/sparql (HTTP status 400):
Query operation processing failed: none of the configured actors were able to handle the operation type nodes
    Error messages of failing actors:
        Actor urn:comunica:default:query-operation/actors#source does not accept the operation nodes.
"
adaptive-derived-resources-no-chain,interactive-short-2,short,2,4,1,0,0,d41d8cd98f00b204e9800998ecf8427e,15,0.0,,0,,,True,unsupported,False,True,"Invalid SPARQL endpoint response from http://localhost:3001/sparql (HTTP status 400):
Query operation processing failed: none of the configured actors were able to handle the operation type nodes
    Error messages of failing actors:
        Actor urn:comunica:default:query-operation/actors#source does not accept the operation nodes.
"
adaptive-derived-resources-no-chain,interactive-short-2,short,2,0,2,0,0,d41d8cd98f00b204e9800998ecf8427e,70,0.0,,0,,,True,unsupported,False,True,"Invalid SPARQL endpoint response from http://localhost:3001/sparql (HTTP status 400):
Query operation processing failed: none of the configured actors were able to handle the operation type nodes
    Error messages of failing actors:
        Actor urn:comunica:default:query-operation/actors#source does not accept the operation nodes.
"
adaptive-derived-resources-no-chain,interactive-short-2,short,2,1,2,0,0,d41d8cd98f00b204e9800998ecf8427e,55,0.0,,0,,,True,unsupported,False,True,"Invalid SPARQL endpoint response from http://localhost:3001/sparql (HTTP status 400):
Query operation processing failed: none of the configured actors were able to handle the operation type nodes
    Error messages of failing actors:
        Actor urn:comunica:default:query-operation/actors#source does not accept the operation nodes.
"
adaptive-derived-resources-no-chain,interactive-short-2,short,2,2,2,0,0,d41d8cd98f00b204e9800998ecf8427e,34,0.0,,0,,,True,unsupported,False,True,"Invalid SPARQL endpoint response from http://localhost:3001/sparql (HTTP status 400):
Query operation processing failed: none of the configured actors were able to handle the operation type nodes
    Error messages of failing actors:
        Actor urn:comunica:default:query-operation/actors#source does not accept the operation nodes.
"
adaptive-derived-resources-no-chain,interactive-short-2,short,2,3,2,0,0,d41d8cd98f00b204e9800998ecf8427e,22,0.0,,0,,,True,unsupported,False,True,"Invalid SPARQL endpoint response from http://localhost:3001/sparql (HTTP status 400):
Query operation processing failed: none of the configured actors were able to handle the operation type nodes
    Error messages of failing actors:
        Actor urn:comunica:default:query-operation/actors#source does not accept the operation nodes.
"
adaptive-derived-resources-no-chain,interactive-short-2,short,2,4,2,0,0,d41d8cd98f00b204e9800998ecf8427e,12,0.0,,0,,,True,unsupported,False,True,"Invalid SPARQL endpoint response from http://localhost:3001/sparql (HTTP status 400):
Query operation processing failed: none of the configured actors were able to handle the operation type nodes
    Error messages of failing actors:
        Actor urn:comunica:default:query-operation/actors#source does not accept the operation nodes.
"
adaptive-derived-resources-no-chain,interactive-short-2,short,2,0,3,0,0,d41d8cd98f00b204e9800998ecf8427e,37,0.0,,0,,,True,unsupported,False,True,"Invalid SPARQL endpoint response from http://localhost:3001/sparql (HTTP status 400):
Query operation processing failed: none of the configured actors were able to handle the operation type nodes
    Error messages of failing actors:
        Actor urn:comunica:default:query-operation/actors#source does not accept the operation nodes.
"
adaptive-derived-resources-no-chain,interactive-short-2,short,2,1,3,0,0,d41d8cd98f00b204e9800998ecf8427e,14,0.0,,0,,,True,unsupported,False,True,"Invalid SPARQL endpoint response from http://localhost:3001/sparql (HTTP status 400):
Query operation processing failed: none of the configured actors were able to handle the operation type nodes
    Error messages of failing actors:
        Actor urn:comunica:default:query-operation/actors#source does not accept the operation nodes.
"
adaptive-derived-resources-no-chain,interactive-short-2,short,2,2,3,0,0,d41d8cd98f00b204e9800998ecf8427e,9,0.0,,0,,,True,unsupported,False,True,"Invalid SPARQL endpoint response from http://localhost:3001/sparql (HTTP status 400):
Query operation processing failed: none of the configured actors were able to handle the operation type nodes
    Error messages of failing actors:
        Actor urn:comunica:default:query-operation/actors#source does not accept the operation nodes.
"
adaptive-derived-resources-no-chain,interactive-short-2,short,2,3,3,0,0,d41d8cd98f00b204e9800998ecf8427e,16,0.0,,0,,,True,unsupported,False,True,"Invalid SPARQL endpoint response from http://localhost:3001/sparql (HTTP status 400):
Query operation processing failed: none of the configured actors were able to handle the operation type nodes
    Error messages of failing actors:
        Actor urn:comunica:default:query-operation/actors#source does not accept the operation nodes.
"
adaptive-derived-resources-no-chain,interactive-short-2,short,2,4,3,0,0,d41d8cd98f00b204e9800998ecf8427e,9,0.0,,0,,,True,unsupported,False,True,"Invalid SPARQL endpoint response from http://localhost:3001/sparql (HTTP status 400):
Query operation processing failed: none of the configured actors were able to handle the operation type nodes
    Error messages of failing actors:
        Actor urn:comunica:default:query-operation/actors#source does not accept the operation nodes.
"
adaptive-derived-resources-no-chain,interactive-short-2,short,2,0,4,0,0,d41d8cd98f00b204e9800998ecf8427e,11,0.0,,0,,,True,unsupported,False,True,"Invalid SPARQL endpoint response from http://localhost:3001/sparql (HTTP status 400):
Query operation processing failed: none of the configured actors were able to handle the operation type nodes
    Error messages of failing actors:
        Actor urn:comunica:default:query-operation/actors#source does not accept the operation nodes.
"
adaptive-derived-resources-no-chain,interactive-short-2,short,2,1,4,0,0,d41d8cd98f00b204e9800998ecf8427e,9,0.0,,0,,,True,unsupported,False,True,"Invalid SPARQL endpoint response from http://localhost:3001/sparql (HTTP status 400):
Query operation processing failed: none of the configured actors were able to handle the operation type nodes
    Error messages of failing actors:
        Actor urn:comunica:default:query-operation/actors#source does not accept the operation nodes.
"
adaptive-derived-resources-no-chain,interactive-short-2,short,2,2,4,0,0,d41d8cd98f00b204e9800998ecf8427e,45,0.0,,0,,,True,unsupported,False,True,"Invalid SPARQL endpoint response from http://localhost:3001/sparql (HTTP status 400):
Query operation processing failed: none of the configured actors were able to handle the operation type nodes
    Error messages of failing actors:
        Actor urn:comunica:default:query-operation/actors#source does not accept the operation nodes.
"
adaptive-derived-resources-no-chain,interactive-short-2,short,2,3,4,0,0,d41d8cd98f00b204e9800998ecf8427e,9,0.0,,0,,,True,unsupported,False,True,"Invalid SPARQL endpoint response from http://localhost:3001/sparql (HTTP status 400):
Query operation processing failed: none of the configured actors were able to handle the operation type nodes
    Error messages of failing actors:
        Actor urn:comunica:default:query-operation/actors#source does not accept the operation nodes.
"
adaptive-derived-resources-no-chain,interactive-short-2,short,2,4,4,0,0,d41d8cd98f00b204e9800998ecf8427e,9,0.0,,0,,,True,unsupported,False,True,"Invalid SPARQL endpoint response from http://localhost:3001/sparql (HTTP status 400):
Query operation processing failed: none of the configured actors were able to handle the operation type nodes
    Error messages of failing actors:
        Actor urn:comunica:default:query-operation/actors#source does not accept the operation nodes.
"
adaptive-derived-resources-no-chain,interactive-short-2,short,2,0,5,0,0,d41d8cd98f00b204e9800998ecf8427e,9,0.0,,0,,,True,unsupported,False,True,"Invalid SPARQL endpoint response from http://localhost:3001/sparql (HTTP status 400):
Query operation processing failed: none of the configured actors were able to handle the operation type nodes
    Error messages of failing actors:
        Actor urn:comunica:default:query-operation/actors#source does not accept the operation nodes.
"
adaptive-derived-resources-no-chain,interactive-short-2,short,2,1,5,0,0,d41d8cd98f00b204e9800998ecf8427e,11,0.0,,0,,,True,unsupported,False,True,"Invalid SPARQL endpoint response from http://localhost:3001/sparql (HTTP status 400):
Query operation processing failed: none of the configured actors were able to handle the operation type nodes
    Error messages of failing actors:
        Actor urn:comunica:default:query-operation/actors#source does not accept the operation nodes.
"
adaptive-derived-resources-no-chain,interactive-short-2,short,2,2,5,0,0,d41d8cd98f00b204e9800998ecf8427e,9,0.0,,0,,,True,unsupported,False,True,"Invalid SPARQL endpoint response from http://localhost:3001/sparql (HTTP status 400):
Query operation processing failed: none of the configured actors were able to handle the operation type nodes
    Error messages of failing actors:
        Actor urn:comunica:default:query-operation/actors#source does not accept the operation nodes.
"
adaptive-derived-resources-no-chain,interactive-short-2,short,2,3,5,0,0,d41d8cd98f00b204e9800998ecf8427e,9,0.0,,0,,,True,unsupported,False,True,"Invalid SPARQL endpoint response from http://localhost:3001/sparql (HTTP status 400):
Query operation processing failed: none of the configured actors were able to handle the operation type nodes
    Error messages of failing actors:
        Actor urn:comunica:default:query-operation/actors#source does not accept the operation nodes.
"
adaptive-derived-resources-no-chain,interactive-short-2,short,2,4,5,0,0,d41d8cd98f00b204e9800998ecf8427e,55,0.0,,0,,,True,unsupported,False,True,"Invalid SPARQL endpoint response from http://localhost:3001/sparql (HTTP status 400):
Query operation processing failed: none of the configured actors were able to handle the operation type nodes
    Error messages of failing actors:
        Actor urn:comunica:default:query-operation/actors#source does not accept the operation nodes.
"
adaptive-derived-resources-no-chain,interactive-short-3,short,3,0,0,0,0,d41d8cd98f00b204e9800998ecf8427e,300104,0.0,,0,,,True,timeout,True,True,"Unexpected ""!"" at position 0 in state STOP"
adaptive-derived-resources-no-chain,interactive-short-3,short,3,1,0,25,25,8742cd781e53e073243deef5c83e694c,300016,0.08332888912591328,,25,19350,89224,True,timeout,True,False,"Unexpected ""!"" at position 0 in state STOP"
adaptive-derived-resources-no-chain,interactive-short-3,short,3,2,0,9,9,83ec443c5c1d95f73603c77fc92eec71,300062,0.02999380128106858,,9,130843,131847,True,timeout,True,False,"Unexpected ""!"" at position 0 in state STOP"
adaptive-derived-resources-no-chain,interactive-short-3,short,3,3,0,82,82,261de065e956f20a1ef03f87220091e2,300109,0.27323405829215386,,82,32300,206939,True,timeout,True,False,"Unexpected ""!"" at position 0 in state STOP"
adaptive-derived-resources-no-chain,interactive-short-3,short,3,4,0,9,9,3fbb8e48121b8286f9eb1f1fc7738855,300110,0.029989004031854984,,9,36981,37462,True,timeout,True,False,"Unexpected ""!"" at position 0 in state STOP"
adaptive-derived-resources-no-chain,interactive-short-3,short,3,0,1,9,9,8537fb99f7b9318e02126c4d84e39c90,300109,0.029989103958894935,,9,290079,290155,True,timeout,True,False,"Unexpected ""!"" at position 0 in state STOP"
adaptive-derived-resources-no-chain,interactive-short-3,short,3,1,1,34,34,94129e10ee0f351ea81de0c2e382edc3,300109,0.11329217051138087,,34,37964,138039,True,timeout,True,False,"Unexpected ""!"" at position 0 in state STOP"
adaptive-derived-resources-no-chain,interactive-short-3,short,3,2,1,9,9,83ec443c5c1d95f73603c77fc92eec71,300108,0.029989203886600823,,9,35696,36403,True,timeout,True,False,"Unexpected ""!"" at position 0 in state STOP"
adaptive-derived-resources-no-chain,interactive-short-3,short,3,3,1,65,65,7da1a37f9b61ae5573e0d4483a42c8c3,300110,0.2165872513411749,,65,113321,148103,True,timeout,True,False,"Unexpected ""!"" at position 0 in state STOP"
adaptive-derived-resources-no-chain,interactive-short-3,short,3,4,1,17,17,50ccd4d11c94f0cc3f8b968d6f94f2d5,300108,0.05664627400802378,,17,43838,52482,True,timeout,True,False,"Unexpected ""!"" at position 0 in state STOP"
adaptive-derived-resources-no-chain,interactive-short-3,short,3,0,2,0,0,d41d8cd98f00b204e9800998ecf8427e,300071,0.0,,0,,,True,timeout,True,True,"Unexpected ""!"" at position 0 in state STOP"
adaptive-derived-resources-no-chain,interactive-short-3,short,3,1,2,34,34,14d70ad267fd590ff23ca52eed65e14c,300045,0.11331633588295088,,34,50780,114130,True,timeout,True,False,"Unexpected ""!"" at position 0 in state STOP"
adaptive-derived-resources-no-chain,interactive-short-3,short,3,2,2,18,18,5fd14eb719f62a067cac27737a77cb33,300106,0.059978807488020904,,18,44733,45639,True,timeout,True,False,"Unexpected ""!"" at position 0 in state STOP"
adaptive-derived-resources-no-chain,interactive-short-3,short,3,3,2,89,89,c617ab2c12db99e0d08e56f56dda313d,300110,0.29655792875945486,,89,47274,294322,True,timeout,True,False,"Unexpected ""!"" at position 0 in state STOP"
adaptive-derived-resources-no-chain,interactive-short-3,short,3,4,2,9,9,3fbb8e48121b8286f9eb1f1fc7738855,300111,0.02998890410548097,,9,42781,43054,True,timeout,True,False,"Unexpected ""!"" at position 0 in state STOP"
adaptive-derived-resources-no-chain,interactive-short-3,short,3,0,3,0,0,d41d8cd98f00b204e9800998ecf8427e,300112,0.0,,0,,,True,timeout,True,True,"Unexpected ""!"" at position 0 in state STOP"
adaptive-derived-resources-no-chain,interactive-short-3,short,3,1,3,33,33,7cde5b4dc6478d0c66d5294e7a3746d5,300246,0.10990987390339922,,33,38748,121300,True,timeout,True,False,"Unexpected ""!"" at position 0 in state STOP"
adaptive-derived-resources-no-chain,interactive-short-3,short,3,2,3,9,9,83ec443c5c1d95f73603c77fc92eec71,300108,0.029989203886600823,,9,31508,31708,True,timeout,True,False,"Unexpected ""!"" at position 0 in state STOP"
adaptive-derived-resources-no-chain,interactive-short-3,short,3,3,3,73,73,f5690453cad737e7f75c76a07ce5f813,300111,0.24324333330001233,,73,52815,148459,True,timeout,True,False,"Unexpected ""!"" at position 0 in state STOP"
adaptive-derived-resources-no-chain,interactive-short-3,short,3,4,3,17,17,30c562ade1f7497b1024ac4f533391ac,300110,0.05664589650461497,,17,34777,94454,True,timeout,True,False,"Unexpected ""!"" at position 0 in state STOP"
adaptive-derived-resources-no-chain,interactive-short-3,short,3,0,4,0,0,d41d8cd98f00b204e9800998ecf8427e,300108,0.0,,0,,,True,timeout,True,True,"Unexpected ""!"" at position 0 in state STOP"
adaptive-derived-resources-no-chain,interactive-short-3,short,3,1,4,33,33,7cde5b4dc6478d0c66d5294e7a3746d5,300111,0.10995931505343023,,33,49295,108923,True,timeout,True,False,"Unexpected ""!"" at position 0 in state STOP"
adaptive-derived-resources-no-chain,interactive-short-3,short,3,2,4,9,9,83ec443c5c1d95f73603c77fc92eec71,300018,0.029998200107993523,,9,43737,44552,True,timeout,True,False,"Unexpected ""!"" at position 0 in state STOP"
adaptive-derived-resources-no-chain,interactive-short-3,short,3,3,4,82,82,895b90b13fb1f95483d1a1f70902139d,300108,0.2732349687445853,,82,46188,289545,True,timeout,True,False,"Unexpected ""!"" at position 0 in state STOP"
adaptive-derived-resources-no-chain,interactive-short-3,short,3,4,4,18,18,4e5fbe64e4c1d4b85ff0277d02ee7a9f,300109,0.05997820791778987,,18,46676,238528,True,timeout,True,False,"Unexpected ""!"" at position 0 in state STOP"
adaptive-derived-resources-no-chain,interactive-short-3,short,3,0,5,0,0,d41d8cd98f00b204e9800998ecf8427e,300108,0.0,,0,,,True,timeout,True,True,"Unexpected ""!"" at position 0 in state STOP"
adaptive-derived-resources-no-chain,interactive-short-3,short,3,1,5,33,33,7cde5b4dc6478d0c66d5294e7a3746d5,300110,0.10995968145013495,,33,48812,140761,True,timeout,True,False,"Unexpected ""!"" at position 0 in state STOP"
adaptive-derived-resources-no-chain,interactive-short-3,short,3,2,5,18,18,5fd14eb719f62a067cac27737a77cb33,300110,0.05997800806370997,,18,104123,135887,True,timeout,True,False,"Unexpected ""!"" at position 0 in state STOP"
adaptive-derived-resources-no-chain,interactive-short-3,short,3,3,5,88,88,9bb7aa75ade7fbd7e8804f8216f406ef,300108,0.2932277713356525,,88,36376,252326,True,timeout,True,False,"Unexpected ""!"" at position 0 in state STOP"
adaptive-derived-resources-no-chain,interactive-short-3,short,3,4,5,8,8,4909aea73e1bfe91ecce1b74dd89d550,300111,0.02665680364931642,,8,29390,29393,True,timeout,True,False,"Unexpected ""!"" at position 0 in state STOP"
adaptive-derived-resources-no-chain,interactive-short-4,short,4,0,0,1,1,be952defdc6bff97ab1d2bd30503bd7a,1385,0.7220216606498195,4.0,1,537,537,False,ok,False,False,
adaptive-derived-resources-no-chain,interactive-short-4,short,4,1,0,1,1,c7f96e08adf5efcc4ad5302bc4ebe30f,1280,0.78125,4.0,1,391,391,False,ok,False,False,
adaptive-derived-resources-no-chain,interactive-short-4,short,4,2,0,1,1,b14fe4f20ab576f2bf485f4d72fc2332,1750,0.5714285714285714,28.0,1,530,530,False,ok,False,False,
adaptive-derived-resources-no-chain,interactive-short-4,short,4,3,0,1,1,c114679689014713f0be71d73de99a0b,2486,0.40225261464199513,38.0,1,1303,1303,False,ok,False,False,
adaptive-derived-resources-no-chain,interactive-short-4,short,4,4,0,1,1,c93535a997dcc3e3b4e497b89e662936,955,1.0471204188481675,4.0,1,319,319,False,ok,False,False,
adaptive-derived-resources-no-chain,interactive-short-4,short,4,0,1,1,1,be952defdc6bff97ab1d2bd30503bd7a,496,2.0161290322580645,4.0,1,167,167,False,ok,False,False,
adaptive-derived-resources-no-chain,interactive-short-4,short,4,1,1,1,1,c7f96e08adf5efcc4ad5302bc4ebe30f,441,2.2675736961451247,4.0,1,169,169,False,ok,False,False,
adaptive-derived-resources-no-chain,interactive-short-4,short,4,2,1,1,1,b14fe4f20ab576f2bf485f4d72fc2332,723,1.3831258644536653,28.0,1,238,238,False,ok,False,False,
adaptive-derived-resources-no-chain,interactive-short-4,short,4,3,1,1,1,c114679689014713f0be71d73de99a0b,12558,0.0796305144131231,38.0,1,8452,8452,False,ok,False,False,
adaptive-derived-resources-no-chain,interactive-short-4,short,4,4,1,1,1,c93535a997dcc3e3b4e497b89e662936,503,1.9880715705765408,4.0,1,212,212,False,ok,False,False,
adaptive-derived-resources-no-chain,interactive-short-4,short,4,0,2,1,1,be952defdc6bff97ab1d2bd30503bd7a,315,3.1746031746031744,4.0,1,129,129,False,ok,False,False,
adaptive-derived-resources-no-chain,interactive-short-4,short,4,1,2,1,1,c7f96e08adf5efcc4ad5302bc4ebe30f,303,3.3003300330033003,4.0,1,132,132,False,ok,False,False,
adaptive-derived-resources-no-chain,interactive-short-4,short,4,2,2,1,1,b14fe4f20ab576f2bf485f4d72fc2332,622,1.607717041800643,28.0,1,180,180,False,ok,False,False,
adaptive-derived-resources-no-chain,interactive-short-4,short,4,3,2,1,1,c114679689014713f0be71d73de99a0b,847,1.1806375442739079,38.0,1,260,260,False,ok,False,False,
adaptive-derived-resources-no-chain,interactive-short-4,short,4,4,2,1,1,c93535a997dcc3e3b4e497b89e662936,314,3.1847133757961785,4.0,1,136,136,False,ok,False,False,
adaptive-derived-resources-no-chain,interactive-short-4,short,4,0,3,1,1,be952defdc6bff97ab1d2bd30503bd7a,302,3.3112582781456954,4.0,1,120,120,False,ok,False,False,
adaptive-derived-resources-no-chain,interactive-short-4,short,4,1,3,1,1,c7f96e08adf5efcc4ad5302bc4ebe30f,329,3.03951367781155,4.0,1,133,133,False,ok,False,False,
adaptive-derived-resources-no-chain,interactive-short-4,short,4,2,3,1,1,b14fe4f20ab576f2bf485f4d72fc2332,687,1.455604075691412,28.0,1,203,203,False,ok,False,False,
adaptive-derived-resources-no-chain,interactive-short-4,short,4,3,3,1,1,c114679689014713f0be71d73de99a0b,1066,0.9380863039399624,38.0,1,232,232,False,ok,False,False,
adaptive-derived-resources-no-chain,interactive-short-4,short,4,4,3,1,1,c93535a997dcc3e3b4e497b89e662936,320,3.125,4.0,1,122,122,False,ok,False,False,
adaptive-derived-resources-no-chain,interactive-short-4,short,4,0,4,1,1,be952defdc6bff97ab1d2bd30503bd7a,293,3.4129692832764507,4.0,1,120,120,False,ok,False,False,
adaptive-derived-resources-no-chain,interactive-short-4,short,4,1,4,1,1,c7f96e08adf5efcc4ad5302bc4ebe30f,324,3.0864197530864197,4.0,1,168,168,False,ok,False,False,
adaptive-derived-resources-no-chain,interactive-short-4,short,4,2,4,1,1,b14fe4f20ab576f2bf485f4d72fc2332,720,1.3888888888888888,28.0,1,186,186,False,ok,False,False,
adaptive-derived-resources-no-chain,interactive-short-4,short,4,3,4,1,1,c114679689014713f0be71d73de99a0b,834,1.1990407673860912,38.0,1,243,243,False,ok,False,False,
adaptive-derived-resources-no-chain,interactive-short-4,short,4,4,4,1,1,c93535a997dcc3e3b4e497b89e662936,525,1.9047619047619047,4.0,1,315,315,False,ok,False,False,
adaptive-derived-resources-no-chain,interactive-short-4,short,4,0,5,1,1,be952defdc6bff97ab1d2bd30503bd7a,318,3.144654088050314,4.0,1,158,158,False,ok,False,False,
adaptive-derived-resources-no-chain,interactive-short-4,short,4,1,5,1,1,c7f96e08adf5efcc4ad5302bc4ebe30f,395,2.531645569620253,4.0,1,209,209,False,ok,False,False,
adaptive-derived-resources-no-chain,interactive-short-4,short,4,2,5,1,1,b14fe4f20ab576f2bf485f4d72fc2332,687,1.455604075691412,28.0,1,193,193,False,ok,False,False,
adaptive-derived-resources-no-chain,interactive-short-4,short,4,3,5,1,1,c114679689014713f0be71d73de99a0b,844,1.1848341232227488,38.0,1,233,233,False,ok,False,False,
adaptive-derived-resources-no-chain,interactive-short-4,short,4,4,5,1,1,c93535a997dcc3e3b4e497b89e662936,355,2.8169014084507045,4.0,1,165,165,False,ok,False,False,
adaptive-derived-resources-no-chain,interactive-short-5,short,5,0,0,4,4,040d4848b2deb4bf4b8a884ea8ad7a26,74713,0.05353820620240119,39.0,4,74246,74713,False,ok,False,False,
adaptive-derived-resources-no-chain,interactive-short-5,short,5,1,0,4,4,6ad1e0be21e73d3b01aa2a18cea152c4,26653,0.15007691441863957,39.0,4,25934,26653,False,ok,False,False,
adaptive-derived-resources-no-chain,interactive-short-5,short,5,2,0,4,4,df6fcdb903072b75d37dffd1360a3533,21142,0.1891968593321351,97.0,4,19156,21141,False,ok,False,False,
adaptive-derived-resources-no-chain,interactive-short-5,short,5,3,0,4,4,196b989b5e2be4dd6d8d4a5d4847ac26,1615,2.476780185758514,45.0,4,1534,1615,False,ok,False,False,
adaptive-derived-resources-no-chain,interactive-short-5,short,5,4,0,4,4,981f99755e7d5f28f1f32f0af046b149,3856,1.037344398340249,99.0,4,3060,3856,False,ok,False,False,
adaptive-derived-resources-no-chain,interactive-short-5,short,5,0,1,4,4,040d4848b2deb4bf4b8a884ea8ad7a26,1410,2.8368794326241136,39.0,4,1155,1409,False,ok,False,False,
adaptive-derived-resources-no-chain,interactive-short-5,short,5,1,1,4,4,6ad1e0be21e73d3b01aa2a18cea152c4,1488,2.6881720430107525,39.0,4,1202,1488,False,ok,False,False,
adaptive-derived-resources-no-chain,interactive-short-5,short,5,2,1,4,4,df6fcdb903072b75d37dffd1360a3533,2589,1.544998068752414,97.0,4,1444,2588,False,ok,False,False,
adaptive-derived-resources-no-chain,interactive-short-5,short,5,3,1,4,4,196b989b5e2be4dd6d8d4a5d4847ac26,1235,3.2388663967611335,45.0,4,1119,1234,False,ok,False,False,
adaptive-derived-resources-no-chain,interactive-short-5,short,5,4,1,4,4,981f99755e7d5f28f1f32f0af046b149,1846,2.1668472372697725,99.0,4,1183,1846,False,ok,False,False,
adaptive-derived-resources-no-chain,interactive-short-5,short,5,0,2,4,4,040d4848b2deb4bf4b8a884ea8ad7a26,1388,2.8818443804034586,39.0,4,1143,1387,False,ok,False,False,
adaptive-derived-resources-no-chain,interactive-short-5,short,5,1,2,4,4,6ad1e0be21e73d3b01aa2a18cea152c4,1458,2.7434842249657065,39.0,4,1234,1457,False,ok,False,False,
adaptive-derived-resources-no-chain,interactive-short-5,short,5,2,2,4,4,df6fcdb903072b75d37dffd1360a3533,2500,1.6,97.0,4,1453,2499,False,ok,False,False,
adaptive-derived-resources-no-chain,interactive-short-5,short,5,3,2,4,4,196b989b5e2be4dd6d8d4a5d4847ac26,1314,3.0441400304414,45.0,4,1195,1313,False,ok,False,False,
adaptive-derived-resources-no-chain,interactive-short-5,short,5,4,2,4,4,981f99755e7d5f28f1f32f0af046b149,1808,2.2123893805309733,99.0,4,1156,1807,False,ok,False,False,
adaptive-derived-resources-no-chain,interactive-short-5,short,5,0,3,4,4,040d4848b2deb4bf4b8a884ea8ad7a26,1375,2.909090909090909,39.0,4,1136,1374,False,ok,False,False,
adaptive-derived-resources-no-chain,interactive-short-5,short,5,1,3,4,4,6ad1e0be21e73d3b01aa2a18cea152c4,1411,2.8348688873139616,39.0,4,1201,1410,False,ok,False,False,
adaptive-derived-resources-no-chain,interactive-short-5,short,5,2,3,4,4,df6fcdb903072b75d37dffd1360a3533,2448,1.6339869281045751,97.0,4,1384,2447,False,ok,False,False,
adaptive-derived-resources-no-chain,interactive-short-5,short,5,3,3,4,4,196b989b5e2be4dd6d8d4a5d4847ac26,1298,3.081664098613251,45.0,4,1191,1297,False,ok,False,False,
adaptive-derived-resources-no-chain,interactive-short-5,short,5,4,3,4,4,981f99755e7d5f28f1f32f0af046b149,1855,2.1563342318059298,99.0,4,1197,1854,False,ok,False,False,
adaptive-derived-resources-no-chain,interactive-short-5,short,5,0,4,4,4,040d4848b2deb4bf4b8a884ea8ad7a26,1377,2.904865649963689,39.0,4,1148,1377,False,ok,False,False,
adaptive-derived-resources-no-chain,interactive-short-5,short,5,1,4,4,4,6ad1e0be21e73d3b01aa2a18cea152c4,1494,2.677376171352075,39.0,4,1271,1493,False,ok,False,False,
adaptive-derived-resources-no-chain,interactive-short-5,short,5,2,4,4,4,df6fcdb903072b75d37dffd1360a3533,2389,1.674340728338217,97.0,4,1539,2389,False,ok,False,False,
adaptive-derived-resources-no-chain,interactive-short-5,short,5,3,4,4,4,196b989b5e2be4dd6d8d4a5d4847ac26,1296,3.0864197530864197,45.0,4,1179,1295,False,ok,False,False,
adaptive-derived-resources-no-chain,interactive-short-5,short,5,4,4,4,4,981f99755e7d5f28f1f32f0af046b149,1842,2.1715526601520088,99.0,4,1203,1841,False,ok,False,False,
adaptive-derived-resources-no-chain,interactive-short-5,short,5,0,5,4,4,040d4848b2deb4bf4b8a884ea8ad7a26,1430,2.7972027972027975,39.0,4,1199,1429,False,ok,False,False,
adaptive-derived-resources-no-chain,interactive-short-5,short,5,1,5,4,4,6ad1e0be21e73d3b01aa2a18cea152c4,1611,2.4829298572315333,39.0,4,1306,1610,False,ok,False,False,
adaptive-derived-resources-no-chain,interactive-short-5,short,5,2,5,4,4,df6fcdb903072b75d37dffd1360a3533,2435,1.6427104722792607,97.0,4,1546,2434,False,ok,False,False,
adaptive-derived-resources-no-chain,interactive-short-5,short,5,3,5,4,4,196b989b5e2be4dd6d8d4a5d4847ac26,1336,2.994011976047904,45.0,4,1220,1336,False,ok,False,False,
adaptive-derived-resources-no-chain,interactive-short-5,short,5,4,5,4,4,981f99755e7d5f28f1f32f0af046b149,1841,2.1727322107550244,99.0,4,1209,1840,False,ok,False,False,
adaptive-derived-resources-no-chain,interactive-short-6,short,6,0,0,2,2,19192ef9b00eb3452f81449ffa840a3f,300138,0.0066636014100180585,,2,15167,15167,True,timeout,True,False,"Unexpected ""!"" at position 0 in state STOP"
adaptive-derived-resources-no-chain,interactive-short-6,short,6,1,0,2,2,3d0e167e241c5af8846ddee5bc5b7bee,300120,0.006664001066240171,,2,33863,33863,True,timeout,True,False,"Unexpected ""!"" at position 0 in state STOP"
adaptive-derived-resources-no-chain,interactive-short-6,short,6,2,0,0,0,d41d8cd98f00b204e9800998ecf8427e,300108,0.0,,0,,,True,timeout,True,True,"Unexpected ""!"" at position 0 in state STOP"
adaptive-derived-resources-no-chain,interactive-short-6,short,6,3,0,0,0,d41d8cd98f00b204e9800998ecf8427e,300108,0.0,,0,,,True,timeout,True,True,"Unexpected ""!"" at position 0 in state STOP"
adaptive-derived-resources-no-chain,interactive-short-6,short,6,4,0,0,0,d41d8cd98f00b204e9800998ecf8427e,300109,0.0,,0,,,True,timeout,True,True,"Unexpected ""!"" at position 0 in state STOP"
adaptive-derived-resources-no-chain,interactive-short-6,short,6,0,1,2,2,19192ef9b00eb3452f81449ffa840a3f,300119,0.006664023270769261,,2,41434,41434,True,timeout,True,False,"Unexpected ""!"" at position 0 in state STOP"
adaptive-derived-resources-no-chain,interactive-short-6,short,6,1,1,2,2,3d0e167e241c5af8846ddee5bc5b7bee,300033,0.006665933413991128,,2,13789,13789,True,timeout,True,False,"Unexpected ""!"" at position 0 in state STOP"
adaptive-derived-resources-no-chain,interactive-short-6,short,6,2,1,0,0,d41d8cd98f00b204e9800998ecf8427e,300051,0.0,,0,,,True,timeout,True,True,"Unexpected ""!"" at position 0 in state STOP"
adaptive-derived-resources-no-chain,interactive-short-6,short,6,3,1,0,0,d41d8cd98f00b204e9800998ecf8427e,300113,0.0,,0,,,True,timeout,True,True,"Unexpected ""!"" at position 0 in state STOP"
adaptive-derived-resources-no-chain,interactive-short-6,short,6,4,1,0,0,d41d8cd98f00b204e9800998ecf8427e,300062,0.0,,0,,,True,timeout,True,True,"Unexpected ""!"" at position 0 in state STOP"
adaptive-derived-resources-no-chain,interactive-short-6,short,6,0,2,2,2,19192ef9b00eb3452f81449ffa840a3f,301331,0.0066372195359919815,,2,37524,37525,True,timeout,True,False,"Unexpected ""!"" at position 0 in state STOP"
adaptive-derived-resources-no-chain,interactive-short-6,short,6,1,2,2,2,3d0e167e241c5af8846ddee5bc5b7bee,300123,0.006663934453540715,,2,45559,45559,True,timeout,True,False,"Unexpected ""!"" at position 0 in state STOP"
adaptive-derived-resources-no-chain,interactive-short-6,short,6,2,2,0,0,d41d8cd98f00b204e9800998ecf8427e,300112,0.0,,0,,,True,timeout,True,True,"Unexpected ""!"" at position 0 in state STOP"
adaptive-derived-resources-no-chain,interactive-short-6,short,6,3,2,0,0,d41d8cd98f00b204e9800998ecf8427e,300467,0.0,,0,,,True,timeout,True,True,"Unexpected ""!"" at position 0 in state STOP"
adaptive-derived-resources-no-chain,interactive-short-6,short,6,4,2,0,0,d41d8cd98f00b204e9800998ecf8427e,300108,0.0,,0,,,True,timeout,True,True,"Unexpected ""!"" at position 0 in state STOP"
adaptive-derived-resources-no-chain,interactive-short-6,short,6,0,3,2,2,19192ef9b00eb3452f81449ffa840a3f,300107,0.0066642897366605905,,2,37660,37660,True,timeout,True,False,"Unexpected ""!"" at position 0 in state STOP"
adaptive-derived-resources-no-chain,interactive-short-6,short,6,1,3,2,2,3d0e167e241c5af8846ddee5bc5b7bee,300110,0.006664223118189996,,2,5353,5353,True,timeout,True,False,"Unexpected ""!"" at position 0 in state STOP"
adaptive-derived-resources-no-chain,interactive-short-6,short,6,2,3,0,0,d41d8cd98f00b204e9800998ecf8427e,300684,0.0,,0,,,True,timeout,True,True,terminated
adaptive-derived-resources-no-chain,interactive-short-6,short,6,3,3,0,0,d41d8cd98f00b204e9800998ecf8427e,300113,0.0,,0,,,True,timeout,True,True,"Unexpected ""!"" at position 0 in state STOP"
adaptive-derived-resources-no-chain,interactive-short-6,short,6,4,3,0,0,d41d8cd98f00b204e9800998ecf8427e,300076,0.0,,0,,,True,timeout,True,True,"Unexpected ""!"" at position 0 in state STOP"
adaptive-derived-resources-no-chain,interactive-short-6,short,6,0,4,2,2,19192ef9b00eb3452f81449ffa840a3f,300111,0.006664200912329105,,2,5919,5919,True,timeout,True,False,"Unexpected ""!"" at position 0 in state STOP"
adaptive-derived-resources-no-chain,interactive-short-6,short,6,1,4,2,2,3d0e167e241c5af8846ddee5bc5b7bee,300110,0.006664223118189996,,2,58514,58514,True,timeout,True,False,"Unexpected ""!"" at position 0 in state STOP"
adaptive-derived-resources-no-chain,interactive-short-6,short,6,2,4,0,0,d41d8cd98f00b204e9800998ecf8427e,300104,0.0,,0,,,True,timeout,True,True,"Unexpected ""!"" at position 0 in state STOP"
adaptive-derived-resources-no-chain,interactive-short-6,short,6,3,4,0,0,d41d8cd98f00b204e9800998ecf8427e,300110,0.0,,0,,,True,timeout,True,True,"Unexpected ""!"" at position 0 in state STOP"
adaptive-derived-resources-no-chain,interactive-short-6,short,6,4,4,0,0,d41d8cd98f00b204e9800998ecf8427e,300107,0.0,,0,,,True,timeout,True,True,"Unexpected ""!"" at position 0 in state STOP"
adaptive-derived-resources-no-chain,interactive-short-6,short,6,0,5,2,2,19192ef9b00eb3452f81449ffa840a3f,300111,0.006664200912329105,,2,39954,39954,True,timeout,True,False,"Unexpected ""!"" at position 0 in state STOP"
adaptive-derived-resources-no-chain,interactive-short-6,short,6,1,5,2,2,3d0e167e241c5af8846ddee5bc5b7bee,300569,0.006654046159118206,,2,14034,14034,True,timeout,True,False,"Unexpected ""!"" at position 0 in state STOP"
adaptive-derived-resources-no-chain,interactive-short-6,short,6,2,5,0,0,d41d8cd98f00b204e9800998ecf8427e,300682,0.0,,0,,,True,timeout,True,True,terminated
adaptive-derived-resources-no-chain,interactive-short-6,short,6,3,5,0,0,d41d8cd98f00b204e9800998ecf8427e,300110,0.0,,0,,,True,timeout,True,True,"Unexpected ""!"" at position 0 in state STOP"
adaptive-derived-resources-no-chain,interactive-short-6,short,6,4,5,0,0,d41d8cd98f00b204e9800998ecf8427e,300111,0.0,,0,,,True,timeout,True,True,"Unexpected ""!"" at position 0 in state STOP"
adaptive-derived-resources-no-chain,interactive-short-7,short,7,0,0,0,0,d41d8cd98f00b204e9800998ecf8427e,300091,0.0,,0,,,True,timeout,True,True,"Unexpected ""!"" at position 0 in state STOP"
adaptive-derived-resources-no-chain,interactive-short-7,short,7,1,0,0,0,d41d8cd98f00b204e9800998ecf8427e,300110,0.0,,0,,,True,timeout,True,True,"Unexpected ""!"" at position 0 in state STOP"
adaptive-derived-resources-no-chain,interactive-short-7,short,7,2,0,0,0,d41d8cd98f00b204e9800998ecf8427e,300111,0.0,,0,,,True,timeout,True,True,"Unexpected ""!"" at position 0 in state STOP"
adaptive-derived-resources-no-chain,interactive-short-7,short,7,3,0,0,0,d41d8cd98f00b204e9800998ecf8427e,300062,0.0,,0,,,True,timeout,True,True,"Unexpected ""!"" at position 0 in state STOP"
adaptive-derived-resources-no-chain,interactive-short-7,short,7,4,0,0,0,d41d8cd98f00b204e9800998ecf8427e,300112,0.0,,0,,,True,timeout,True,True,"Unexpected ""!"" at position 0 in state STOP"
adaptive-derived-resources-no-chain,interactive-short-7,short,7,0,1,0,0,d41d8cd98f00b204e9800998ecf8427e,300110,0.0,,0,,,True,timeout,True,True,"Unexpected ""!"" at position 0 in state STOP"
adaptive-derived-resources-no-chain,interactive-short-7,short,7,1,1,0,0,d41d8cd98f00b204e9800998ecf8427e,300090,0.0,,0,,,True,timeout,True,True,"Unexpected ""!"" at position 0 in state STOP"
adaptive-derived-resources-no-chain,interactive-short-7,short,7,2,1,0,0,d41d8cd98f00b204e9800998ecf8427e,300109,0.0,,0,,,True,timeout,True,True,"Unexpected ""!"" at position 0 in state STOP"
adaptive-derived-resources-no-chain,interactive-short-7,short,7,3,1,0,0,d41d8cd98f00b204e9800998ecf8427e,300111,0.0,,0,,,True,timeout,True,True,"Unexpected ""!"" at position 0 in state STOP"
adaptive-derived-resources-no-chain,interactive-short-7,short,7,4,1,0,0,d41d8cd98f00b204e9800998ecf8427e,300112,0.0,,0,,,True,timeout,True,True,"Unexpected ""!"" at position 0 in state STOP"
adaptive-derived-resources-no-chain,interactive-short-7,short,7,0,2,0,0,d41d8cd98f00b204e9800998ecf8427e,300037,0.0,,0,,,True,timeout,True,True,"Unexpected ""!"" at position 0 in state STOP"
adaptive-derived-resources-no-chain,interactive-short-7,short,7,1,2,0,0,d41d8cd98f00b204e9800998ecf8427e,300111,0.0,,0,,,True,timeout,True,True,"Unexpected ""!"" at position 0 in state STOP"
adaptive-derived-resources-no-chain,interactive-short-7,short,7,2,2,0,0,d41d8cd98f00b204e9800998ecf8427e,300090,0.0,,0,,,True,timeout,True,True,"Unexpected ""!"" at position 0 in state STOP"
adaptive-derived-resources-no-chain,interactive-short-7,short,7,3,2,0,0,d41d8cd98f00b204e9800998ecf8427e,300110,0.0,,0,,,True,timeout,True,True,"Unexpected ""!"" at position 0 in state STOP"
adaptive-derived-resources-no-chain,interactive-short-7,short,7,4,2,0,0,d41d8cd98f00b204e9800998ecf8427e,300039,0.0,,0,,,True,timeout,True,True,"Unexpected ""!"" at position 0 in state STOP"
adaptive-derived-resources-no-chain,interactive-short-7,short,7,0,3,0,0,d41d8cd98f00b204e9800998ecf8427e,300113,0.0,,0,,,True,timeout,True,True,"Unexpected ""!"" at position 0 in state STOP"
adaptive-derived-resources-no-chain,interactive-short-7,short,7,1,3,0,0,d41d8cd98f00b204e9800998ecf8427e,300111,0.0,,0,,,True,timeout,True,True,"Unexpected ""!"" at position 0 in state STOP"
adaptive-derived-resources-no-chain,interactive-short-7,short,7,2,3,0,0,d41d8cd98f00b204e9800998ecf8427e,300112,0.0,,0,,,True,timeout,True,True,"Unexpected ""!"" at position 0 in state STOP"
adaptive-derived-resources-no-chain,interactive-short-7,short,7,3,3,0,0,d41d8cd98f00b204e9800998ecf8427e,300112,0.0,,0,,,True,timeout,True,True,"Unexpected ""!"" at position 0 in state STOP"
adaptive-derived-resources-no-chain,interactive-short-7,short,7,4,3,0,0,d41d8cd98f00b204e9800998ecf8427e,300111,0.0,,0,,,True,timeout,True,True,"Unexpected ""!"" at position 0 in state STOP"
adaptive-derived-resources-no-chain,interactive-short-7,short,7,0,4,0,0,d41d8cd98f00b204e9800998ecf8427e,300132,0.0,,0,,,True,timeout,True,True,"Unexpected ""!"" at position 0 in state STOP"
adaptive-derived-resources-no-chain,interactive-short-7,short,7,1,4,0,0,d41d8cd98f00b204e9800998ecf8427e,300113,0.0,,0,,,True,timeout,True,True,"Unexpected ""!"" at position 0 in state STOP"
adaptive-derived-resources-no-chain,interactive-short-7,short,7,2,4,0,0,d41d8cd98f00b204e9800998ecf8427e,300112,0.0,,0,,,True,timeout,True,True,"Unexpected ""!"" at position 0 in state STOP"
adaptive-derived-resources-no-chain,interactive-short-7,short,7,3,4,0,0,d41d8cd98f00b204e9800998ecf8427e,300444,0.0,,0,,,True,timeout,True,True,"Unexpected ""!"" at position 0 in state STOP"
adaptive-derived-resources-no-chain,interactive-short-7,short,7,4,4,0,0,d41d8cd98f00b204e9800998ecf8427e,300110,0.0,,0,,,True,timeout,True,True,"Unexpected ""!"" at position 0 in state STOP"
adaptive-derived-resources-no-chain,interactive-short-7,short,7,0,5,0,0,d41d8cd98f00b204e9800998ecf8427e,300111,0.0,,0,,,True,timeout,True,True,"Unexpected ""!"" at position 0 in state STOP"
adaptive-derived-resources-no-chain,interactive-short-7,short,7,1,5,0,0,d41d8cd98f00b204e9800998ecf8427e,300056,0.0,,0,,,True,timeout,True,True,"Unexpected ""!"" at position 0 in state STOP"
adaptive-derived-resources-no-chain,interactive-short-7,short,7,2,5,0,0,d41d8cd98f00b204e9800998ecf8427e,300111,0.0,,0,,,True,timeout,True,True,"Unexpected ""!"" at position 0 in state STOP"
adaptive-derived-resources-no-chain,interactive-short-7,short,7,3,5,0,0,d41d8cd98f00b204e9800998ecf8427e,300112,0.0,,0,,,True,timeout,True,True,"Unexpected ""!"" at position 0 in state STOP"
adaptive-derived-resources-no-chain,interactive-short-7,short,7,4,5,0,0,d41d8cd98f00b204e9800998ecf8427e,300093,0.0,,0,,,True,timeout,True,True,"Unexpected ""!"" at position 0 in state STOP"
adaptive-derived-resources-pattern-only,interactive-discover-1,discover,1,0,0,6,6,d632b8166f912f4afd062d64186f2dc6,4935,1.2158054711246202,96.0,6,3880,4083,False,ok,False,False,
adaptive-derived-resources-pattern-only,interactive-discover-1,discover,1,1,0,4,4,e00f199d535cd1710bf9be67f04f39e4,2203,1.8157058556513845,32.0,4,1889,1890,False,ok,False,False,
adaptive-derived-resources-pattern-only,interactive-discover-1,discover,1,2,0,1,1,c4499554f796e968a069e67a8f5d9d1c,1910,0.5235602094240838,32.0,1,1618,1618,False,ok,False,False,
adaptive-derived-resources-pattern-only,interactive-discover-1,discover,1,3,0,14,14,6c0a9fe8be642ee232c10c9996912b97,1891,7.4034902168164995,34.0,14,1527,1648,False,ok,False,False,
adaptive-derived-resources-pattern-only,interactive-discover-1,discover,1,4,0,8,8,7536d3a2c1abc2a9ac92b1860efa3282,2376,3.367003367003367,84.0,8,1519,1536,False,ok,False,False,
adaptive-derived-resources-pattern-only,interactive-discover-1,discover,1,0,1,6,6,d632b8166f912f4afd062d64186f2dc6,2041,2.939735423811857,96.0,6,1260,1544,False,ok,False,False,
adaptive-derived-resources-pattern-only,interactive-discover-1,discover,1,1,1,4,4,e00f199d535cd1710bf9be67f04f39e4,1403,2.851033499643621,32.0,4,939,939,False,ok,False,False,
adaptive-derived-resources-pattern-only,interactive-discover-1,discover,1,2,1,1,1,c4499554f796e968a069e67a8f5d9d1c,1198,0.8347245409015025,32.0,1,1010,1010,False,ok,False,False,
adaptive-derived-resources-pattern-only,interactive-discover-1,discover,1,3,1,14,14,6c0a9fe8be642ee232c10c9996912b97,1240,11.290322580645162,34.0,14,965,1013,False,ok,False,False,
adaptive-derived-resources-pattern-only,interactive-discover-1,discover,1,4,1,8,8,7536d3a2c1abc2a9ac92b1860efa3282,1731,4.62160600808781,84.0,8,1082,1091,False,ok,False,False,
adaptive-derived-resources-pattern-only,interactive-discover-1,discover,1,0,2,6,6,d632b8166f912f4afd062d64186f2dc6,1871,3.206841261357563,96.0,6,952,1067,False,ok,False,False,
adaptive-derived-resources-pattern-only,interactive-discover-1,discover,1,1,2,4,4,e00f199d535cd1710bf9be67f04f39e4,1199,3.3361134278565467,32.0,4,981,981,False,ok,False,False,
adaptive-derived-resources-pattern-only,interactive-discover-1,discover,1,2,2,1,1,c4499554f796e968a069e67a8f5d9d1c,1223,0.8176614881439084,32.0,1,991,991,False,ok,False,False,
adaptive-derived-resources-pattern-only,interactive-discover-1,discover,1,3,2,14,14,6c0a9fe8be642ee232c10c9996912b97,1263,11.084718923198734,34.0,14,1052,1067,False,ok,False,False,
adaptive-derived-resources-pattern-only,interactive-discover-1,discover,1,4,2,8,8,7536d3a2c1abc2a9ac92b1860efa3282,1841,4.345464421510049,84.0,8,1241,1254,False,ok,False,False,
adaptive-derived-resources-pattern-only,interactive-discover-1,discover,1,0,3,6,6,d632b8166f912f4afd062d64186f2dc6,1800,3.333333333333333,96.0,6,1016,1159,False,ok,False,False,
adaptive-derived-resources-pattern-only,interactive-discover-1,discover,1,1,3,4,4,e00f199d535cd1710bf9be67f04f39e4,1250,3.2,32.0,4,1038,1039,False,ok,False,False,
adaptive-derived-resources-pattern-only,interactive-discover-1,discover,1,2,3,1,1,c4499554f796e968a069e67a8f5d9d1c,1179,0.8481764206955046,32.0,1,908,908,False,ok,False,False,
adaptive-derived-resources-pattern-only,interactive-discover-1,discover,1,3,3,14,14,6c0a9fe8be642ee232c10c9996912b97,1172,11.945392491467578,34.0,14,963,981,False,ok,False,False,
adaptive-derived-resources-pattern-only,interactive-discover-1,discover,1,4,3,8,8,7536d3a2c1abc2a9ac92b1860efa3282,1653,4.839685420447671,84.0,8,942,945,False,ok,False,False,
adaptive-derived-resources-pattern-only,interactive-discover-1,discover,1,0,4,6,6,d632b8166f912f4afd062d64186f2dc6,1872,3.205128205128205,96.0,6,1064,1160,False,ok,False,False,
adaptive-derived-resources-pattern-only,interactive-discover-1,discover,1,1,4,4,4,e00f199d535cd1710bf9be67f04f39e4,1190,3.361344537815126,32.0,4,990,990,False,ok,False,False,
adaptive-derived-resources-pattern-only,interactive-discover-1,discover,1,2,4,1,1,c4499554f796e968a069e67a8f5d9d1c,1193,0.8382229673093042,32.0,1,907,907,False,ok,False,False,
adaptive-derived-resources-pattern-only,interactive-discover-1,discover,1,3,4,14,14,6c0a9fe8be642ee232c10c9996912b97,1288,10.869565217391305,34.0,14,939,1173,False,ok,False,False,
adaptive-derived-resources-pattern-only,interactive-discover-1,discover,1,4,4,8,8,7536d3a2c1abc2a9ac92b1860efa3282,1832,4.366812227074235,84.0,8,1119,1129,False,ok,False,False,
adaptive-derived-resources-pattern-only,interactive-discover-1,discover,1,0,5,6,6,d632b8166f912f4afd062d64186f2dc6,1722,3.4843205574912894,96.0,6,1062,1140,False,ok,False,False,
adaptive-derived-resources-pattern-only,interactive-discover-1,discover,1,1,5,4,4,e00f199d535cd1710bf9be67f04f39e4,1204,3.3222591362126246,32.0,4,887,887,False,ok,False,False,
adaptive-derived-resources-pattern-only,interactive-discover-1,discover,1,2,5,1,1,c4499554f796e968a069e67a8f5d9d1c,1168,0.8561643835616439,32.0,1,969,969,False,ok,False,False,
adaptive-derived-resources-pattern-only,interactive-discover-1,discover,1,3,5,14,14,6c0a9fe8be642ee232c10c9996912b97,1257,11.137629276054097,34.0,14,1000,1070,False,ok,False,False,
adaptive-derived-resources-pattern-only,interactive-discover-1,discover,1,4,5,8,8,7536d3a2c1abc2a9ac92b1860efa3282,1606,4.9813200498132,84.0,8,943,952,False,ok,False,False,
adaptive-derived-resources-pattern-only,interactive-discover-2,discover,2,0,0,66,66,18ff3becda1d7305aaa0da5860ca7511,1648,40.04854368932039,97.0,66,923,1116,False,ok,False,False,
adaptive-derived-resources-pattern-only,interactive-discover-2,discover,2,1,0,46,46,f6a5ba863b07324a44f8e492bf9ab0e1,1273,36.1351139041634,33.0,46,1023,1036,False,ok,False,False,
adaptive-derived-resources-pattern-only,interactive-discover-2,discover,2,2,0,32,32,113587781a953fec190d8e3339b06c26,1269,25.2167060677699,33.0,32,1065,1077,False,ok,False,False,
adaptive-derived-resources-pattern-only,interactive-discover-2,discover,2,3,0,198,198,23320e2cdf40e8165aa7fdff74171184,1311,151.02974828375287,35.0,198,1066,1167,False,ok,False,False,
adaptive-derived-resources-pattern-only,interactive-discover-2,discover,2,4,0,98,98,a7ea80830c1f3358609f53e0ce62fd9a,1719,57.009889470622454,85.0,98,1013,1098,False,ok,False,False,
adaptive-derived-resources-pattern-only,interactive-discover-2,discover,2,0,1,66,66,18ff3becda1d7305aaa0da5860ca7511,1753,37.64974329720479,97.0,66,1064,1158,False,ok,False,False,
adaptive-derived-resources-pattern-only,interactive-discover-2,discover,2,1,1,46,46,f6a5ba863b07324a44f8e492bf9ab0e1,1224,37.58169934640523,33.0,46,1006,1021,False,ok,False,False,
adaptive-derived-resources-pattern-only,interactive-discover-2,discover,2,2,1,32,32,113587781a953fec190d8e3339b06c26,1204,26.578073089700997,33.0,32,936,945,False,ok,False,False,
adaptive-derived-resources-pattern-only,interactive-discover-2,discover,2,3,1,198,198,23320e2cdf40e8165aa7fdff74171184,1225,161.6326530612245,35.0,198,956,1041,False,ok,False,False,
adaptive-derived-resources-pattern-only,interactive-discover-2,discover,2,4,1,98,98,a7ea80830c1f3358609f53e0ce62fd9a,1827,53.63984674329502,85.0,98,1224,1458,False,ok,False,False,
adaptive-derived-resources-pattern-only,interactive-discover-2,discover,2,0,2,66,66,18ff3becda1d7305aaa0da5860ca7511,1659,39.78300180831826,97.0,66,990,1004,False,ok,False,False,
adaptive-derived-resources-pattern-only,interactive-discover-2,discover,2,1,2,46,46,f6a5ba863b07324a44f8e492bf9ab0e1,1218,37.76683087027914,33.0,46,965,976,False,ok,False,False,
adaptive-derived-resources-pattern-only,interactive-discover-2,discover,2,2,2,32,32,113587781a953fec190d8e3339b06c26,1191,26.86817800167926,33.0,32,890,900,False,ok,False,False,
adaptive-derived-resources-pattern-only,interactive-discover-2,discover,2,3,2,198,198,23320e2cdf40e8165aa7fdff74171184,1735,114.12103746397693,35.0,198,1426,1480,False,ok,False,False,
adaptive-derived-resources-pattern-only,interactive-discover-2,discover,2,4,2,98,98,a7ea80830c1f3358609f53e0ce62fd9a,1646,59.53827460510328,85.0,98,1077,1202,False,ok,False,False,
adaptive-derived-resources-pattern-only,interactive-discover-2,discover,2,0,3,66,66,18ff3becda1d7305aaa0da5860ca7511,1732,38.10623556581986,97.0,66,1005,1023,False,ok,False,False,
adaptive-derived-resources-pattern-only,interactive-discover-2,discover,2,1,3,46,46,f6a5ba863b07324a44f8e492bf9ab0e1,1180,38.983050847457626,33.0,46,947,958,False,ok,False,False,
adaptive-derived-resources-pattern-only,interactive-discover-2,discover,2,2,3,32,32,113587781a953fec190d8e3339b06c26,1183,27.049873203719358,33.0,32,910,921,False,ok,False,False,
adaptive-derived-resources-pattern-only,interactive-discover-2,discover,2,3,3,198,198,23320e2cdf40e8165aa7fdff74171184,1270,155.90551181102362,35.0,198,968,1021,False,ok,False,False,
adaptive-derived-resources-pattern-only,interactive-discover-2,discover,2,4,3,98,98,a7ea80830c1f3358609f53e0ce62fd9a,1723,56.877539175856064,85.0,98,1059,1590,False,ok,False,False,
adaptive-derived-resources-pattern-only,interactive-discover-2,discover,2,0,4,66,66,18ff3becda1d7305aaa0da5860ca7511,1728,38.19444444444444,97.0,66,1059,1131,False,ok,False,False,
adaptive-derived-resources-pattern-only,interactive-discover-2,discover,2,1,4,46,46,f6a5ba863b07324a44f8e492bf9ab0e1,1226,37.52039151712888,33.0,46,939,952,False,ok,False,False,
adaptive-derived-resources-pattern-only,interactive-discover-2,discover,2,2,4,32,32,113587781a953fec190d8e3339b06c26,1168,27.397260273972606,33.0,32,964,979,False,ok,False,False,
adaptive-derived-resources-pattern-only,interactive-discover-2,discover,2,3,4,198,198,23320e2cdf40e8165aa7fdff74171184,1206,164.17910447761196,35.0,198,953,1026,False,ok,False,False,
adaptive-derived-resources-pattern-only,interactive-discover-2,discover,2,4,4,98,98,a7ea80830c1f3358609f53e0ce62fd9a,1581,61.98608475648324,85.0,98,1037,1088,False,ok,False,False,
adaptive-derived-resources-pattern-only,interactive-discover-2,discover,2,0,5,66,66,18ff3becda1d7305aaa0da5860ca7511,1682,39.239001189060644,97.0,66,1034,1104,False,ok,False,False,
adaptive-derived-resources-pattern-only,interactive-discover-2,discover,2,1,5,46,46,f6a5ba863b07324a44f8e492bf9ab0e1,1214,37.89126853377265,33.0,46,989,1007,False,ok,False,False,
adaptive-derived-resources-pattern-only,interactive-discover-2,discover,2,2,5,32,32,113587781a953fec190d8e3339b06c26,1176,27.2108843537415,33.0,32,929,935,False,ok,False,False,
adaptive-derived-resources-pattern-only,interactive-discover-2,discover,2,3,5,198,198,23320e2cdf40e8165aa7fdff74171184,1254,157.89473684210526,35.0,198,1005,1080,False,ok,False,False,
adaptive-derived-resources-pattern-only,interactive-discover-2,discover,2,4,5,98,98,a7ea80830c1f3358609f53e0ce62fd9a,1622,60.41923551171393,85.0,98,1060,1128,False,ok,False,False,
adaptive-derived-resources-pattern-only,interactive-discover-3,discover,3,0,0,68,68,e9f9c6f077dd7a85180d21221150597a,98780,0.688398461226969,345.0,68,98779,98780,False,ok,False,False,
adaptive-derived-resources-pattern-only,interactive-discover-3,discover,3,1,0,66,66,bf39c452faf678539dd6bec9f8931c5e,96006,0.687457033935379,285.0,66,96004,96006,False,ok,False,False,
adaptive-derived-resources-pattern-only,interactive-discover-3,discover,3,2,0,54,54,c6f1026b5b378b95fed1b609efe82a86,79943,0.6754812804122938,197.0,54,79941,79942,False,ok,False,False,
adaptive-derived-resources-pattern-only,interactive-discover-3,discover,3,3,0,196,196,3103aacb8c0b38645fd73f8b05191c84,160349,1.2223337844327062,443.0,196,160344,160348,False,ok,False,False,
adaptive-derived-resources-pattern-only,interactive-discover-3,discover,3,4,0,137,137,922f2cfc8273304ad1f823de44367223,113869,1.2031369380604027,383.0,137,113866,113868,False,ok,False,False,
adaptive-derived-resources-pattern-only,interactive-discover-3,discover,3,0,1,68,68,e9f9c6f077dd7a85180d21221150597a,99944,0.6803810133674858,345.0,68,99937,99943,False,ok,False,False,
adaptive-derived-resources-pattern-only,interactive-discover-3,discover,3,1,1,66,66,bf39c452faf678539dd6bec9f8931c5e,96534,0.6836969357946423,285.0,66,96530,96533,False,ok,False,False,
adaptive-derived-resources-pattern-only,interactive-discover-3,discover,3,2,1,54,54,c6f1026b5b378b95fed1b609efe82a86,80925,0.6672845227062095,197.0,54,80922,80924,False,ok,False,False,
adaptive-derived-resources-pattern-only,interactive-discover-3,discover,3,3,1,196,196,3103aacb8c0b38645fd73f8b05191c84,161786,1.2114768892240366,443.0,196,161781,161785,False,ok,False,False,
adaptive-derived-resources-pattern-only,interactive-discover-3,discover,3,4,1,137,137,922f2cfc8273304ad1f823de44367223,114522,1.1962766979270358,383.0,137,114518,114521,False,ok,False,False,
adaptive-derived-resources-pattern-only,interactive-discover-3,discover,3,0,2,68,68,e9f9c6f077dd7a85180d21221150597a,101143,0.6723154345827195,345.0,68,101138,101142,False,ok,False,False,
adaptive-derived-resources-pattern-only,interactive-discover-3,discover,3,1,2,66,66,bf39c452faf678539dd6bec9f8931c5e,99238,0.6650678167637397,285.0,66,99236,99237,False,ok,False,False,
adaptive-derived-resources-pattern-only,interactive-discover-3,discover,3,2,2,54,54,c6f1026b5b378b95fed1b609efe82a86,80147,0.6737619623941008,197.0,54,80146,80147,False,ok,False,False,
adaptive-derived-resources-pattern-only,interactive-discover-3,discover,3,3,2,196,196,3103aacb8c0b38645fd73f8b05191c84,155573,1.2598587158440089,443.0,196,155569,155572,False,ok,False,False,
adaptive-derived-resources-pattern-only,interactive-discover-3,discover,3,4,2,137,137,922f2cfc8273304ad1f823de44367223,113037,1.2119925334182613,383.0,137,113033,113036,False,ok,False,False,
adaptive-derived-resources-pattern-only,interactive-discover-3,discover,3,0,3,68,68,e9f9c6f077dd7a85180d21221150597a,96979,0.7011827302818135,345.0,68,96975,96976,False,ok,False,False,
adaptive-derived-resources-pattern-only,interactive-discover-3,discover,3,1,3,66,66,bf39c452faf678539dd6bec9f8931c5e,97193,0.6790612492669226,285.0,66,97191,97192,False,ok,False,False,
adaptive-derived-resources-pattern-only,interactive-discover-3,discover,3,2,3,54,54,c6f1026b5b378b95fed1b609efe82a86,79281,0.681121580202066,197.0,54,79279,79280,False,ok,False,False,
adaptive-derived-resources-pattern-only,interactive-discover-3,discover,3,3,3,196,196,3103aacb8c0b38645fd73f8b05191c84,159920,1.2256128064032017,443.0,196,159909,159919,False,ok,False,False,
adaptive-derived-resources-pattern-only,interactive-discover-3,discover,3,4,3,137,137,922f2cfc8273304ad1f823de44367223,114890,1.1924449473409349,383.0,137,114879,114889,False,ok,False,False,
adaptive-derived-resources-pattern-only,interactive-discover-3,discover,3,0,4,68,68,e9f9c6f077dd7a85180d21221150597a,97086,0.7004099458212306,345.0,68,97081,97085,False,ok,False,False,
adaptive-derived-resources-pattern-only,interactive-discover-3,discover,3,1,4,66,66,bf39c452faf678539dd6bec9f8931c5e,96827,0.6816280582895267,285.0,66,96825,96826,False,ok,False,False,
adaptive-derived-resources-pattern-only,interactive-discover-3,discover,3,2,4,54,54,c6f1026b5b378b95fed1b609efe82a86,71501,0.7552341925287758,197.0,54,71499,71500,False,ok,False,False,
adaptive-derived-resources-pattern-only,interactive-discover-3,discover,3,3,4,196,196,3103aacb8c0b38645fd73f8b05191c84,160929,1.2179284032088684,443.0,196,160919,160928,False,ok,False,False,
adaptive-derived-resources-pattern-only,interactive-discover-3,discover,3,4,4,137,137,922f2cfc8273304ad1f823de44367223,115776,1.1833195135433943,383.0,137,115770,115775,False,ok,False,False,
adaptive-derived-resources-pattern-only,interactive-discover-3,discover,3,0,5,68,68,e9f9c6f077dd7a85180d21221150597a,99156,0.6857880511517205,345.0,68,99153,99154,False,ok,False,False,
adaptive-derived-resources-pattern-only,interactive-discover-3,discover,3,1,5,66,66,bf39c452faf678539dd6bec9f8931c5e,96528,0.6837394331178518,285.0,66,96524,96527,False,ok,False,False,
adaptive-derived-resources-pattern-only,interactive-discover-3,discover,3,2,5,54,54,c6f1026b5b378b95fed1b609efe82a86,78862,0.6847404326545105,197.0,54,78860,78861,False,ok,False,False,
adaptive-derived-resources-pattern-only,interactive-discover-3,discover,3,3,5,196,196,3103aacb8c0b38645fd73f8b05191c84,157007,1.2483519843064321,443.0,196,156999,157006,False,ok,False,False,
adaptive-derived-resources-pattern-only,interactive-discover-3,discover,3,4,5,137,137,922f2cfc8273304ad1f823de44367223,115170,1.1895458886862897,383.0,137,115165,115169,False,ok,False,False,
adaptive-derived-resources-pattern-only,interactive-discover-4,discover,4,0,0,5,5,3112eede040aaa01aedc457789eed356,2353,2.1249468763280914,127.0,5,2353,2353,False,ok,False,False,
adaptive-derived-resources-pattern-only,interactive-discover-4,discover,4,1,0,3,3,cd6f381a6281527b1dbda2f21a1a702a,1262,2.3771790808240887,39.0,3,1261,1261,False,ok,False,False,
adaptive-derived-resources-pattern-only,interactive-discover-4,discover,4,2,0,3,3,ed1ebad4adf97e9e94be0ca88af2d8bb,1233,2.4330900243309,39.0,3,1231,1232,False,ok,False,False,
adaptive-derived-resources-pattern-only,interactive-discover-4,discover,4,3,0,3,3,16a10be88d7ff874026ce66a4e993ecb,1319,2.2744503411675514,43.0,3,1318,1318,False,ok,False,False,
adaptive-derived-resources-pattern-only,interactive-discover-4,discover,4,4,0,7,7,d0ef3bb68aa278a8f97f329adee97dd8,2014,3.4756703078450846,123.0,7,2013,2014,False,ok,False,False,
adaptive-derived-resources-pattern-only,interactive-discover-4,discover,4,0,1,5,5,3112eede040aaa01aedc457789eed356,2031,2.461841457410143,127.0,5,2030,2030,False,ok,False,False,
adaptive-derived-resources-pattern-only,interactive-discover-4,discover,4,1,1,3,3,cd6f381a6281527b1dbda2f21a1a702a,1187,2.527379949452401,39.0,3,1186,1186,False,ok,False,False,
adaptive-derived-resources-pattern-only,interactive-discover-4,discover,4,2,1,3,3,ed1ebad4adf97e9e94be0ca88af2d8bb,1160,2.586206896551724,39.0,3,1159,1160,False,ok,False,False,
adaptive-derived-resources-pattern-only,interactive-discover-4,discover,4,3,1,3,3,16a10be88d7ff874026ce66a4e993ecb,1303,2.3023791250959325,43.0,3,1302,1302,False,ok,False,False,
adaptive-derived-resources-pattern-only,interactive-discover-4,discover,4,4,1,7,7,d0ef3bb68aa278a8f97f329adee97dd8,1858,3.7674919268030136,123.0,7,1857,1857,False,ok,False,False,
adaptive-derived-resources-pattern-only,interactive-discover-4,discover,4,0,2,5,5,3112eede040aaa01aedc457789eed356,2035,2.457002457002457,127.0,5,2034,2034,False,ok,False,False,
adaptive-derived-resources-pattern-only,interactive-discover-4,discover,4,1,2,3,3,cd6f381a6281527b1dbda2f21a1a702a,1152,2.604166666666667,39.0,3,1151,1151,False,ok,False,False,
adaptive-derived-resources-pattern-only,interactive-discover-4,discover,4,2,2,3,3,ed1ebad4adf97e9e94be0ca88af2d8bb,1185,2.531645569620253,39.0,3,1184,1184,False,ok,False,False,
adaptive-derived-resources-pattern-only,interactive-discover-4,discover,4,3,2,3,3,16a10be88d7ff874026ce66a4e993ecb,1238,2.4232633279483036,43.0,3,1237,1237,False,ok,False,False,
adaptive-derived-resources-pattern-only,interactive-discover-4,discover,4,4,2,7,7,d0ef3bb68aa278a8f97f329adee97dd8,1934,3.6194415718717683,123.0,7,1933,1934,False,ok,False,False,
adaptive-derived-resources-pattern-only,interactive-discover-4,discover,4,0,3,5,5,3112eede040aaa01aedc457789eed356,2032,2.4606299212598426,127.0,5,2031,2031,False,ok,False,False,
adaptive-derived-resources-pattern-only,interactive-discover-4,discover,4,1,3,3,3,cd6f381a6281527b1dbda2f21a1a702a,1184,2.5337837837837838,39.0,3,1183,1183,False,ok,False,False,
adaptive-derived-resources-pattern-only,interactive-discover-4,discover,4,2,3,3,3,ed1ebad4adf97e9e94be0ca88af2d8bb,1199,2.5020850708924103,39.0,3,1198,1199,False,ok,False,False,
adaptive-derived-resources-pattern-only,interactive-discover-4,discover,4,3,3,3,3,16a10be88d7ff874026ce66a4e993ecb,1308,2.293577981651376,43.0,3,1307,1307,False,ok,False,False,
adaptive-derived-resources-pattern-only,interactive-discover-4,discover,4,4,3,7,7,d0ef3bb68aa278a8f97f329adee97dd8,2287,3.060778312199388,123.0,7,2287,2287,False,ok,False,False,
adaptive-derived-resources-pattern-only,interactive-discover-4,discover,4,0,4,5,5,3112eede040aaa01aedc457789eed356,2028,2.465483234714004,127.0,5,2027,2027,False,ok,False,False,
adaptive-derived-resources-pattern-only,interactive-discover-4,discover,4,1,4,3,3,cd6f381a6281527b1dbda2f21a1a702a,1223,2.452984464431725,39.0,3,1222,1222,False,ok,False,False,
adaptive-derived-resources-pattern-only,interactive-discover-4,discover,4,2,4,3,3,ed1ebad4adf97e9e94be0ca88af2d8bb,1179,2.544529262086514,39.0,3,1178,1178,False,ok,False,False,
adaptive-derived-resources-pattern-only,interactive-discover-4,discover,4,3,4,3,3,16a10be88d7ff874026ce66a4e993ecb,1293,2.320185614849188,43.0,3,1292,1292,False,ok,False,False,
adaptive-derived-resources-pattern-only,interactive-discover-4,discover,4,4,4,7,7,d0ef3bb68aa278a8f97f329adee97dd8,1983,3.530005042864347,123.0,7,1982,1983,False,ok,False,False,
adaptive-derived-resources-pattern-only,interactive-discover-4,discover,4,0,5,5,5,3112eede040aaa01aedc457789eed356,1890,2.6455026455026456,127.0,5,1890,1890,False,ok,False,False,
adaptive-derived-resources-pattern-only,interactive-discover-4,discover,4,1,5,3,3,cd6f381a6281527b1dbda2f21a1a702a,1163,2.5795356835769563,39.0,3,1163,1163,False,ok,False,False,
adaptive-derived-resources-pattern-only,interactive-discover-4,discover,4,2,5,3,3,ed1ebad4adf97e9e94be0ca88af2d8bb,1170,2.5641025641025643,39.0,3,1169,1169,False,ok,False,False,
adaptive-derived-resources-pattern-only,interactive-discover-4,discover,4,3,5,3,3,16a10be88d7ff874026ce66a4e993ecb,1199,2.5020850708924103,43.0,3,1198,1198,False,ok,False,False,
adaptive-derived-resources-pattern-only,interactive-discover-4,discover,4,4,5,7,7,d0ef3bb68aa278a8f97f329adee97dd8,1997,3.505257886830245,123.0,7,1996,1996,False,ok,False,False,
adaptive-derived-resources-pattern-only,interactive-discover-5,discover,5,0,0,15,15,cab888487e7572de37a55f0e8c3ec060,1541,9.73393900064893,92.0,15,858,897,False,ok,False,False,
adaptive-derived-resources-pattern-only,interactive-discover-5,discover,5,1,0,3,3,7fc43bb183e4fb0238576536413c6c45,1072,2.798507462686567,28.0,3,845,852,False,ok,False,False,
adaptive-derived-resources-pattern-only,interactive-discover-5,discover,5,2,0,3,3,2543010e761cb36b6f0c3e103e58af43,1022,2.935420743639922,28.0,3,791,796,False,ok,False,False,
adaptive-derived-resources-pattern-only,interactive-discover-5,discover,5,3,0,4,4,76fc6cfa5c07ff3011e9f2d7ac2ae7e0,1078,3.7105751391465676,30.0,4,825,827,False,ok,False,False,
adaptive-derived-resources-pattern-only,interactive-discover-5,discover,5,4,0,20,20,880a30fb8a9114b4807acb78d9e7d141,1536,13.020833333333334,80.0,20,843,873,False,ok,False,False,
adaptive-derived-resources-pattern-only,interactive-discover-5,discover,5,0,1,15,15,cab888487e7572de37a55f0e8c3ec060,1619,9.264978381717109,92.0,15,762,794,False,ok,False,False,
adaptive-derived-resources-pattern-only,interactive-discover-5,discover,5,1,1,3,3,7fc43bb183e4fb0238576536413c6c45,1024,2.9296875,28.0,3,830,839,False,ok,False,False,
adaptive-derived-resources-pattern-only,interactive-discover-5,discover,5,2,1,3,3,2543010e761cb36b6f0c3e103e58af43,1031,2.9097963142580023,28.0,3,788,790,False,ok,False,False,
adaptive-derived-resources-pattern-only,interactive-discover-5,discover,5,3,1,4,4,76fc6cfa5c07ff3011e9f2d7ac2ae7e0,1044,3.8314176245210727,30.0,4,776,777,False,ok,False,False,
adaptive-derived-resources-pattern-only,interactive-discover-5,discover,5,4,1,20,20,880a30fb8a9114b4807acb78d9e7d141,1437,13.917884481558803,80.0,20,845,889,False,ok,False,False,
adaptive-derived-resources-pattern-only,interactive-discover-5,discover,5,0,2,15,15,cab888487e7572de37a55f0e8c3ec060,1519,9.874917709019092,92.0,15,861,901,False,ok,False,False,
adaptive-derived-resources-pattern-only,interactive-discover-5,discover,5,1,2,3,3,7fc43bb183e4fb0238576536413c6c45,1035,2.8985507246376816,28.0,3,767,771,False,ok,False,False,
adaptive-derived-resources-pattern-only,interactive-discover-5,discover,5,2,2,3,3,2543010e761cb36b6f0c3e103e58af43,1005,2.985074626865672,28.0,3,780,782,False,ok,False,False,
adaptive-derived-resources-pattern-only,interactive-discover-5,discover,5,3,2,4,4,76fc6cfa5c07ff3011e9f2d7ac2ae7e0,1047,3.8204393505253105,30.0,4,717,731,False,ok,False,False,
adaptive-derived-resources-pattern-only,interactive-discover-5,discover,5,4,2,20,20,880a30fb8a9114b4807acb78d9e7d141,1450,13.793103448275863,80.0,20,858,930,False,ok,False,False,
adaptive-derived-resources-pattern-only,interactive-discover-5,discover,5,0,3,15,15,cab888487e7572de37a55f0e8c3ec060,1542,9.727626459143968,92.0,15,856,898,False,ok,False,False,
adaptive-derived-resources-pattern-only,interactive-discover-5,discover,5,1,3,3,3,7fc43bb183e4fb0238576536413c6c45,1050,2.857142857142857,28.0,3,839,845,False,ok,False,False,
adaptive-derived-resources-pattern-only,interactive-discover-5,discover,5,2,3,3,3,2543010e761cb36b6f0c3e103e58af43,1011,2.967359050445104,28.0,3,812,816,False,ok,False,False,
adaptive-derived-resources-pattern-only,interactive-discover-5,discover,5,3,3,4,4,76fc6cfa5c07ff3011e9f2d7ac2ae7e0,1058,3.7807183364839316,30.0,4,832,847,False,ok,False,False,
adaptive-derived-resources-pattern-only,interactive-discover-5,discover,5,4,3,20,20,880a30fb8a9114b4807acb78d9e7d141,1447,13.8217000691085,80.0,20,845,883,False,ok,False,False,
adaptive-derived-resources-pattern-only,interactive-discover-5,discover,5,0,4,15,15,cab888487e7572de37a55f0e8c3ec060,1517,9.88793671720501,92.0,15,792,880,False,ok,False,False,
adaptive-derived-resources-pattern-only,interactive-discover-5,discover,5,1,4,3,3,7fc43bb183e4fb0238576536413c6c45,1056,2.840909090909091,28.0,3,777,781,False,ok,False,False,
adaptive-derived-resources-pattern-only,interactive-discover-5,discover,5,2,4,3,3,2543010e761cb36b6f0c3e103e58af43,1008,2.9761904761904763,28.0,3,739,743,False,ok,False,False,
adaptive-derived-resources-pattern-only,interactive-discover-5,discover,5,3,4,4,4,76fc6cfa5c07ff3011e9f2d7ac2ae7e0,1055,3.7914691943127963,30.0,4,840,859,False,ok,False,False,
adaptive-derived-resources-pattern-only,interactive-discover-5,discover,5,4,4,20,20,880a30fb8a9114b4807acb78d9e7d141,1492,13.404825737265416,80.0,20,888,925,False,ok,False,False,
adaptive-derived-resources-pattern-only,interactive-discover-5,discover,5,0,5,15,15,cab888487e7572de37a55f0e8c3ec060,1532,9.791122715404699,92.0,15,825,856,False,ok,False,False,
adaptive-derived-resources-pattern-only,interactive-discover-5,discover,5,1,5,3,3,7fc43bb183e4fb0238576536413c6c45,1014,2.9585798816568047,28.0,3,791,794,False,ok,False,False,
adaptive-derived-resources-pattern-only,interactive-discover-5,discover,5,2,5,3,3,2543010e761cb36b6f0c3e103e58af43,1040,2.8846153846153846,28.0,3,736,740,False,ok,False,False,
adaptive-derived-resources-pattern-only,interactive-discover-5,discover,5,3,5,4,4,76fc6cfa5c07ff3011e9f2d7ac2ae7e0,1068,3.745318352059925,30.0,4,830,853,False,ok,False,False,
adaptive-derived-resources-pattern-only,interactive-discover-5,discover,5,4,5,20,20,880a30fb8a9114b4807acb78d9e7d141,1384,14.450867052023122,80.0,20,773,809,False,ok,False,False,
adaptive-derived-resources-pattern-only,interactive-discover-6,discover,6,0,0,33,33,240c19f39eed1e3ac67718ff57b63a0d,142698,0.23125762098978261,11121.0,33,1000,1410,False,ok,False,False,
adaptive-derived-resources-pattern-only,interactive-discover-6,discover,6,1,0,1,1,cd3466cc43b32ce51d8f13d5516f2ef2,1208,0.8278145695364238,30.0,1,1096,1096,False,ok,False,False,
adaptive-derived-resources-pattern-only,interactive-discover-6,discover,6,2,0,1,1,29960679941029d6a70f26d6904d3728,1214,0.8237232289950577,30.0,1,1117,1117,False,ok,False,False,
adaptive-derived-resources-pattern-only,interactive-discover-6,discover,6,3,0,2,2,dda32920d34bcd8a1bf9ed13c89c4b4d,199782,0.01001091189396442,11119.0,2,1061,1136,False,ok,False,False,
adaptive-derived-resources-pattern-only,interactive-discover-6,discover,6,4,0,27,27,613936d3d666a311d54e99e3a8f9cdad,1831,14.74604041507373,82.0,27,1377,1667,False,ok,False,False,
adaptive-derived-resources-pattern-only,interactive-discover-6,discover,6,0,1,33,33,240c19f39eed1e3ac67718ff57b63a0d,164300,0.20085209981740718,11096.0,33,1211,1569,False,ok,False,False,
adaptive-derived-resources-pattern-only,interactive-discover-6,discover,6,1,1,1,1,cd3466cc43b32ce51d8f13d5516f2ef2,1140,0.8771929824561404,30.0,1,1040,1040,False,ok,False,False,
adaptive-derived-resources-pattern-only,interactive-discover-6,discover,6,2,1,1,1,29960679941029d6a70f26d6904d3728,1138,0.8787346221441126,30.0,1,1026,1026,False,ok,False,False,
adaptive-derived-resources-pattern-only,interactive-discover-6,discover,6,3,1,2,2,dda32920d34bcd8a1bf9ed13c89c4b4d,178240,0.011220825852782765,11100.0,2,1027,1116,False,ok,False,False,
adaptive-derived-resources-pattern-only,interactive-discover-6,discover,6,4,1,27,27,613936d3d666a311d54e99e3a8f9cdad,1655,16.31419939577039,82.0,27,1268,1510,False,ok,False,False,
adaptive-derived-resources-pattern-only,interactive-discover-6,discover,6,0,2,33,33,240c19f39eed1e3ac67718ff57b63a0d,165488,0.19941022914048148,11114.0,33,1241,1472,False,ok,False,False,
adaptive-derived-resources-pattern-only,interactive-discover-6,discover,6,1,2,1,1,cd3466cc43b32ce51d8f13d5516f2ef2,1124,0.889679715302491,30.0,1,1023,1023,False,ok,False,False,
adaptive-derived-resources-pattern-only,interactive-discover-6,discover,6,2,2,1,1,29960679941029d6a70f26d6904d3728,1077,0.9285051067780873,30.0,1,979,979,False,ok,False,False,
adaptive-derived-resources-pattern-only,interactive-discover-6,discover,6,3,2,2,2,dda32920d34bcd8a1bf9ed13c89c4b4d,173511,0.011526646725567831,11118.0,2,1014,1116,False,ok,False,False,
adaptive-derived-resources-pattern-only,interactive-discover-6,discover,6,4,2,27,27,613936d3d666a311d54e99e3a8f9cdad,1686,16.014234875444842,82.0,27,1254,1463,False,ok,False,False,
adaptive-derived-resources-pattern-only,interactive-discover-6,discover,6,0,3,33,33,240c19f39eed1e3ac67718ff57b63a0d,164687,0.20038011500604175,11056.0,33,1240,1488,False,ok,False,False,
adaptive-derived-resources-pattern-only,interactive-discover-6,discover,6,1,3,1,1,cd3466cc43b32ce51d8f13d5516f2ef2,1177,0.8496176720475785,30.0,1,1081,1081,False,ok,False,False,
adaptive-derived-resources-pattern-only,interactive-discover-6,discover,6,2,3,1,1,29960679941029d6a70f26d6904d3728,1139,0.8779631255487269,30.0,1,1031,1031,False,ok,False,False,
adaptive-derived-resources-pattern-only,interactive-discover-6,discover,6,3,3,2,2,dda32920d34bcd8a1bf9ed13c89c4b4d,175498,0.01139614126656714,11114.0,2,1011,1111,False,ok,False,False,
adaptive-derived-resources-pattern-only,interactive-discover-6,discover,6,4,3,27,27,613936d3d666a311d54e99e3a8f9cdad,2148,12.569832402234637,82.0,27,1734,1910,False,ok,False,False,
adaptive-derived-resources-pattern-only,interactive-discover-6,discover,6,0,4,33,33,240c19f39eed1e3ac67718ff57b63a0d,162656,0.20288215620696437,11094.0,33,1267,1509,False,ok,False,False,
adaptive-derived-resources-pattern-only,interactive-discover-6,discover,6,1,4,1,1,cd3466cc43b32ce51d8f13d5516f2ef2,1152,0.8680555555555556,30.0,1,1037,1037,False,ok,False,False,
adaptive-derived-resources-pattern-only,interactive-discover-6,discover,6,2,4,1,1,29960679941029d6a70f26d6904d3728,1098,0.9107468123861566,30.0,1,996,996,False,ok,False,False,
adaptive-derived-resources-pattern-only,interactive-discover-6,discover,6,3,4,2,2,dda32920d34bcd8a1bf9ed13c89c4b4d,169465,0.011801846989053786,11004.0,2,1101,1103,False,ok,False,False,
adaptive-derived-resources-pattern-only,interactive-discover-6,discover,6,4,4,27,27,613936d3d666a311d54e99e3a8f9cdad,1723,15.67034242600116,82.0,27,1251,1470,False,ok,False,False,
adaptive-derived-resources-pattern-only,interactive-discover-6,discover,6,0,5,33,33,240c19f39eed1e3ac67718ff57b63a0d,160473,0.20564207062870388,11110.0,33,1261,1504,False,ok,False,False,
adaptive-derived-resources-pattern-only,interactive-discover-6,discover,6,1,5,1,1,cd3466cc43b32ce51d8f13d5516f2ef2,1143,0.8748906386701663,30.0,1,1031,1031,False,ok,False,False,
adaptive-derived-resources-pattern-only,interactive-discover-6,discover,6,2,5,1,1,29960679941029d6a70f26d6904d3728,1120,0.8928571428571428,30.0,1,1006,1006,False,ok,False,False,
adaptive-derived-resources-pattern-only,interactive-discover-6,discover,6,3,5,2,2,dda32920d34bcd8a1bf9ed13c89c4b4d,174252,0.01147763009893717,11111.0,2,1059,1061,False,ok,False,False,
adaptive-derived-resources-pattern-only,interactive-discover-6,discover,6,4,5,27,27,613936d3d666a311d54e99e3a8f9cdad,1657,16.294508147254074,82.0,27,1253,1447,False,ok,False,False,
adaptive-derived-resources-pattern-only,interactive-discover-7,discover,7,0,0,2,2,d8614c4f7b4fe0cc2f1623d07244cf20,300105,0.006664334149714266,,2,1090,15485,True,timeout,True,False,"Unexpected ""!"" at position 0 in state STOP"
adaptive-derived-resources-pattern-only,interactive-discover-7,discover,7,1,0,1,1,75ab2bd12ac1e16dcc02f8c9e8d97308,1995,0.5012531328320802,31.0,1,1883,1883,False,ok,False,False,
adaptive-derived-resources-pattern-only,interactive-discover-7,discover,7,2,0,1,1,faf54113a5297c559416a2dd78b9cc86,1623,0.6161429451632778,31.0,1,1513,1513,False,ok,False,False,
adaptive-derived-resources-pattern-only,interactive-discover-7,discover,7,3,0,2,2,d2faccc09255b3a49e90b46ed45ffe1d,300016,0.006666311130073062,,2,1621,9218,True,timeout,True,False,"Unexpected ""!"" at position 0 in state STOP"
adaptive-derived-resources-pattern-only,interactive-discover-7,discover,7,4,0,1,1,3ee14484ce425fdbae40700cdd59c0d2,2632,0.37993920972644374,83.0,1,1860,1860,False,ok,False,False,
adaptive-derived-resources-pattern-only,interactive-discover-7,discover,7,0,1,2,2,d8614c4f7b4fe0cc2f1623d07244cf20,306684,0.006521370531230843,,2,1465,18404,True,timeout,True,False,"Unexpected ""!"" at position 0 in state STOP"
adaptive-derived-resources-pattern-only,interactive-discover-7,discover,7,1,1,1,1,75ab2bd12ac1e16dcc02f8c9e8d97308,1901,0.5260389268805892,31.0,1,1793,1793,False,ok,False,False,
adaptive-derived-resources-pattern-only,interactive-discover-7,discover,7,2,1,1,1,faf54113a5297c559416a2dd78b9cc86,1591,0.6285355122564426,31.0,1,1470,1470,False,ok,False,False,
adaptive-derived-resources-pattern-only,interactive-discover-7,discover,7,3,1,2,2,d2faccc09255b3a49e90b46ed45ffe1d,300015,0.006666333349999167,,2,1478,17335,True,timeout,True,False,"Unexpected ""!"" at position 0 in state STOP"
adaptive-derived-resources-pattern-only,interactive-discover-7,discover,7,4,1,1,1,3ee14484ce425fdbae40700cdd59c0d2,3878,0.25786487880350695,83.0,1,3219,3219,False,ok,False,False,
adaptive-derived-resources-pattern-only,interactive-discover-7,discover,7,0,2,2,2,d8614c4f7b4fe0cc2f1623d07244cf20,300009,0.006666466672666486,,2,1993,16241,True,timeout,True,False,"Unexpected ""!"" at position 0 in state STOP"
adaptive-derived-resources-pattern-only,interactive-discover-7,discover,7,1,2,1,1,75ab2bd12ac1e16dcc02f8c9e8d97308,1922,0.5202913631633715,31.0,1,1800,1800,False,ok,False,False,
adaptive-derived-resources-pattern-only,interactive-discover-7,discover,7,2,2,1,1,faf54113a5297c559416a2dd78b9cc86,1593,0.6277463904582549,31.0,1,1486,1486,False,ok,False,False,
adaptive-derived-resources-pattern-only,interactive-discover-7,discover,7,3,2,2,2,d2faccc09255b3a49e90b46ed45ffe1d,300008,0.006666488893629504,,2,1541,21813,True,timeout,True,False,"Unexpected ""!"" at position 0 in state STOP"
adaptive-derived-resources-pattern-only,interactive-discover-7,discover,7,4,2,1,1,3ee14484ce425fdbae40700cdd59c0d2,2592,0.38580246913580246,83.0,1,1927,1927,False,ok,False,False,
adaptive-derived-resources-pattern-only,interactive-discover-7,discover,7,0,3,2,2,d8614c4f7b4fe0cc2f1623d07244cf20,305843,0.0065393028449237025,,2,1722,13160,True,timeout,True,False,"Unexpected ""!"" at position 0 in state STOP"
adaptive-derived-resources-pattern-only,interactive-discover-7,discover,7,1,3,1,1,75ab2bd12ac1e16dcc02f8c9e8d97308,1940,0.5154639175257733,31.0,1,1836,1836,False,ok,False,False,
adaptive-derived-resources-pattern-only,interactive-discover-7,discover,7,2,3,1,1,faf54113a5297c559416a2dd78b9cc86,1582,0.6321112515802781,31.0,1,1479,1479,False,ok,False,False,
adaptive-derived-resources-pattern-only,interactive-discover-7,discover,7,3,3,2,2,d2faccc09255b3a49e90b46ed45ffe1d,300010,0.006666444451851605,,2,1143,17258,True,timeout,True,False,"Unexpected ""!"" at position 0 in state STOP"
adaptive-derived-resources-pattern-only,interactive-discover-7,discover,7,4,3,1,1,3ee14484ce425fdbae40700cdd59c0d2,3379,0.2959455460195324,83.0,1,2728,2728,False,ok,False,False,
adaptive-derived-resources-pattern-only,interactive-discover-7,discover,7,0,4,2,2,d8614c4f7b4fe0cc2f1623d07244cf20,300009,0.006666466672666486,,2,1523,12790,True,timeout,True,False,"Unexpected ""!"" at position 0 in state STOP"
adaptive-derived-resources-pattern-only,interactive-discover-7,discover,7,1,4,1,1,75ab2bd12ac1e16dcc02f8c9e8d97308,1981,0.5047955577990914,31.0,1,1863,1863,False,ok,False,False,
adaptive-derived-resources-pattern-only,interactive-discover-7,discover,7,2,4,1,1,faf54113a5297c559416a2dd78b9cc86,1614,0.6195786864931846,31.0,1,1511,1511,False,ok,False,False,
adaptive-derived-resources-pattern-only,interactive-discover-7,discover,7,3,4,2,2,d2faccc09255b3a49e90b46ed45ffe1d,300023,0.0066661555947377365,,2,1520,41515,True,timeout,True,False,"Unexpected ""!"" at position 0 in state STOP"
adaptive-derived-resources-pattern-only,interactive-discover-7,discover,7,4,4,1,1,3ee14484ce425fdbae40700cdd59c0d2,3926,0.25471217524197654,83.0,1,3232,3232,False,ok,False,False,
adaptive-derived-resources-pattern-only,interactive-discover-7,discover,7,0,5,2,2,d8614c4f7b4fe0cc2f1623d07244cf20,300009,0.006666466672666486,,2,1533,8487,True,timeout,True,False,"Unexpected ""!"" at position 0 in state STOP"
adaptive-derived-resources-pattern-only,interactive-discover-7,discover,7,1,5,1,1,75ab2bd12ac1e16dcc02f8c9e8d97308,5171,0.19338619222587505,31.0,1,4996,4996,False,ok,False,False,
adaptive-derived-resources-pattern-only,interactive-discover-7,discover,7,2,5,1,1,faf54113a5297c559416a2dd78b9cc86,2691,0.3716090672612412,31.0,1,2576,2576,False,ok,False,False,
adaptive-derived-resources-pattern-only,interactive-discover-7,discover,7,3,5,2,2,d2faccc09255b3a49e90b46ed45ffe1d,300015,0.006666333349999167,,2,1154,12255,True,timeout,True,False,"Unexpected ""!"" at position 0 in state STOP"
adaptive-derived-resources-pattern-only,interactive-discover-7,discover,7,4,5,1,1,3ee14484ce425fdbae40700cdd59c0d2,2763,0.3619254433586681,83.0,1,1903,1903,False,ok,False,False,
adaptive-derived-resources-pattern-only,interactive-discover-8,discover,8,0,0,10,10,e57dbe8986a5e3245c930c72a94f6a80,6300,1.5873015873015874,122.0,10,5374,6294,False,ok,False,False,
adaptive-derived-resources-pattern-only,interactive-discover-8,discover,8,1,0,10,10,af0ebbbe8500f4b123c96deae5cfc3a4,1610,6.211180124223602,38.0,10,1609,1609,False,ok,False,False,
adaptive-derived-resources-pattern-only,interactive-discover-8,discover,8,2,0,10,10,14c42de585383255e7cf3757fed29e2e,1328,7.53012048192771,30.0,10,1327,1327,False,ok,False,False,
adaptive-derived-resources-pattern-only,interactive-discover-8,discover,8,3,0,10,10,3a18f9bfc79b393d22deeeddfaec8c2e,2577,3.880481179666279,44.0,10,2464,2573,False,ok,False,False,
adaptive-derived-resources-pattern-only,interactive-discover-8,discover,8,4,0,10,10,edfc2d7365686735b39f10138c4e8049,1105,9.049773755656108,42.0,10,1101,1101,False,ok,False,False,
adaptive-derived-resources-pattern-only,interactive-discover-8,discover,8,0,1,10,10,e57dbe8986a5e3245c930c72a94f6a80,5475,1.8264840182648403,123.0,10,4636,5474,False,ok,False,False,
adaptive-derived-resources-pattern-only,interactive-discover-8,discover,8,1,1,10,10,af0ebbbe8500f4b123c96deae5cfc3a4,1101,9.082652134423252,28.0,10,1086,1101,False,ok,False,False,
adaptive-derived-resources-pattern-only,interactive-discover-8,discover,8,2,1,10,10,14c42de585383255e7cf3757fed29e2e,1009,9.910802775024777,30.0,10,1006,1007,False,ok,False,False,
adaptive-derived-resources-pattern-only,interactive-discover-8,discover,8,3,1,10,10,6739ae7f2253fff5e8a2acb47f78fed9,2421,4.130524576621231,53.0,10,1713,2420,False,ok,False,False,
adaptive-derived-resources-pattern-only,interactive-discover-8,discover,8,4,1,10,10,3307625bd8c94f5411c31a47e290943a,1183,8.4530853761623,45.0,10,1178,1182,False,ok,False,False,
adaptive-derived-resources-pattern-only,interactive-discover-8,discover,8,0,2,10,10,e57dbe8986a5e3245c930c72a94f6a80,5481,1.8244845831052727,134.0,10,4605,5480,False,ok,False,False,
adaptive-derived-resources-pattern-only,interactive-discover-8,discover,8,1,2,10,10,af0ebbbe8500f4b123c96deae5cfc3a4,1090,9.174311926605505,28.0,10,1089,1089,False,ok,False,False,
adaptive-derived-resources-pattern-only,interactive-discover-8,discover,8,2,2,10,10,14c42de585383255e7cf3757fed29e2e,936,10.683760683760683,30.0,10,935,935,False,ok,False,False,
adaptive-derived-resources-pattern-only,interactive-discover-8,discover,8,3,2,10,10,e38f22d76aa8e2ac7b423164567a0f71,1844,5.422993492407809,41.0,10,1354,1844,False,ok,False,False,
adaptive-derived-resources-pattern-only,interactive-discover-8,discover,8,4,2,10,10,edfc2d7365686735b39f10138c4e8049,1085,9.216589861751153,30.0,10,1059,1085,False,ok,False,False,
adaptive-derived-resources-pattern-only,interactive-discover-8,discover,8,0,3,10,10,e57dbe8986a5e3245c930c72a94f6a80,5403,1.8508236165093468,132.0,10,4527,5403,False,ok,False,False,
adaptive-derived-resources-pattern-only,interactive-discover-8,discover,8,1,3,10,10,af0ebbbe8500f4b123c96deae5cfc3a4,1065,9.389671361502348,28.0,10,1065,1065,False,ok,False,False,
adaptive-derived-resources-pattern-only,interactive-discover-8,discover,8,2,3,10,10,14c42de585383255e7cf3757fed29e2e,946,10.570824524312897,30.0,10,940,946,False,ok,False,False,
adaptive-derived-resources-pattern-only,interactive-discover-8,discover,8,3,3,10,10,3a18f9bfc79b393d22deeeddfaec8c2e,1951,5.125576627370579,43.0,10,1564,1950,False,ok,False,False,
adaptive-derived-resources-pattern-only,interactive-discover-8,discover,8,4,3,10,10,edfc2d7365686735b39f10138c4e8049,1032,9.689922480620154,45.0,10,1030,1030,False,ok,False,False,
adaptive-derived-resources-pattern-only,interactive-discover-8,discover,8,0,4,10,10,e57dbe8986a5e3245c930c72a94f6a80,5439,1.8385732671446957,132.0,10,4567,5439,False,ok,False,False,
adaptive-derived-resources-pattern-only,interactive-discover-8,discover,8,1,4,10,10,af0ebbbe8500f4b123c96deae5cfc3a4,1030,9.70873786407767,29.0,10,1029,1029,False,ok,False,False,
adaptive-derived-resources-pattern-only,interactive-discover-8,discover,8,2,4,10,10,14c42de585383255e7cf3757fed29e2e,959,10.427528675703858,30.0,10,958,958,False,ok,False,False,
adaptive-derived-resources-pattern-only,interactive-discover-8,discover,8,3,4,10,10,3a18f9bfc79b393d22deeeddfaec8c2e,2023,4.9431537320810675,44.0,10,1954,2022,False,ok,False,False,
adaptive-derived-resources-pattern-only,interactive-discover-8,discover,8,4,4,10,10,edfc2d7365686735b39f10138c4e8049,1022,9.784735812133071,36.0,10,1002,1021,False,ok,False,False,
adaptive-derived-resources-pattern-only,interactive-discover-8,discover,8,0,5,10,10,e57dbe8986a5e3245c930c72a94f6a80,5419,1.8453589223103894,134.0,10,4563,5418,False,ok,False,False,
adaptive-derived-resources-pattern-only,interactive-discover-8,discover,8,1,5,10,10,af0ebbbe8500f4b123c96deae5cfc3a4,1164,8.59106529209622,29.0,10,1151,1163,False,ok,False,False,
adaptive-derived-resources-pattern-only,interactive-discover-8,discover,8,2,5,10,10,14c42de585383255e7cf3757fed29e2e,952,10.504201680672269,30.0,10,951,951,False,ok,False,False,
adaptive-derived-resources-pattern-only,interactive-discover-8,discover,8,3,5,10,10,3a18f9bfc79b393d22deeeddfaec8c2e,2249,4.44642063139173,58.0,10,2160,2249,False,ok,False,False,
adaptive-derived-resources-pattern-only,interactive-discover-8,discover,8,4,5,10,10,edfc2d7365686735b39f10138c4e8049,1089,9.18273645546373,29.0,10,1064,1088,False,ok,False,False,
adaptive-derived-resources-pattern-only,interactive-short-1,short,1,0,0,1,1,6b641713c69378408c911f18ba9ba38b,2269,0.4407227853680035,111.0,1,2167,2167,False,ok,False,False,
adaptive-derived-resources-pattern-only,interactive-short-1,short,1,1,0,1,1,f02ab3570928d3fc74a51ceb7a4a39ac,1636,0.6112469437652812,47.0,1,1513,1513,False,ok,False,False,
adaptive-derived-resources-pattern-only,interactive-short-1,short,1,2,0,1,1,ff4ea17b4281fdba2a7a842efe3a722a,1633,0.612369871402327,47.0,1,1531,1531,False,ok,False,False,
adaptive-derived-resources-pattern-only,interactive-short-1,short,1,3,0,1,1,64191c6d5f502dc3f35888f44214ade1,1721,0.5810575246949448,49.0,1,1600,1600,False,ok,False,False,
adaptive-derived-resources-pattern-only,interactive-short-1,short,1,4,0,1,1,d8972c3dd7a9ab1cc6d9b0773f1037c3,2142,0.4668534080298786,99.0,1,2042,2042,False,ok,False,False,
adaptive-derived-resources-pattern-only,interactive-short-1,short,1,0,1,1,1,6b641713c69378408c911f18ba9ba38b,2143,0.46663555762949144,111.0,1,1937,1937,False,ok,False,False,
adaptive-derived-resources-pattern-only,interactive-short-1,short,1,1,1,1,1,f02ab3570928d3fc74a51ceb7a4a39ac,1623,0.6161429451632778,47.0,1,1521,1521,False,ok,False,False,
adaptive-derived-resources-pattern-only,interactive-short-1,short,1,2,1,1,1,ff4ea17b4281fdba2a7a842efe3a722a,1623,0.6161429451632778,47.0,1,1511,1511,False,ok,False,False,
adaptive-derived-resources-pattern-only,interactive-short-1,short,1,3,1,1,1,64191c6d5f502dc3f35888f44214ade1,1658,0.6031363088057902,49.0,1,1552,1552,False,ok,False,False,
adaptive-derived-resources-pattern-only,interactive-short-1,short,1,4,1,1,1,d8972c3dd7a9ab1cc6d9b0773f1037c3,2119,0.47192071731949026,99.0,1,1758,1758,False,ok,False,False,
adaptive-derived-resources-pattern-only,interactive-short-1,short,1,0,2,1,1,6b641713c69378408c911f18ba9ba38b,8492,0.11775788977861515,111.0,1,8318,8318,False,ok,False,False,
adaptive-derived-resources-pattern-only,interactive-short-1,short,1,1,2,1,1,f02ab3570928d3fc74a51ceb7a4a39ac,1860,0.5376344086021505,47.0,1,1748,1748,False,ok,False,False,
adaptive-derived-resources-pattern-only,interactive-short-1,short,1,2,2,1,1,ff4ea17b4281fdba2a7a842efe3a722a,1724,0.580046403712297,47.0,1,1614,1614,False,ok,False,False,
adaptive-derived-resources-pattern-only,interactive-short-1,short,1,3,2,1,1,64191c6d5f502dc3f35888f44214ade1,1678,0.5959475566150179,49.0,1,1550,1550,False,ok,False,False,
adaptive-derived-resources-pattern-only,interactive-short-1,short,1,4,2,1,1,d8972c3dd7a9ab1cc6d9b0773f1037c3,2089,0.47869794159885115,99.0,1,1666,1666,False,ok,False,False,
adaptive-derived-resources-pattern-only,interactive-short-1,short,1,0,3,1,1,6b641713c69378408c911f18ba9ba38b,2143,0.46663555762949144,111.0,1,1709,1709,False,ok,False,False,
adaptive-derived-resources-pattern-only,interactive-short-1,short,1,1,3,1,1,f02ab3570928d3fc74a51ceb7a4a39ac,1641,0.6093845216331505,47.0,1,1526,1526,False,ok,False,False,
adaptive-derived-resources-pattern-only,interactive-short-1,short,1,2,3,1,1,ff4ea17b4281fdba2a7a842efe3a722a,1685,0.5934718100890207,47.0,1,1566,1566,False,ok,False,False,
adaptive-derived-resources-pattern-only,interactive-short-1,short,1,3,3,1,1,64191c6d5f502dc3f35888f44214ade1,1798,0.5561735261401557,49.0,1,1644,1644,False,ok,False,False,
adaptive-derived-resources-pattern-only,interactive-short-1,short,1,4,3,1,1,d8972c3dd7a9ab1cc6d9b0773f1037c3,2093,0.4777830864787387,99.0,1,1625,1625,False,ok,False,False,
adaptive-derived-resources-pattern-only,interactive-short-1,short,1,0,4,1,1,6b641713c69378408c911f18ba9ba38b,5715,0.17497812773403326,111.0,1,5564,5564,False,ok,False,False,
adaptive-derived-resources-pattern-only,interactive-short-1,short,1,1,4,1,1,f02ab3570928d3fc74a51ceb7a4a39ac,1644,0.6082725060827251,47.0,1,1525,1525,False,ok,False,False,
adaptive-derived-resources-pattern-only,interactive-short-1,short,1,2,4,1,1,ff4ea17b4281fdba2a7a842efe3a722a,1599,0.6253908692933083,47.0,1,1481,1481,False,ok,False,False,
adaptive-derived-resources-pattern-only,interactive-short-1,short,1,3,4,1,1,64191c6d5f502dc3f35888f44214ade1,1654,0.6045949214026602,49.0,1,1534,1534,False,ok,False,False,
adaptive-derived-resources-pattern-only,interactive-short-1,short,1,4,4,1,1,d8972c3dd7a9ab1cc6d9b0773f1037c3,2017,0.495785820525533,99.0,1,1601,1601,False,ok,False,False,
adaptive-derived-resources-pattern-only,interactive-short-1,short,1,0,5,1,1,6b641713c69378408c911f18ba9ba38b,2108,0.47438330170777987,111.0,1,1673,1673,False,ok,False,False,
adaptive-derived-resources-pattern-only,interactive-short-1,short,1,1,5,1,1,f02ab3570928d3fc74a51ceb7a4a39ac,1455,0.6872852233676976,47.0,1,1356,1356,False,ok,False,False,
adaptive-derived-resources-pattern-only,interactive-short-1,short,1,2,5,1,1,ff4ea17b4281fdba2a7a842efe3a722a,1457,0.6863417982155113,47.0,1,1347,1347,False,ok,False,False,
adaptive-derived-resources-pattern-only,interactive-short-1,short,1,3,5,1,1,64191c6d5f502dc3f35888f44214ade1,1630,0.6134969325153374,49.0,1,1504,1504,False,ok,False,False,
adaptive-derived-resources-pattern-only,interactive-short-1,short,1,4,5,1,1,d8972c3dd7a9ab1cc6d9b0773f1037c3,2038,0.4906771344455349,99.0,1,1837,1837,False,ok,False,False,
adaptive-derived-resources-pattern-only,interactive-short-2,short,2,0,0,0,0,d41d8cd98f00b204e9800998ecf8427e,17,0.0,,0,,,True,unsupported,False,True,"Invalid SPARQL endpoint response from http://localhost:3001/sparql (HTTP status 400):
Query operation processing failed: none of the configured actors were able to handle the operation type nodes
    Error messages of failing actors:
        Actor urn:comunica:default:query-operation/actors#source does not accept the operation nodes.
"
adaptive-derived-resources-pattern-only,interactive-short-2,short,2,1,0,0,0,d41d8cd98f00b204e9800998ecf8427e,10,0.0,,0,,,True,unsupported,False,True,"Invalid SPARQL endpoint response from http://localhost:3001/sparql (HTTP status 400):
Query operation processing failed: none of the configured actors were able to handle the operation type nodes
    Error messages of failing actors:
        Actor urn:comunica:default:query-operation/actors#source does not accept the operation nodes.
"
adaptive-derived-resources-pattern-only,interactive-short-2,short,2,2,0,0,0,d41d8cd98f00b204e9800998ecf8427e,10,0.0,,0,,,True,unsupported,False,True,"Invalid SPARQL endpoint response from http://localhost:3001/sparql (HTTP status 400):
Query operation processing failed: none of the configured actors were able to handle the operation type nodes
    Error messages of failing actors:
        Actor urn:comunica:default:query-operation/actors#source does not accept the operation nodes.
"
adaptive-derived-resources-pattern-only,interactive-short-2,short,2,3,0,0,0,d41d8cd98f00b204e9800998ecf8427e,10,0.0,,0,,,True,unsupported,False,True,"Invalid SPARQL endpoint response from http://localhost:3001/sparql (HTTP status 400):
Query operation processing failed: none of the configured actors were able to handle the operation type nodes
    Error messages of failing actors:
        Actor urn:comunica:default:query-operation/actors#source does not accept the operation nodes.
"
adaptive-derived-resources-pattern-only,interactive-short-2,short,2,4,0,0,0,d41d8cd98f00b204e9800998ecf8427e,14,0.0,,0,,,True,unsupported,False,True,"Invalid SPARQL endpoint response from http://localhost:3001/sparql (HTTP status 400):
Query operation processing failed: none of the configured actors were able to handle the operation type nodes
    Error messages of failing actors:
        Actor urn:comunica:default:query-operation/actors#source does not accept the operation nodes.
"
adaptive-derived-resources-pattern-only,interactive-short-2,short,2,0,1,0,0,d41d8cd98f00b204e9800998ecf8427e,10,0.0,,0,,,True,unsupported,False,True,"Invalid SPARQL endpoint response from http://localhost:3001/sparql (HTTP status 400):
Query operation processing failed: none of the configured actors were able to handle the operation type nodes
    Error messages of failing actors:
        Actor urn:comunica:default:query-operation/actors#source does not accept the operation nodes.
"
adaptive-derived-resources-pattern-only,interactive-short-2,short,2,1,1,0,0,d41d8cd98f00b204e9800998ecf8427e,19,0.0,,0,,,True,unsupported,False,True,"Invalid SPARQL endpoint response from http://localhost:3001/sparql (HTTP status 400):
Query operation processing failed: none of the configured actors were able to handle the operation type nodes
    Error messages of failing actors:
        Actor urn:comunica:default:query-operation/actors#source does not accept the operation nodes.
"
adaptive-derived-resources-pattern-only,interactive-short-2,short,2,2,1,0,0,d41d8cd98f00b204e9800998ecf8427e,19,0.0,,0,,,True,unsupported,False,True,"Invalid SPARQL endpoint response from http://localhost:3001/sparql (HTTP status 400):
Query operation processing failed: none of the configured actors were able to handle the operation type nodes
    Error messages of failing actors:
        Actor urn:comunica:default:query-operation/actors#source does not accept the operation nodes.
"
adaptive-derived-resources-pattern-only,interactive-short-2,short,2,3,1,0,0,d41d8cd98f00b204e9800998ecf8427e,17,0.0,,0,,,True,unsupported,False,True,"Invalid SPARQL endpoint response from http://localhost:3001/sparql (HTTP status 400):
Query operation processing failed: none of the configured actors were able to handle the operation type nodes
    Error messages of failing actors:
        Actor urn:comunica:default:query-operation/actors#source does not accept the operation nodes.
"
adaptive-derived-resources-pattern-only,interactive-short-2,short,2,4,1,0,0,d41d8cd98f00b204e9800998ecf8427e,23,0.0,,0,,,True,unsupported,False,True,"Invalid SPARQL endpoint response from http://localhost:3001/sparql (HTTP status 400):
Query operation processing failed: none of the configured actors were able to handle the operation type nodes
    Error messages of failing actors:
        Actor urn:comunica:default:query-operation/actors#source does not accept the operation nodes.
"
adaptive-derived-resources-pattern-only,interactive-short-2,short,2,0,2,0,0,d41d8cd98f00b204e9800998ecf8427e,9,0.0,,0,,,True,unsupported,False,True,"Invalid SPARQL endpoint response from http://localhost:3001/sparql (HTTP status 400):
Query operation processing failed: none of the configured actors were able to handle the operation type nodes
    Error messages of failing actors:
        Actor urn:comunica:default:query-operation/actors#source does not accept the operation nodes.
"
adaptive-derived-resources-pattern-only,interactive-short-2,short,2,1,2,0,0,d41d8cd98f00b204e9800998ecf8427e,49,0.0,,0,,,True,unsupported,False,True,"Invalid SPARQL endpoint response from http://localhost:3001/sparql (HTTP status 400):
Query operation processing failed: none of the configured actors were able to handle the operation type nodes
    Error messages of failing actors:
        Actor urn:comunica:default:query-operation/actors#source does not accept the operation nodes.
"
adaptive-derived-resources-pattern-only,interactive-short-2,short,2,2,2,0,0,d41d8cd98f00b204e9800998ecf8427e,36,0.0,,0,,,True,unsupported,False,True,"Invalid SPARQL endpoint response from http://localhost:3001/sparql (HTTP status 400):
Query operation processing failed: none of the configured actors were able to handle the operation type nodes
    Error messages of failing actors:
        Actor urn:comunica:default:query-operation/actors#source does not accept the operation nodes.
"
adaptive-derived-resources-pattern-only,interactive-short-2,short,2,3,2,0,0,d41d8cd98f00b204e9800998ecf8427e,52,0.0,,0,,,True,unsupported,False,True,"Invalid SPARQL endpoint response from http://localhost:3001/sparql (HTTP status 400):
Query operation processing failed: none of the configured actors were able to handle the operation type nodes
    Error messages of failing actors:
        Actor urn:comunica:default:query-operation/actors#source does not accept the operation nodes.
"
adaptive-derived-resources-pattern-only,interactive-short-2,short,2,4,2,0,0,d41d8cd98f00b204e9800998ecf8427e,29,0.0,,0,,,True,unsupported,False,True,"Invalid SPARQL endpoint response from http://localhost:3001/sparql (HTTP status 400):
Query operation processing failed: none of the configured actors were able to handle the operation type nodes
    Error messages of failing actors:
        Actor urn:comunica:default:query-operation/actors#source does not accept the operation nodes.
"
adaptive-derived-resources-pattern-only,interactive-short-2,short,2,0,3,0,0,d41d8cd98f00b204e9800998ecf8427e,33,0.0,,0,,,True,unsupported,False,True,"Invalid SPARQL endpoint response from http://localhost:3001/sparql (HTTP status 400):
Query operation processing failed: none of the configured actors were able to handle the operation type nodes
    Error messages of failing actors:
        Actor urn:comunica:default:query-operation/actors#source does not accept the operation nodes.
"
adaptive-derived-resources-pattern-only,interactive-short-2,short,2,1,3,0,0,d41d8cd98f00b204e9800998ecf8427e,11,0.0,,0,,,True,unsupported,False,True,"Invalid SPARQL endpoint response from http://localhost:3001/sparql (HTTP status 400):
Query operation processing failed: none of the configured actors were able to handle the operation type nodes
    Error messages of failing actors:
        Actor urn:comunica:default:query-operation/actors#source does not accept the operation nodes.
"
adaptive-derived-resources-pattern-only,interactive-short-2,short,2,2,3,0,0,d41d8cd98f00b204e9800998ecf8427e,13,0.0,,0,,,True,unsupported,False,True,"Invalid SPARQL endpoint response from http://localhost:3001/sparql (HTTP status 400):
Query operation processing failed: none of the configured actors were able to handle the operation type nodes
    Error messages of failing actors:
        Actor urn:comunica:default:query-operation/actors#source does not accept the operation nodes.
"
adaptive-derived-resources-pattern-only,interactive-short-2,short,2,3,3,0,0,d41d8cd98f00b204e9800998ecf8427e,17,0.0,,0,,,True,unsupported,False,True,"Invalid SPARQL endpoint response from http://localhost:3001/sparql (HTTP status 400):
Query operation processing failed: none of the configured actors were able to handle the operation type nodes
    Error messages of failing actors:
        Actor urn:comunica:default:query-operation/actors#source does not accept the operation nodes.
"
adaptive-derived-resources-pattern-only,interactive-short-2,short,2,4,3,0,0,d41d8cd98f00b204e9800998ecf8427e,10,0.0,,0,,,True,unsupported,False,True,"Invalid SPARQL endpoint response from http://localhost:3001/sparql (HTTP status 400):
Query operation processing failed: none of the configured actors were able to handle the operation type nodes
    Error messages of failing actors:
        Actor urn:comunica:default:query-operation/actors#source does not accept the operation nodes.
"
adaptive-derived-resources-pattern-only,interactive-short-2,short,2,0,4,0,0,d41d8cd98f00b204e9800998ecf8427e,10,0.0,,0,,,True,unsupported,False,True,"Invalid SPARQL endpoint response from http://localhost:3001/sparql (HTTP status 400):
Query operation processing failed: none of the configured actors were able to handle the operation type nodes
    Error messages of failing actors:
        Actor urn:comunica:default:query-operation/actors#source does not accept the operation nodes.
"
adaptive-derived-resources-pattern-only,interactive-short-2,short,2,1,4,0,0,d41d8cd98f00b204e9800998ecf8427e,9,0.0,,0,,,True,unsupported,False,True,"Invalid SPARQL endpoint response from http://localhost:3001/sparql (HTTP status 400):
Query operation processing failed: none of the configured actors were able to handle the operation type nodes
    Error messages of failing actors:
        Actor urn:comunica:default:query-operation/actors#source does not accept the operation nodes.
"
adaptive-derived-resources-pattern-only,interactive-short-2,short,2,2,4,0,0,d41d8cd98f00b204e9800998ecf8427e,42,0.0,,0,,,True,unsupported,False,True,"Invalid SPARQL endpoint response from http://localhost:3001/sparql (HTTP status 400):
Query operation processing failed: none of the configured actors were able to handle the operation type nodes
    Error messages of failing actors:
        Actor urn:comunica:default:query-operation/actors#source does not accept the operation nodes.
"
adaptive-derived-resources-pattern-only,interactive-short-2,short,2,3,4,0,0,d41d8cd98f00b204e9800998ecf8427e,9,0.0,,0,,,True,unsupported,False,True,"Invalid SPARQL endpoint response from http://localhost:3001/sparql (HTTP status 400):
Query operation processing failed: none of the configured actors were able to handle the operation type nodes
    Error messages of failing actors:
        Actor urn:comunica:default:query-operation/actors#source does not accept the operation nodes.
"
adaptive-derived-resources-pattern-only,interactive-short-2,short,2,4,4,0,0,d41d8cd98f00b204e9800998ecf8427e,10,0.0,,0,,,True,unsupported,False,True,"Invalid SPARQL endpoint response from http://localhost:3001/sparql (HTTP status 400):
Query operation processing failed: none of the configured actors were able to handle the operation type nodes
    Error messages of failing actors:
        Actor urn:comunica:default:query-operation/actors#source does not accept the operation nodes.
"
adaptive-derived-resources-pattern-only,interactive-short-2,short,2,0,5,0,0,d41d8cd98f00b204e9800998ecf8427e,13,0.0,,0,,,True,unsupported,False,True,"Invalid SPARQL endpoint response from http://localhost:3001/sparql (HTTP status 400):
Query operation processing failed: none of the configured actors were able to handle the operation type nodes
    Error messages of failing actors:
        Actor urn:comunica:default:query-operation/actors#source does not accept the operation nodes.
"
adaptive-derived-resources-pattern-only,interactive-short-2,short,2,1,5,0,0,d41d8cd98f00b204e9800998ecf8427e,38,0.0,,0,,,True,unsupported,False,True,"Invalid SPARQL endpoint response from http://localhost:3001/sparql (HTTP status 400):
Query operation processing failed: none of the configured actors were able to handle the operation type nodes
    Error messages of failing actors:
        Actor urn:comunica:default:query-operation/actors#source does not accept the operation nodes.
"
adaptive-derived-resources-pattern-only,interactive-short-2,short,2,2,5,0,0,d41d8cd98f00b204e9800998ecf8427e,10,0.0,,0,,,True,unsupported,False,True,"Invalid SPARQL endpoint response from http://localhost:3001/sparql (HTTP status 400):
Query operation processing failed: none of the configured actors were able to handle the operation type nodes
    Error messages of failing actors:
        Actor urn:comunica:default:query-operation/actors#source does not accept the operation nodes.
"
adaptive-derived-resources-pattern-only,interactive-short-2,short,2,3,5,0,0,d41d8cd98f00b204e9800998ecf8427e,11,0.0,,0,,,True,unsupported,False,True,"Invalid SPARQL endpoint response from http://localhost:3001/sparql (HTTP status 400):
Query operation processing failed: none of the configured actors were able to handle the operation type nodes
    Error messages of failing actors:
        Actor urn:comunica:default:query-operation/actors#source does not accept the operation nodes.
"
adaptive-derived-resources-pattern-only,interactive-short-2,short,2,4,5,0,0,d41d8cd98f00b204e9800998ecf8427e,9,0.0,,0,,,True,unsupported,False,True,"Invalid SPARQL endpoint response from http://localhost:3001/sparql (HTTP status 400):
Query operation processing failed: none of the configured actors were able to handle the operation type nodes
    Error messages of failing actors:
        Actor urn:comunica:default:query-operation/actors#source does not accept the operation nodes.
"
adaptive-derived-resources-pattern-only,interactive-short-3,short,3,0,0,1,1,ef0a50706d40ecc6656ed0593843aaba,300108,0.003332133765177869,,1,45368,45368,True,timeout,True,False,"Unexpected ""!"" at position 0 in state STOP"
adaptive-derived-resources-pattern-only,interactive-short-3,short,3,1,0,4,4,f2710edcf5c2b0304497a61ee7e43740,300111,0.01332840182465821,,4,31629,268050,True,timeout,True,False,"Unexpected ""!"" at position 0 in state STOP"
adaptive-derived-resources-pattern-only,interactive-short-3,short,3,2,0,1,1,901fbf30323f8068062e27e1abdb2178,300109,0.0033321226620994376,,1,128677,128677,True,timeout,True,False,"Unexpected ""!"" at position 0 in state STOP"
adaptive-derived-resources-pattern-only,interactive-short-3,short,3,3,0,10,10,c8d2bbe89d0af747385a27856e67f478,300077,0.03332477997314023,,10,28179,215112,True,timeout,True,False,"Unexpected ""!"" at position 0 in state STOP"
adaptive-derived-resources-pattern-only,interactive-short-3,short,3,4,0,1,1,ffed8bd9130966544a3ad75aa895a4d1,300112,0.003332089353308098,,1,39376,39376,True,timeout,True,False,"Unexpected ""!"" at position 0 in state STOP"
adaptive-derived-resources-pattern-only,interactive-short-3,short,3,0,1,0,0,d41d8cd98f00b204e9800998ecf8427e,300564,0.0,,0,,,True,timeout,True,True,"Unexpected ""!"" at position 0 in state STOP"
adaptive-derived-resources-pattern-only,interactive-short-3,short,3,1,1,5,5,6cb508e5603f63ad2323e90b4be002ea,300072,0.016662667626436322,,5,41437,133260,True,timeout,True,False,"Unexpected ""!"" at position 0 in state STOP"
adaptive-derived-resources-pattern-only,interactive-short-3,short,3,2,1,1,1,901fbf30323f8068062e27e1abdb2178,300109,0.0033321226620994376,,1,131685,131685,True,timeout,True,False,"Unexpected ""!"" at position 0 in state STOP"
adaptive-derived-resources-pattern-only,interactive-short-3,short,3,3,1,11,11,820232a958ca1b9f870999b13d2cc1a7,300108,0.03665347141695656,,11,34762,220113,True,timeout,True,False,"Unexpected ""!"" at position 0 in state STOP"
adaptive-derived-resources-pattern-only,interactive-short-3,short,3,4,1,1,1,ffed8bd9130966544a3ad75aa895a4d1,300115,0.00333205604518268,,1,31435,31435,True,timeout,True,False,"Unexpected ""!"" at position 0 in state STOP"
adaptive-derived-resources-pattern-only,interactive-short-3,short,3,0,2,1,1,ef0a50706d40ecc6656ed0593843aaba,300109,0.0033321226620994376,,1,273576,273576,True,timeout,True,False,"Unexpected ""!"" at position 0 in state STOP"
adaptive-derived-resources-pattern-only,interactive-short-3,short,3,1,2,4,4,f2710edcf5c2b0304497a61ee7e43740,300111,0.01332840182465821,,4,48795,123266,True,timeout,True,False,"Unexpected ""!"" at position 0 in state STOP"
adaptive-derived-resources-pattern-only,interactive-short-3,short,3,2,2,1,1,901fbf30323f8068062e27e1abdb2178,300107,0.0033321448683302952,,1,34200,34200,True,timeout,True,False,"Unexpected ""!"" at position 0 in state STOP"
adaptive-derived-resources-pattern-only,interactive-short-3,short,3,3,2,9,9,98720099f56a6a5d752ed10403b7250e,300110,0.029989004031854984,,9,48064,132327,True,timeout,True,False,"Unexpected ""!"" at position 0 in state STOP"
adaptive-derived-resources-pattern-only,interactive-short-3,short,3,4,2,2,2,dbbfc8e7a92aaa04f646e027a9184cf4,300108,0.006664267530355738,,2,52369,197871,True,timeout,True,False,"Unexpected ""!"" at position 0 in state STOP"
adaptive-derived-resources-pattern-only,interactive-short-3,short,3,0,3,0,0,d41d8cd98f00b204e9800998ecf8427e,300111,0.0,,0,,,True,timeout,True,True,"Unexpected ""!"" at position 0 in state STOP"
adaptive-derived-resources-pattern-only,interactive-short-3,short,3,1,3,5,5,6cb508e5603f63ad2323e90b4be002ea,300105,0.016660835374285667,,5,42772,149094,True,timeout,True,False,"Unexpected ""!"" at position 0 in state STOP"
adaptive-derived-resources-pattern-only,interactive-short-3,short,3,2,3,1,1,901fbf30323f8068062e27e1abdb2178,300109,0.0033321226620994376,,1,35024,35024,True,timeout,True,False,"Unexpected ""!"" at position 0 in state STOP"
adaptive-derived-resources-pattern-only,interactive-short-3,short,3,3,3,11,11,820232a958ca1b9f870999b13d2cc1a7,300111,0.03665310501781008,,11,77179,255595,True,timeout,True,False,"Unexpected ""!"" at position 0 in state STOP"
adaptive-derived-resources-pattern-only,interactive-short-3,short,3,4,3,2,2,4c4fb9da31e1c3efcbe99aa840d21030,300052,0.006665511311372695,,2,32878,86044,True,timeout,True,False,"Unexpected ""!"" at position 0 in state STOP"
adaptive-derived-resources-pattern-only,interactive-short-3,short,3,0,4,1,1,5278dd726926844a1a80753078371e91,300110,0.003332111559094998,,1,77593,77593,True,timeout,True,False,"Unexpected ""!"" at position 0 in state STOP"
adaptive-derived-resources-pattern-only,interactive-short-3,short,3,1,4,4,4,f2710edcf5c2b0304497a61ee7e43740,300108,0.013328535060711477,,4,41067,94064,True,timeout,True,False,"Unexpected ""!"" at position 0 in state STOP"
adaptive-derived-resources-pattern-only,interactive-short-3,short,3,2,4,1,1,901fbf30323f8068062e27e1abdb2178,300050,0.0033327778703549408,,1,62676,62676,True,timeout,True,False,"Unexpected ""!"" at position 0 in state STOP"
adaptive-derived-resources-pattern-only,interactive-short-3,short,3,3,4,9,9,9a23c9356c4c2534e69477008670158f,300108,0.029989203886600823,,9,55113,154776,True,timeout,True,False,"Unexpected ""!"" at position 0 in state STOP"
adaptive-derived-resources-pattern-only,interactive-short-3,short,3,4,4,2,2,25e9374d7c949f9c2f399f11d0e2cd07,300082,0.006664844942382416,,2,53899,98232,True,timeout,True,False,"Unexpected ""!"" at position 0 in state STOP"
adaptive-derived-resources-pattern-only,interactive-short-3,short,3,0,5,0,0,d41d8cd98f00b204e9800998ecf8427e,300113,0.0,,0,,,True,timeout,True,True,"Unexpected ""!"" at position 0 in state STOP"
adaptive-derived-resources-pattern-only,interactive-short-3,short,3,1,5,4,4,9c32f2a4e7092aa917ff0b0e758a7a47,300164,0.013326048426859983,,4,12883,114346,True,timeout,True,False,"Unexpected ""!"" at position 0 in state STOP"
adaptive-derived-resources-pattern-only,interactive-short-3,short,3,2,5,1,1,901fbf30323f8068062e27e1abdb2178,300111,0.0033321004561645525,,1,55441,55441,True,timeout,True,False,"Unexpected ""!"" at position 0 in state STOP"
adaptive-derived-resources-pattern-only,interactive-short-3,short,3,3,5,8,8,3267952072e824ec6c519db047113702,300110,0.026656892472759985,,8,52138,150052,True,timeout,True,False,"Unexpected ""!"" at position 0 in state STOP"
adaptive-derived-resources-pattern-only,interactive-short-3,short,3,4,5,1,1,ffed8bd9130966544a3ad75aa895a4d1,300109,0.0033321226620994376,,1,44706,44706,True,timeout,True,False,"Unexpected ""!"" at position 0 in state STOP"
adaptive-derived-resources-pattern-only,interactive-short-4,short,4,0,0,1,1,be952defdc6bff97ab1d2bd30503bd7a,1434,0.697350069735007,4.0,1,579,579,False,ok,False,False,
adaptive-derived-resources-pattern-only,interactive-short-4,short,4,1,0,1,1,c7f96e08adf5efcc4ad5302bc4ebe30f,1179,0.8481764206955046,4.0,1,425,425,False,ok,False,False,
adaptive-derived-resources-pattern-only,interactive-short-4,short,4,2,0,1,1,b14fe4f20ab576f2bf485f4d72fc2332,2037,0.4909180166912126,28.0,1,774,774,False,ok,False,False,
adaptive-derived-resources-pattern-only,interactive-short-4,short,4,3,0,1,1,c114679689014713f0be71d73de99a0b,2159,0.46317739694302923,38.0,1,759,759,False,ok,False,False,
adaptive-derived-resources-pattern-only,interactive-short-4,short,4,4,0,1,1,c93535a997dcc3e3b4e497b89e662936,1130,0.8849557522123894,4.0,1,500,500,False,ok,False,False,
adaptive-derived-resources-pattern-only,interactive-short-4,short,4,0,1,1,1,be952defdc6bff97ab1d2bd30503bd7a,391,2.557544757033248,4.0,1,146,146,False,ok,False,False,
adaptive-derived-resources-pattern-only,interactive-short-4,short,4,1,1,1,1,c7f96e08adf5efcc4ad5302bc4ebe30f,306,3.2679738562091503,4.0,1,167,167,False,ok,False,False,
adaptive-derived-resources-pattern-only,interactive-short-4,short,4,2,1,1,1,b14fe4f20ab576f2bf485f4d72fc2332,964,1.037344398340249,28.0,1,247,247,False,ok,False,False,
adaptive-derived-resources-pattern-only,interactive-short-4,short,4,3,1,1,1,c114679689014713f0be71d73de99a0b,878,1.1389521640091116,38.0,1,256,256,False,ok,False,False,
adaptive-derived-resources-pattern-only,interactive-short-4,short,4,4,1,1,1,c93535a997dcc3e3b4e497b89e662936,336,2.976190476190476,4.0,1,142,142,False,ok,False,False,
adaptive-derived-resources-pattern-only,interactive-short-4,short,4,0,2,1,1,be952defdc6bff97ab1d2bd30503bd7a,906,1.1037527593818983,4.0,1,752,752,False,ok,False,False,
adaptive-derived-resources-pattern-only,interactive-short-4,short,4,1,2,1,1,c7f96e08adf5efcc4ad5302bc4ebe30f,558,1.7921146953405016,4.0,1,178,178,False,ok,False,False,
adaptive-derived-resources-pattern-only,interactive-short-4,short,4,2,2,1,1,b14fe4f20ab576f2bf485f4d72fc2332,7189,0.13910140492418974,28.0,1,1030,1030,False,ok,False,False,
adaptive-derived-resources-pattern-only,interactive-short-4,short,4,3,2,1,1,c114679689014713f0be71d73de99a0b,1848,0.5411255411255411,38.0,1,400,400,False,ok,False,False,
adaptive-derived-resources-pattern-only,interactive-short-4,short,4,4,2,1,1,c93535a997dcc3e3b4e497b89e662936,291,3.436426116838488,4.0,1,148,148,False,ok,False,False,
adaptive-derived-resources-pattern-only,interactive-short-4,short,4,0,3,1,1,be952defdc6bff97ab1d2bd30503bd7a,294,3.4013605442176873,4.0,1,136,136,False,ok,False,False,
adaptive-derived-resources-pattern-only,interactive-short-4,short,4,1,3,1,1,c7f96e08adf5efcc4ad5302bc4ebe30f,346,2.8901734104046244,4.0,1,190,190,False,ok,False,False,
adaptive-derived-resources-pattern-only,interactive-short-4,short,4,2,3,1,1,b14fe4f20ab576f2bf485f4d72fc2332,811,1.2330456226880393,28.0,1,292,292,False,ok,False,False,
adaptive-derived-resources-pattern-only,interactive-short-4,short,4,3,3,1,1,c114679689014713f0be71d73de99a0b,820,1.2195121951219512,38.0,1,267,267,False,ok,False,False,
adaptive-derived-resources-pattern-only,interactive-short-4,short,4,4,3,1,1,c93535a997dcc3e3b4e497b89e662936,312,3.2051282051282053,4.0,1,163,163,False,ok,False,False,
adaptive-derived-resources-pattern-only,interactive-short-4,short,4,0,4,1,1,be952defdc6bff97ab1d2bd30503bd7a,1885,0.5305039787798409,4.0,1,1689,1689,False,ok,False,False,
adaptive-derived-resources-pattern-only,interactive-short-4,short,4,1,4,1,1,c7f96e08adf5efcc4ad5302bc4ebe30f,312,3.2051282051282053,4.0,1,170,170,False,ok,False,False,
adaptive-derived-resources-pattern-only,interactive-short-4,short,4,2,4,1,1,b14fe4f20ab576f2bf485f4d72fc2332,700,1.4285714285714286,28.0,1,184,184,False,ok,False,False,
adaptive-derived-resources-pattern-only,interactive-short-4,short,4,3,4,1,1,c114679689014713f0be71d73de99a0b,850,1.1764705882352942,38.0,1,227,227,False,ok,False,False,
adaptive-derived-resources-pattern-only,interactive-short-4,short,4,4,4,1,1,c93535a997dcc3e3b4e497b89e662936,728,1.3736263736263736,4.0,1,148,148,False,ok,False,False,
adaptive-derived-resources-pattern-only,interactive-short-4,short,4,0,5,1,1,be952defdc6bff97ab1d2bd30503bd7a,284,3.5211267605633805,4.0,1,127,127,False,ok,False,False,
adaptive-derived-resources-pattern-only,interactive-short-4,short,4,1,5,1,1,c7f96e08adf5efcc4ad5302bc4ebe30f,296,3.3783783783783785,4.0,1,121,121,False,ok,False,False,
adaptive-derived-resources-pattern-only,interactive-short-4,short,4,2,5,1,1,b14fe4f20ab576f2bf485f4d72fc2332,699,1.430615164520744,28.0,1,278,278,False,ok,False,False,
adaptive-derived-resources-pattern-only,interactive-short-4,short,4,3,5,1,1,c114679689014713f0be71d73de99a0b,890,1.1235955056179776,38.0,1,256,256,False,ok,False,False,
adaptive-derived-resources-pattern-only,interactive-short-4,short,4,4,5,1,1,c93535a997dcc3e3b4e497b89e662936,303,3.3003300330033003,4.0,1,132,132,False,ok,False,False,
adaptive-derived-resources-pattern-only,interactive-short-5,short,5,0,0,1,1,dc0e41612718b8e8febbfed0b6a81235,83643,0.011955573090396089,37.0,1,83178,83178,False,ok,False,False,
adaptive-derived-resources-pattern-only,interactive-short-5,short,5,1,0,1,1,503ee1b279b823f2e5e6c3c7ad09348a,38749,0.025807117603034915,37.0,1,38651,38651,False,ok,False,False,
adaptive-derived-resources-pattern-only,interactive-short-5,short,5,2,0,1,1,f5c7036bdd812461f2fb5aae6b3ae925,3920,0.25510204081632654,95.0,1,3795,3795,False,ok,False,False,
adaptive-derived-resources-pattern-only,interactive-short-5,short,5,3,0,1,1,34828ddcb65169a440f3b93e10833a13,1512,0.6613756613756614,43.0,1,1354,1354,False,ok,False,False,
adaptive-derived-resources-pattern-only,interactive-short-5,short,5,4,0,1,1,85635c1632159d9ccdaa8e67a0da19e7,3731,0.2680246582685607,97.0,1,2746,2746,False,ok,False,False,
adaptive-derived-resources-pattern-only,interactive-short-5,short,5,0,1,1,1,dc0e41612718b8e8febbfed0b6a81235,1350,0.7407407407407407,37.0,1,1029,1029,False,ok,False,False,
adaptive-derived-resources-pattern-only,interactive-short-5,short,5,1,1,1,1,503ee1b279b823f2e5e6c3c7ad09348a,1390,0.7194244604316548,37.0,1,1189,1189,False,ok,False,False,
adaptive-derived-resources-pattern-only,interactive-short-5,short,5,2,1,1,1,f5c7036bdd812461f2fb5aae6b3ae925,2455,0.40733197556008144,95.0,1,2301,2301,False,ok,False,False,
adaptive-derived-resources-pattern-only,interactive-short-5,short,5,3,1,1,1,34828ddcb65169a440f3b93e10833a13,1261,0.7930214115781127,43.0,1,1068,1068,False,ok,False,False,
adaptive-derived-resources-pattern-only,interactive-short-5,short,5,4,1,1,1,85635c1632159d9ccdaa8e67a0da19e7,1784,0.5605381165919282,97.0,1,1148,1148,False,ok,False,False,
adaptive-derived-resources-pattern-only,interactive-short-5,short,5,0,2,1,1,dc0e41612718b8e8febbfed0b6a81235,1274,0.7849293563579278,37.0,1,1071,1071,False,ok,False,False,
adaptive-derived-resources-pattern-only,interactive-short-5,short,5,1,2,1,1,503ee1b279b823f2e5e6c3c7ad09348a,1277,0.7830853563038371,37.0,1,1106,1106,False,ok,False,False,
adaptive-derived-resources-pattern-only,interactive-short-5,short,5,2,2,1,1,f5c7036bdd812461f2fb5aae6b3ae925,2403,0.4161464835622139,95.0,1,2399,2399,False,ok,False,False,
adaptive-derived-resources-pattern-only,interactive-short-5,short,5,3,2,1,1,34828ddcb65169a440f3b93e10833a13,1251,0.7993605115907275,43.0,1,1038,1038,False,ok,False,False,
adaptive-derived-resources-pattern-only,interactive-short-5,short,5,4,2,1,1,85635c1632159d9ccdaa8e67a0da19e7,1760,0.5681818181818182,97.0,1,1109,1109,False,ok,False,False,
adaptive-derived-resources-pattern-only,interactive-short-5,short,5,0,3,1,1,dc0e41612718b8e8febbfed0b6a81235,1295,0.7722007722007722,37.0,1,988,988,False,ok,False,False,
adaptive-derived-resources-pattern-only,interactive-short-5,short,5,1,3,1,1,503ee1b279b823f2e5e6c3c7ad09348a,1333,0.7501875468867217,37.0,1,1117,1117,False,ok,False,False,
adaptive-derived-resources-pattern-only,interactive-short-5,short,5,2,3,1,1,f5c7036bdd812461f2fb5aae6b3ae925,2506,0.3990422984836393,95.0,1,1591,1591,False,ok,False,False,
adaptive-derived-resources-pattern-only,interactive-short-5,short,5,3,3,1,1,34828ddcb65169a440f3b93e10833a13,1270,0.7874015748031495,43.0,1,1092,1092,False,ok,False,False,
adaptive-derived-resources-pattern-only,interactive-short-5,short,5,4,3,1,1,85635c1632159d9ccdaa8e67a0da19e7,1720,0.5813953488372093,97.0,1,1005,1005,False,ok,False,False,
adaptive-derived-resources-pattern-only,interactive-short-5,short,5,0,4,1,1,dc0e41612718b8e8febbfed0b6a81235,1195,0.8368200836820083,37.0,1,1000,1000,False,ok,False,False,
adaptive-derived-resources-pattern-only,interactive-short-5,short,5,1,4,1,1,503ee1b279b823f2e5e6c3c7ad09348a,1339,0.7468259895444361,37.0,1,1148,1148,False,ok,False,False,
adaptive-derived-resources-pattern-only,interactive-short-5,short,5,2,4,1,1,f5c7036bdd812461f2fb5aae6b3ae925,2247,0.44503782821539833,95.0,1,2125,2125,False,ok,False,False,
adaptive-derived-resources-pattern-only,interactive-short-5,short,5,3,4,1,1,34828ddcb65169a440f3b93e10833a13,1182,0.8460236886632826,43.0,1,1056,1056,False,ok,False,False,
adaptive-derived-resources-pattern-only,interactive-short-5,short,5,4,4,1,1,85635c1632159d9ccdaa8e67a0da19e7,1746,0.572737686139748,97.0,1,1096,1096,False,ok,False,False,
adaptive-derived-resources-pattern-only,interactive-short-5,short,5,0,5,1,1,dc0e41612718b8e8febbfed0b6a81235,1225,0.8163265306122448,37.0,1,954,954,False,ok,False,False,
adaptive-derived-resources-pattern-only,interactive-short-5,short,5,1,5,1,1,503ee1b279b823f2e5e6c3c7ad09348a,1354,0.7385524372230428,37.0,1,1051,1051,False,ok,False,False,
adaptive-derived-resources-pattern-only,interactive-short-5,short,5,2,5,1,1,f5c7036bdd812461f2fb5aae6b3ae925,2424,0.41254125412541254,95.0,1,2420,2420,False,ok,False,False,
adaptive-derived-resources-pattern-only,interactive-short-5,short,5,3,5,1,1,34828ddcb65169a440f3b93e10833a13,1239,0.8071025020177562,43.0,1,1039,1039,False,ok,False,False,
adaptive-derived-resources-pattern-only,interactive-short-5,short,5,4,5,1,1,85635c1632159d9ccdaa8e67a0da19e7,1740,0.5747126436781609,97.0,1,983,983,False,ok,False,False,
adaptive-derived-resources-pattern-only,interactive-short-6,short,6,0,0,1,1,ba304a277e0c6fae635de35002222d91,300105,0.003332167074857133,,1,2005,2005,True,timeout,True,False,"Unexpected ""!"" at position 0 in state STOP"
adaptive-derived-resources-pattern-only,interactive-short-6,short,6,1,0,1,1,e849f1a14477da933bfaa5ee561efce8,300109,0.0033321226620994376,,1,19568,19568,True,timeout,True,False,"Unexpected ""!"" at position 0 in state STOP"
adaptive-derived-resources-pattern-only,interactive-short-6,short,6,2,0,0,0,d41d8cd98f00b204e9800998ecf8427e,300109,0.0,,0,,,True,timeout,True,True,"Unexpected ""!"" at position 0 in state STOP"
adaptive-derived-resources-pattern-only,interactive-short-6,short,6,3,0,0,0,d41d8cd98f00b204e9800998ecf8427e,300112,0.0,,0,,,True,timeout,True,True,"Unexpected ""!"" at position 0 in state STOP"
adaptive-derived-resources-pattern-only,interactive-short-6,short,6,4,0,0,0,d41d8cd98f00b204e9800998ecf8427e,300111,0.0,,0,,,True,timeout,True,True,"Unexpected ""!"" at position 0 in state STOP"
adaptive-derived-resources-pattern-only,interactive-short-6,short,6,0,1,1,1,ba304a277e0c6fae635de35002222d91,300111,0.0033321004561645525,,1,36148,36148,True,timeout,True,False,"Unexpected ""!"" at position 0 in state STOP"
adaptive-derived-resources-pattern-only,interactive-short-6,short,6,1,1,1,1,e849f1a14477da933bfaa5ee561efce8,300110,0.003332111559094998,,1,60958,60958,True,timeout,True,False,"Unexpected ""!"" at position 0 in state STOP"
adaptive-derived-resources-pattern-only,interactive-short-6,short,6,2,1,0,0,d41d8cd98f00b204e9800998ecf8427e,300035,0.0,,0,,,True,timeout,True,True,"Unexpected ""!"" at position 0 in state STOP"
adaptive-derived-resources-pattern-only,interactive-short-6,short,6,3,1,0,0,d41d8cd98f00b204e9800998ecf8427e,300109,0.0,,0,,,True,timeout,True,True,"Unexpected ""!"" at position 0 in state STOP"
adaptive-derived-resources-pattern-only,interactive-short-6,short,6,4,1,0,0,d41d8cd98f00b204e9800998ecf8427e,300109,0.0,,0,,,True,timeout,True,True,"Unexpected ""!"" at position 0 in state STOP"
adaptive-derived-resources-pattern-only,interactive-short-6,short,6,0,2,1,1,ba304a277e0c6fae635de35002222d91,300109,0.0033321226620994376,,1,37645,37645,True,timeout,True,False,"Unexpected ""!"" at position 0 in state STOP"
adaptive-derived-resources-pattern-only,interactive-short-6,short,6,1,2,1,1,e849f1a14477da933bfaa5ee561efce8,300096,0.003332267007890808,,1,34659,34659,True,timeout,True,False,"Unexpected ""!"" at position 0 in state STOP"
adaptive-derived-resources-pattern-only,interactive-short-6,short,6,2,2,0,0,d41d8cd98f00b204e9800998ecf8427e,300102,0.0,,0,,,True,timeout,True,True,"Unexpected ""!"" at position 0 in state STOP"
adaptive-derived-resources-pattern-only,interactive-short-6,short,6,3,2,0,0,d41d8cd98f00b204e9800998ecf8427e,300085,0.0,,0,,,True,timeout,True,True,"Unexpected ""!"" at position 0 in state STOP"
adaptive-derived-resources-pattern-only,interactive-short-6,short,6,4,2,0,0,d41d8cd98f00b204e9800998ecf8427e,300108,0.0,,0,,,True,timeout,True,True,"Unexpected ""!"" at position 0 in state STOP"
adaptive-derived-resources-pattern-only,interactive-short-6,short,6,0,3,1,1,ba304a277e0c6fae635de35002222d91,300109,0.0033321226620994376,,1,18706,18706,True,timeout,True,False,"Unexpected ""!"" at position 0 in state STOP"
adaptive-derived-resources-pattern-only,interactive-short-6,short,6,1,3,1,1,e849f1a14477da933bfaa5ee561efce8,300103,0.0033321892816799564,,1,4605,4605,True,timeout,True,False,"Unexpected ""!"" at position 0 in state STOP"
adaptive-derived-resources-pattern-only,interactive-short-6,short,6,2,3,0,0,d41d8cd98f00b204e9800998ecf8427e,300109,0.0,,0,,,True,timeout,True,True,"Unexpected ""!"" at position 0 in state STOP"
adaptive-derived-resources-pattern-only,interactive-short-6,short,6,3,3,0,0,d41d8cd98f00b204e9800998ecf8427e,300110,0.0,,0,,,True,timeout,True,True,"Unexpected ""!"" at position 0 in state STOP"
adaptive-derived-resources-pattern-only,interactive-short-6,short,6,4,3,0,0,d41d8cd98f00b204e9800998ecf8427e,300109,0.0,,0,,,True,timeout,True,True,"Unexpected ""!"" at position 0 in state STOP"
adaptive-derived-resources-pattern-only,interactive-short-6,short,6,0,4,1,1,ba304a277e0c6fae635de35002222d91,300109,0.0033321226620994376,,1,42100,42100,True,timeout,True,False,"Unexpected ""!"" at position 0 in state STOP"
adaptive-derived-resources-pattern-only,interactive-short-6,short,6,1,4,1,1,e849f1a14477da933bfaa5ee561efce8,300110,0.003332111559094998,,1,34138,34138,True,timeout,True,False,"Unexpected ""!"" at position 0 in state STOP"
adaptive-derived-resources-pattern-only,interactive-short-6,short,6,2,4,0,0,d41d8cd98f00b204e9800998ecf8427e,300109,0.0,,0,,,True,timeout,True,True,"Unexpected ""!"" at position 0 in state STOP"
adaptive-derived-resources-pattern-only,interactive-short-6,short,6,3,4,0,0,d41d8cd98f00b204e9800998ecf8427e,300112,0.0,,0,,,True,timeout,True,True,"Unexpected ""!"" at position 0 in state STOP"
adaptive-derived-resources-pattern-only,interactive-short-6,short,6,4,4,0,0,d41d8cd98f00b204e9800998ecf8427e,300111,0.0,,0,,,True,timeout,True,True,"Unexpected ""!"" at position 0 in state STOP"
adaptive-derived-resources-pattern-only,interactive-short-6,short,6,0,5,1,1,ba304a277e0c6fae635de35002222d91,300111,0.0033321004561645525,,1,35545,35545,True,timeout,True,False,"Unexpected ""!"" at position 0 in state STOP"
adaptive-derived-resources-pattern-only,interactive-short-6,short,6,1,5,1,1,e849f1a14477da933bfaa5ee561efce8,300113,0.0033320782505256354,,1,33862,33862,True,timeout,True,False,"Unexpected ""!"" at position 0 in state STOP"
adaptive-derived-resources-pattern-only,interactive-short-6,short,6,2,5,0,0,d41d8cd98f00b204e9800998ecf8427e,300025,0.0,,0,,,True,timeout,True,True,"Unexpected ""!"" at position 0 in state STOP"
adaptive-derived-resources-pattern-only,interactive-short-6,short,6,3,5,0,0,d41d8cd98f00b204e9800998ecf8427e,300676,0.0,,0,,,True,timeout,True,True,terminated
adaptive-derived-resources-pattern-only,interactive-short-6,short,6,4,5,0,0,d41d8cd98f00b204e9800998ecf8427e,300109,0.0,,0,,,True,timeout,True,True,"Unexpected ""!"" at position 0 in state STOP"
adaptive-derived-resources-pattern-only,interactive-short-7,short,7,0,0,0,0,d41d8cd98f00b204e9800998ecf8427e,300146,0.0,,0,,,True,timeout,True,True,"Unexpected ""!"" at position 0 in state STOP"
adaptive-derived-resources-pattern-only,interactive-short-7,short,7,1,0,0,0,d41d8cd98f00b204e9800998ecf8427e,300111,0.0,,0,,,True,timeout,True,True,"Unexpected ""!"" at position 0 in state STOP"
adaptive-derived-resources-pattern-only,interactive-short-7,short,7,2,0,0,0,d41d8cd98f00b204e9800998ecf8427e,300112,0.0,,0,,,True,timeout,True,True,"Unexpected ""!"" at position 0 in state STOP"
adaptive-derived-resources-pattern-only,interactive-short-7,short,7,3,0,0,0,d41d8cd98f00b204e9800998ecf8427e,300112,0.0,,0,,,True,timeout,True,True,"Unexpected ""!"" at position 0 in state STOP"
adaptive-derived-resources-pattern-only,interactive-short-7,short,7,4,0,0,0,d41d8cd98f00b204e9800998ecf8427e,300090,0.0,,0,,,True,timeout,True,True,"Unexpected ""!"" at position 0 in state STOP"
adaptive-derived-resources-pattern-only,interactive-short-7,short,7,0,1,0,0,d41d8cd98f00b204e9800998ecf8427e,300111,0.0,,0,,,True,timeout,True,True,"Unexpected ""!"" at position 0 in state STOP"
adaptive-derived-resources-pattern-only,interactive-short-7,short,7,1,1,0,0,d41d8cd98f00b204e9800998ecf8427e,300110,0.0,,0,,,True,timeout,True,True,"Unexpected ""!"" at position 0 in state STOP"
adaptive-derived-resources-pattern-only,interactive-short-7,short,7,2,1,0,0,d41d8cd98f00b204e9800998ecf8427e,300109,0.0,,0,,,True,timeout,True,True,"Unexpected ""!"" at position 0 in state STOP"
adaptive-derived-resources-pattern-only,interactive-short-7,short,7,3,1,0,0,d41d8cd98f00b204e9800998ecf8427e,300112,0.0,,0,,,True,timeout,True,True,"Unexpected ""!"" at position 0 in state STOP"
adaptive-derived-resources-pattern-only,interactive-short-7,short,7,4,1,0,0,d41d8cd98f00b204e9800998ecf8427e,300110,0.0,,0,,,True,timeout,True,True,"Unexpected ""!"" at position 0 in state STOP"
adaptive-derived-resources-pattern-only,interactive-short-7,short,7,0,2,0,0,d41d8cd98f00b204e9800998ecf8427e,300112,0.0,,0,,,True,timeout,True,True,"Unexpected ""!"" at position 0 in state STOP"
adaptive-derived-resources-pattern-only,interactive-short-7,short,7,1,2,0,0,d41d8cd98f00b204e9800998ecf8427e,300110,0.0,,0,,,True,timeout,True,True,"Unexpected ""!"" at position 0 in state STOP"
adaptive-derived-resources-pattern-only,interactive-short-7,short,7,2,2,0,0,d41d8cd98f00b204e9800998ecf8427e,300111,0.0,,0,,,True,timeout,True,True,"Unexpected ""!"" at position 0 in state STOP"
adaptive-derived-resources-pattern-only,interactive-short-7,short,7,3,2,0,0,d41d8cd98f00b204e9800998ecf8427e,300110,0.0,,0,,,True,timeout,True,True,"Unexpected ""!"" at position 0 in state STOP"
adaptive-derived-resources-pattern-only,interactive-short-7,short,7,4,2,0,0,d41d8cd98f00b204e9800998ecf8427e,300109,0.0,,0,,,True,timeout,True,True,"Unexpected ""!"" at position 0 in state STOP"
adaptive-derived-resources-pattern-only,interactive-short-7,short,7,0,3,0,0,d41d8cd98f00b204e9800998ecf8427e,300111,0.0,,0,,,True,timeout,True,True,"Unexpected ""!"" at position 0 in state STOP"
adaptive-derived-resources-pattern-only,interactive-short-7,short,7,1,3,0,0,d41d8cd98f00b204e9800998ecf8427e,300110,0.0,,0,,,True,timeout,True,True,"Unexpected ""!"" at position 0 in state STOP"
adaptive-derived-resources-pattern-only,interactive-short-7,short,7,2,3,0,0,d41d8cd98f00b204e9800998ecf8427e,300109,0.0,,0,,,True,timeout,True,True,"Unexpected ""!"" at position 0 in state STOP"
adaptive-derived-resources-pattern-only,interactive-short-7,short,7,3,3,0,0,d41d8cd98f00b204e9800998ecf8427e,300110,0.0,,0,,,True,timeout,True,True,"Unexpected ""!"" at position 0 in state STOP"
adaptive-derived-resources-pattern-only,interactive-short-7,short,7,4,3,0,0,d41d8cd98f00b204e9800998ecf8427e,300112,0.0,,0,,,True,timeout,True,True,"Unexpected ""!"" at position 0 in state STOP"
adaptive-derived-resources-pattern-only,interactive-short-7,short,7,0,4,0,0,d41d8cd98f00b204e9800998ecf8427e,300111,0.0,,0,,,True,timeout,True,True,"Unexpected ""!"" at position 0 in state STOP"
adaptive-derived-resources-pattern-only,interactive-short-7,short,7,1,4,0,0,d41d8cd98f00b204e9800998ecf8427e,300113,0.0,,0,,,True,timeout,True,True,"Unexpected ""!"" at position 0 in state STOP"
adaptive-derived-resources-pattern-only,interactive-short-7,short,7,2,4,0,0,d41d8cd98f00b204e9800998ecf8427e,300112,0.0,,0,,,True,timeout,True,True,"Unexpected ""!"" at position 0 in state STOP"
adaptive-derived-resources-pattern-only,interactive-short-7,short,7,3,4,0,0,d41d8cd98f00b204e9800998ecf8427e,300112,0.0,,0,,,True,timeout,True,True,"Unexpected ""!"" at position 0 in state STOP"
adaptive-derived-resources-pattern-only,interactive-short-7,short,7,4,4,0,0,d41d8cd98f00b204e9800998ecf8427e,300031,0.0,,0,,,True,timeout,True,True,"Unexpected ""!"" at position 0 in state STOP"
adaptive-derived-resources-pattern-only,interactive-short-7,short,7,0,5,0,0,d41d8cd98f00b204e9800998ecf8427e,300107,0.0,,0,,,True,timeout,True,True,"Unexpected ""!"" at position 0 in state STOP"
adaptive-derived-resources-pattern-only,interactive-short-7,short,7,1,5,0,0,d41d8cd98f00b204e9800998ecf8427e,300094,0.0,,0,,,True,timeout,True,True,"Unexpected ""!"" at position 0 in state STOP"
adaptive-derived-resources-pattern-only,interactive-short-7,short,7,2,5,0,0,d41d8cd98f00b204e9800998ecf8427e,300111,0.0,,0,,,True,timeout,True,True,"Unexpected ""!"" at position 0 in state STOP"
adaptive-derived-resources-pattern-only,interactive-short-7,short,7,3,5,0,0,d41d8cd98f00b204e9800998ecf8427e,300111,0.0,,0,,,True,timeout,True,True,"Unexpected ""!"" at position 0 in state STOP"
adaptive-derived-resources-pattern-only,interactive-short-7,short,7,4,5,0,0,d41d8cd98f00b204e9800998ecf8427e,300110,0.0,,0,,,True,timeout,True,True,"Unexpected ""!"" at position 0 in state STOP"
adaptive-derived-resources,interactive-discover-1,discover,1,0,0,6,6,d632b8166f912f4afd062d64186f2dc6,5285,1.1352885525070955,97.0,6,3942,4663,False,ok,False,False,
adaptive-derived-resources,interactive-discover-1,discover,1,1,0,4,4,e00f199d535cd1710bf9be67f04f39e4,2126,1.8814675446848543,33.0,4,1943,1964,False,ok,False,False,
adaptive-derived-resources,interactive-discover-1,discover,1,2,0,1,1,c4499554f796e968a069e67a8f5d9d1c,1901,0.5260389268805892,33.0,1,1699,1699,False,ok,False,False,
adaptive-derived-resources,interactive-discover-1,discover,1,3,0,14,14,6c0a9fe8be642ee232c10c9996912b97,1967,7.117437722419928,35.0,14,1725,1776,False,ok,False,False,
adaptive-derived-resources,interactive-discover-1,discover,1,4,0,8,8,7536d3a2c1abc2a9ac92b1860efa3282,2873,2.78454577097111,85.0,8,1737,1737,False,ok,False,False,
adaptive-derived-resources,interactive-discover-1,discover,1,0,1,6,6,d632b8166f912f4afd062d64186f2dc6,2111,2.842254855518711,97.0,6,1211,1211,False,ok,False,False,
adaptive-derived-resources,interactive-discover-1,discover,1,1,1,4,4,e00f199d535cd1710bf9be67f04f39e4,1273,3.142183817753339,33.0,4,1069,1069,False,ok,False,False,
adaptive-derived-resources,interactive-discover-1,discover,1,2,1,1,1,c4499554f796e968a069e67a8f5d9d1c,1314,0.76103500761035,33.0,1,1101,1101,False,ok,False,False,
adaptive-derived-resources,interactive-discover-1,discover,1,3,1,14,14,6c0a9fe8be642ee232c10c9996912b97,1300,10.769230769230768,35.0,14,1088,1089,False,ok,False,False,
adaptive-derived-resources,interactive-discover-1,discover,1,4,1,8,8,7536d3a2c1abc2a9ac92b1860efa3282,1816,4.405286343612334,85.0,8,1199,1200,False,ok,False,False,
adaptive-derived-resources,interactive-discover-1,discover,1,0,2,6,6,d632b8166f912f4afd062d64186f2dc6,1883,3.186404673393521,97.0,6,1135,1135,False,ok,False,False,
adaptive-derived-resources,interactive-discover-1,discover,1,1,2,4,4,e00f199d535cd1710bf9be67f04f39e4,1307,3.0604437643458304,33.0,4,1086,1087,False,ok,False,False,
adaptive-derived-resources,interactive-discover-1,discover,1,2,2,1,1,c4499554f796e968a069e67a8f5d9d1c,1298,0.7704160246533127,33.0,1,1096,1096,False,ok,False,False,
adaptive-derived-resources,interactive-discover-1,discover,1,3,2,14,14,6c0a9fe8be642ee232c10c9996912b97,1632,8.57843137254902,35.0,14,1403,1407,False,ok,False,False,
adaptive-derived-resources,interactive-discover-1,discover,1,4,2,8,8,7536d3a2c1abc2a9ac92b1860efa3282,1733,4.616272360069244,85.0,8,1139,1139,False,ok,False,False,
adaptive-derived-resources,interactive-discover-1,discover,1,0,3,6,6,d632b8166f912f4afd062d64186f2dc6,1828,3.282275711159737,97.0,6,1096,1097,False,ok,False,False,
adaptive-derived-resources,interactive-discover-1,discover,1,1,3,4,4,e00f199d535cd1710bf9be67f04f39e4,1211,3.3030553261767133,33.0,4,989,989,False,ok,False,False,
adaptive-derived-resources,interactive-discover-1,discover,1,2,3,1,1,c4499554f796e968a069e67a8f5d9d1c,1230,0.8130081300813008,33.0,1,1037,1037,False,ok,False,False,
adaptive-derived-resources,interactive-discover-1,discover,1,3,3,14,14,6c0a9fe8be642ee232c10c9996912b97,1241,11.2812248186946,35.0,14,1033,1034,False,ok,False,False,
adaptive-derived-resources,interactive-discover-1,discover,1,4,3,8,8,7536d3a2c1abc2a9ac92b1860efa3282,1705,4.6920821114369495,85.0,8,1078,1078,False,ok,False,False,
adaptive-derived-resources,interactive-discover-1,discover,1,0,4,6,6,d632b8166f912f4afd062d64186f2dc6,1752,3.4246575342465753,97.0,6,1057,1058,False,ok,False,False,
adaptive-derived-resources,interactive-discover-1,discover,1,1,4,4,4,e00f199d535cd1710bf9be67f04f39e4,1333,3.000750187546887,33.0,4,1169,1170,False,ok,False,False,
adaptive-derived-resources,interactive-discover-1,discover,1,2,4,1,1,c4499554f796e968a069e67a8f5d9d1c,1196,0.8361204013377926,33.0,1,1005,1005,False,ok,False,False,
adaptive-derived-resources,interactive-discover-1,discover,1,3,4,14,14,6c0a9fe8be642ee232c10c9996912b97,1288,10.869565217391305,35.0,14,1058,1059,False,ok,False,False,
adaptive-derived-resources,interactive-discover-1,discover,1,4,4,8,8,7536d3a2c1abc2a9ac92b1860efa3282,1678,4.767580452920143,85.0,8,1050,1050,False,ok,False,False,
adaptive-derived-resources,interactive-discover-1,discover,1,0,5,6,6,d632b8166f912f4afd062d64186f2dc6,1875,3.2,97.0,6,1109,1110,False,ok,False,False,
adaptive-derived-resources,interactive-discover-1,discover,1,1,5,4,4,e00f199d535cd1710bf9be67f04f39e4,1259,3.1771247021445594,33.0,4,1035,1035,False,ok,False,False,
adaptive-derived-resources,interactive-discover-1,discover,1,2,5,1,1,c4499554f796e968a069e67a8f5d9d1c,1258,0.794912559618442,33.0,1,1048,1048,False,ok,False,False,
adaptive-derived-resources,interactive-discover-1,discover,1,3,5,14,14,6c0a9fe8be642ee232c10c9996912b97,1226,11.419249592169658,35.0,14,1013,1014,False,ok,False,False,
adaptive-derived-resources,interactive-discover-1,discover,1,4,5,8,8,7536d3a2c1abc2a9ac92b1860efa3282,1676,4.773269689737471,85.0,8,1081,1082,False,ok,False,False,
adaptive-derived-resources,interactive-discover-2,discover,2,0,0,66,66,18ff3becda1d7305aaa0da5860ca7511,2180,30.275229357798164,98.0,66,1109,2178,False,ok,False,False,
adaptive-derived-resources,interactive-discover-2,discover,2,1,0,46,46,f6a5ba863b07324a44f8e492bf9ab0e1,1395,32.97491039426523,34.0,46,1034,1393,False,ok,False,False,
adaptive-derived-resources,interactive-discover-2,discover,2,2,0,32,32,113587781a953fec190d8e3339b06c26,1492,21.447721179624665,34.0,32,1119,1490,False,ok,False,False,
adaptive-derived-resources,interactive-discover-2,discover,2,3,0,198,198,23320e2cdf40e8165aa7fdff74171184,2347,84.36301661695782,36.0,198,1142,2345,False,ok,False,False,
adaptive-derived-resources,interactive-discover-2,discover,2,4,0,98,98,a7ea80830c1f3358609f53e0ce62fd9a,2074,47.251687560270014,86.0,98,1090,2071,False,ok,False,False,
adaptive-derived-resources,interactive-discover-2,discover,2,0,1,66,66,18ff3becda1d7305aaa0da5860ca7511,2044,32.28962818003914,98.0,66,1153,1240,False,ok,False,False,
adaptive-derived-resources,interactive-discover-2,discover,2,1,1,46,46,f6a5ba863b07324a44f8e492bf9ab0e1,1320,34.848484848484844,34.0,46,1115,1124,False,ok,False,False,
adaptive-derived-resources,interactive-discover-2,discover,2,2,1,32,32,113587781a953fec190d8e3339b06c26,1233,25.9529602595296,34.0,32,1032,1035,False,ok,False,False,
adaptive-derived-resources,interactive-discover-2,discover,2,3,1,198,198,23320e2cdf40e8165aa7fdff74171184,1326,149.32126696832577,36.0,198,1136,1158,False,ok,False,False,
adaptive-derived-resources,interactive-discover-2,discover,2,4,1,98,98,a7ea80830c1f3358609f53e0ce62fd9a,1699,57.68098881695114,86.0,98,1152,1173,False,ok,False,False,
adaptive-derived-resources,interactive-discover-2,discover,2,0,2,66,66,18ff3becda1d7305aaa0da5860ca7511,1780,37.07865168539326,98.0,66,1105,1120,False,ok,False,False,
adaptive-derived-resources,interactive-discover-2,discover,2,1,2,46,46,f6a5ba863b07324a44f8e492bf9ab0e1,1208,38.079470198675494,34.0,46,1006,1010,False,ok,False,False,
adaptive-derived-resources,interactive-discover-2,discover,2,2,2,32,32,113587781a953fec190d8e3339b06c26,1263,25.33650039588282,34.0,32,1051,1054,False,ok,False,False,
adaptive-derived-resources,interactive-discover-2,discover,2,3,2,198,198,23320e2cdf40e8165aa7fdff74171184,1263,156.76959619952495,36.0,198,1044,1070,False,ok,False,False,
adaptive-derived-resources,interactive-discover-2,discover,2,4,2,98,98,a7ea80830c1f3358609f53e0ce62fd9a,2116,46.31379962192816,86.0,98,1195,1295,False,ok,False,False,
adaptive-derived-resources,interactive-discover-2,discover,2,0,3,66,66,18ff3becda1d7305aaa0da5860ca7511,1762,37.457434733257664,98.0,66,1115,1123,False,ok,False,False,
adaptive-derived-resources,interactive-discover-2,discover,2,1,3,46,46,f6a5ba863b07324a44f8e492bf9ab0e1,1255,36.65338645418327,34.0,46,1054,1058,False,ok,False,False,
adaptive-derived-resources,interactive-discover-2,discover,2,2,3,32,32,113587781a953fec190d8e3339b06c26,1207,26.512013256006625,34.0,32,1012,1014,False,ok,False,False,
adaptive-derived-resources,interactive-discover-2,discover,2,3,3,198,198,23320e2cdf40e8165aa7fdff74171184,1269,156.02836879432624,36.0,198,1072,1099,False,ok,False,False,
adaptive-derived-resources,interactive-discover-2,discover,2,4,3,98,98,a7ea80830c1f3358609f53e0ce62fd9a,1607,60.98319850653392,86.0,98,1065,1077,False,ok,False,False,
adaptive-derived-resources,interactive-discover-2,discover,2,0,4,66,66,18ff3becda1d7305aaa0da5860ca7511,1774,37.20405862457723,98.0,66,1075,1089,False,ok,False,False,
adaptive-derived-resources,interactive-discover-2,discover,2,1,4,46,46,f6a5ba863b07324a44f8e492bf9ab0e1,1268,36.277602523659304,34.0,46,1043,1047,False,ok,False,False,
adaptive-derived-resources,interactive-discover-2,discover,2,2,4,32,32,113587781a953fec190d8e3339b06c26,1180,27.118644067796613,34.0,32,985,988,False,ok,False,False,
adaptive-derived-resources,interactive-discover-2,discover,2,3,4,198,198,23320e2cdf40e8165aa7fdff74171184,1282,154.4461778471139,36.0,198,1070,1129,False,ok,False,False,
adaptive-derived-resources,interactive-discover-2,discover,2,4,4,98,98,a7ea80830c1f3358609f53e0ce62fd9a,1884,52.01698513800425,86.0,98,1133,1624,False,ok,False,False,
adaptive-derived-resources,interactive-discover-2,discover,2,0,5,66,66,18ff3becda1d7305aaa0da5860ca7511,1982,33.29969727547931,98.0,66,1163,1171,False,ok,False,False,
adaptive-derived-resources,interactive-discover-2,discover,2,1,5,46,46,f6a5ba863b07324a44f8e492bf9ab0e1,1292,35.60371517027863,34.0,46,1094,1098,False,ok,False,False,
adaptive-derived-resources,interactive-discover-2,discover,2,2,5,32,32,113587781a953fec190d8e3339b06c26,1205,26.55601659751037,34.0,32,1019,1021,False,ok,False,False,
adaptive-derived-resources,interactive-discover-2,discover,2,3,5,198,198,23320e2cdf40e8165aa7fdff74171184,1246,158.90850722311396,36.0,198,1029,1059,False,ok,False,False,
adaptive-derived-resources,interactive-discover-2,discover,2,4,5,98,98,a7ea80830c1f3358609f53e0ce62fd9a,1651,59.35796486977589,86.0,98,1109,1122,False,ok,False,False,
adaptive-derived-resources,interactive-discover-3,discover,3,0,0,68,68,e9f9c6f077dd7a85180d21221150597a,96319,0.705987396048547,346.0,68,96313,96318,False,ok,False,False,
adaptive-derived-resources,interactive-discover-3,discover,3,1,0,66,66,bf39c452faf678539dd6bec9f8931c5e,96060,0.6870705808869456,286.0,66,96057,96059,False,ok,False,False,
adaptive-derived-resources,interactive-discover-3,discover,3,2,0,54,54,c6f1026b5b378b95fed1b609efe82a86,79390,0.6801864214636604,198.0,54,79386,79388,False,ok,False,False,
adaptive-derived-resources,interactive-discover-3,discover,3,3,0,196,196,3103aacb8c0b38645fd73f8b05191c84,162171,1.2086007979231799,444.0,196,162157,162170,False,ok,False,False,
adaptive-derived-resources,interactive-discover-3,discover,3,4,0,137,137,922f2cfc8273304ad1f823de44367223,114832,1.1930472342204264,384.0,137,114823,114831,False,ok,False,False,
adaptive-derived-resources,interactive-discover-3,discover,3,0,1,68,68,e9f9c6f077dd7a85180d21221150597a,98570,0.6898650705082683,346.0,68,98567,98569,False,ok,False,False,
adaptive-derived-resources,interactive-discover-3,discover,3,1,1,66,66,bf39c452faf678539dd6bec9f8931c5e,97756,0.6751503744015712,286.0,66,97752,97754,False,ok,False,False,
adaptive-derived-resources,interactive-discover-3,discover,3,2,1,54,54,c6f1026b5b378b95fed1b609efe82a86,78590,0.6871103193790559,198.0,54,78587,78589,False,ok,False,False,
adaptive-derived-resources,interactive-discover-3,discover,3,3,1,196,196,3103aacb8c0b38645fd73f8b05191c84,160482,1.22132077117683,444.0,196,160475,160481,False,ok,False,False,
adaptive-derived-resources,interactive-discover-3,discover,3,4,1,137,137,922f2cfc8273304ad1f823de44367223,112174,1.2213168827000909,384.0,137,112166,112171,False,ok,False,False,
adaptive-derived-resources,interactive-discover-3,discover,3,0,2,68,68,e9f9c6f077dd7a85180d21221150597a,95934,0.7088206475285092,346.0,68,95932,95933,False,ok,False,False,
adaptive-derived-resources,interactive-discover-3,discover,3,1,2,66,66,bf39c452faf678539dd6bec9f8931c5e,95052,0.6943567731347051,286.0,66,95049,95051,False,ok,False,False,
adaptive-derived-resources,interactive-discover-3,discover,3,2,2,54,54,c6f1026b5b378b95fed1b609efe82a86,81692,0.661019438867943,198.0,54,81689,81691,False,ok,False,False,
adaptive-derived-resources,interactive-discover-3,discover,3,3,2,196,196,3103aacb8c0b38645fd73f8b05191c84,159903,1.2257431067584723,444.0,196,159897,159902,False,ok,False,False,
adaptive-derived-resources,interactive-discover-3,discover,3,4,2,137,137,922f2cfc8273304ad1f823de44367223,113242,1.209798484661168,384.0,137,113229,113240,False,ok,False,False,
adaptive-derived-resources,interactive-discover-3,discover,3,0,3,68,68,e9f9c6f077dd7a85180d21221150597a,95732,0.7103162996699118,346.0,68,95728,95730,False,ok,False,False,
adaptive-derived-resources,interactive-discover-3,discover,3,1,3,66,66,bf39c452faf678539dd6bec9f8931c5e,95629,0.6901672086919239,286.0,66,95625,95628,False,ok,False,False,
adaptive-derived-resources,interactive-discover-3,discover,3,2,3,54,54,c6f1026b5b378b95fed1b609efe82a86,78359,0.6891359001518652,198.0,54,78357,78358,False,ok,False,False,
adaptive-derived-resources,interactive-discover-3,discover,3,3,3,196,196,3103aacb8c0b38645fd73f8b05191c84,162512,1.206064782908339,444.0,196,162506,162512,False,ok,False,False,
adaptive-derived-resources,interactive-discover-3,discover,3,4,3,137,137,922f2cfc8273304ad1f823de44367223,113493,1.2071229062585358,384.0,137,113487,113491,False,ok,False,False,
adaptive-derived-resources,interactive-discover-3,discover,3,0,4,68,68,e9f9c6f077dd7a85180d21221150597a,95675,0.7107394826234649,346.0,68,95671,95673,False,ok,False,False,
adaptive-derived-resources,interactive-discover-3,discover,3,1,4,66,66,bf39c452faf678539dd6bec9f8931c5e,95541,0.6908029013721858,286.0,66,95537,95540,False,ok,False,False,
adaptive-derived-resources,interactive-discover-3,discover,3,2,4,54,54,c6f1026b5b378b95fed1b609efe82a86,79702,0.6775237760658452,198.0,54,79698,79701,False,ok,False,False,
adaptive-derived-resources,interactive-discover-3,discover,3,3,4,196,196,3103aacb8c0b38645fd73f8b05191c84,160854,1.2184962761261764,444.0,196,160843,160852,False,ok,False,False,
adaptive-derived-resources,interactive-discover-3,discover,3,4,4,137,137,922f2cfc8273304ad1f823de44367223,112306,1.2198813954730825,384.0,137,112300,112305,False,ok,False,False,
adaptive-derived-resources,interactive-discover-3,discover,3,0,5,68,68,e9f9c6f077dd7a85180d21221150597a,97170,0.6998044663990943,346.0,68,97165,97169,False,ok,False,False,
adaptive-derived-resources,interactive-discover-3,discover,3,1,5,66,66,bf39c452faf678539dd6bec9f8931c5e,96393,0.6846970215679562,286.0,66,96385,96392,False,ok,False,False,
adaptive-derived-resources,interactive-discover-3,discover,3,2,5,54,54,c6f1026b5b378b95fed1b609efe82a86,78490,0.687985730666327,198.0,54,78488,78489,False,ok,False,False,
adaptive-derived-resources,interactive-discover-3,discover,3,3,5,196,196,3103aacb8c0b38645fd73f8b05191c84,150944,1.298494806020776,444.0,196,150937,150943,False,ok,False,False,
adaptive-derived-resources,interactive-discover-3,discover,3,4,5,137,137,922f2cfc8273304ad1f823de44367223,116164,1.1793671016838263,384.0,137,116157,116162,False,ok,False,False,
adaptive-derived-resources,interactive-discover-4,discover,4,0,0,5,5,3112eede040aaa01aedc457789eed356,2535,1.972386587771203,128.0,5,2534,2534,False,ok,False,False,
adaptive-derived-resources,interactive-discover-4,discover,4,1,0,3,3,cd6f381a6281527b1dbda2f21a1a702a,1336,2.245508982035928,40.0,3,1335,1335,False,ok,False,False,
adaptive-derived-resources,interactive-discover-4,discover,4,2,0,3,3,ed1ebad4adf97e9e94be0ca88af2d8bb,1268,2.365930599369085,40.0,3,1267,1267,False,ok,False,False,
adaptive-derived-resources,interactive-discover-4,discover,4,3,0,3,3,16a10be88d7ff874026ce66a4e993ecb,1817,1.651073197578426,44.0,3,1816,1817,False,ok,False,False,
adaptive-derived-resources,interactive-discover-4,discover,4,4,0,7,7,d0ef3bb68aa278a8f97f329adee97dd8,2222,3.1503150315031503,124.0,7,2221,2221,False,ok,False,False,
adaptive-derived-resources,interactive-discover-4,discover,4,0,1,5,5,3112eede040aaa01aedc457789eed356,2084,2.399232245681382,128.0,5,2083,2084,False,ok,False,False,
adaptive-derived-resources,interactive-discover-4,discover,4,1,1,3,3,cd6f381a6281527b1dbda2f21a1a702a,1263,2.3752969121140146,40.0,3,1262,1262,False,ok,False,False,
adaptive-derived-resources,interactive-discover-4,discover,4,2,1,3,3,ed1ebad4adf97e9e94be0ca88af2d8bb,1224,2.450980392156863,40.0,3,1224,1224,False,ok,False,False,
adaptive-derived-resources,interactive-discover-4,discover,4,3,1,3,3,16a10be88d7ff874026ce66a4e993ecb,1257,2.3866348448687353,44.0,3,1256,1256,False,ok,False,False,
adaptive-derived-resources,interactive-discover-4,discover,4,4,1,7,7,d0ef3bb68aa278a8f97f329adee97dd8,1886,3.7115588547189824,124.0,7,1885,1885,False,ok,False,False,
adaptive-derived-resources,interactive-discover-4,discover,4,0,2,5,5,3112eede040aaa01aedc457789eed356,1841,2.7159152634437804,128.0,5,1840,1841,False,ok,False,False,
adaptive-derived-resources,interactive-discover-4,discover,4,1,2,3,3,cd6f381a6281527b1dbda2f21a1a702a,1089,2.7548209366391188,40.0,3,1088,1088,False,ok,False,False,
adaptive-derived-resources,interactive-discover-4,discover,4,2,2,3,3,ed1ebad4adf97e9e94be0ca88af2d8bb,1174,2.5553662691652472,40.0,3,1173,1173,False,ok,False,False,
adaptive-derived-resources,interactive-discover-4,discover,4,3,2,3,3,16a10be88d7ff874026ce66a4e993ecb,1211,2.477291494632535,44.0,3,1209,1209,False,ok,False,False,
adaptive-derived-resources,interactive-discover-4,discover,4,4,2,7,7,d0ef3bb68aa278a8f97f329adee97dd8,1938,3.6119711042311664,124.0,7,1937,1937,False,ok,False,False,
adaptive-derived-resources,interactive-discover-4,discover,4,0,3,5,5,3112eede040aaa01aedc457789eed356,2007,2.4912805181863478,128.0,5,2006,2006,False,ok,False,False,
adaptive-derived-resources,interactive-discover-4,discover,4,1,3,3,3,cd6f381a6281527b1dbda2f21a1a702a,1128,2.659574468085107,40.0,3,1127,1127,False,ok,False,False,
adaptive-derived-resources,interactive-discover-4,discover,4,2,3,3,3,ed1ebad4adf97e9e94be0ca88af2d8bb,1097,2.7347310847766635,40.0,3,1096,1096,False,ok,False,False,
adaptive-derived-resources,interactive-discover-4,discover,4,3,3,3,3,16a10be88d7ff874026ce66a4e993ecb,1212,2.4752475247524752,44.0,3,1211,1211,False,ok,False,False,
adaptive-derived-resources,interactive-discover-4,discover,4,4,3,7,7,d0ef3bb68aa278a8f97f329adee97dd8,1908,3.668763102725367,124.0,7,1907,1907,False,ok,False,False,
adaptive-derived-resources,interactive-discover-4,discover,4,0,4,5,5,3112eede040aaa01aedc457789eed356,1669,2.9958058717795084,128.0,5,1668,1668,False,ok,False,False,
adaptive-derived-resources,interactive-discover-4,discover,4,1,4,3,3,cd6f381a6281527b1dbda2f21a1a702a,1116,2.6881720430107525,40.0,3,1115,1115,False,ok,False,False,
adaptive-derived-resources,interactive-discover-4,discover,4,2,4,3,3,ed1ebad4adf97e9e94be0ca88af2d8bb,1093,2.7447392497712717,40.0,3,1093,1093,False,ok,False,False,
adaptive-derived-resources,interactive-discover-4,discover,4,3,4,3,3,16a10be88d7ff874026ce66a4e993ecb,1211,2.477291494632535,44.0,3,1211,1211,False,ok,False,False,
adaptive-derived-resources,interactive-discover-4,discover,4,4,4,7,7,d0ef3bb68aa278a8f97f329adee97dd8,1919,3.6477331943720688,124.0,7,1918,1918,False,ok,False,False,
adaptive-derived-resources,interactive-discover-4,discover,4,0,5,5,5,3112eede040aaa01aedc457789eed356,1773,2.820078962210942,128.0,5,1772,1772,False,ok,False,False,
adaptive-derived-resources,interactive-discover-4,discover,4,1,5,3,3,cd6f381a6281527b1dbda2f21a1a702a,1081,2.775208140610546,40.0,3,1080,1080,False,ok,False,False,
adaptive-derived-resources,interactive-discover-4,discover,4,2,5,3,3,ed1ebad4adf97e9e94be0ca88af2d8bb,1075,2.7906976744186047,40.0,3,1074,1074,False,ok,False,False,
adaptive-derived-resources,interactive-discover-4,discover,4,3,5,3,3,16a10be88d7ff874026ce66a4e993ecb,1325,2.2641509433962264,44.0,3,1324,1324,False,ok,False,False,
adaptive-derived-resources,interactive-discover-4,discover,4,4,5,7,7,d0ef3bb68aa278a8f97f329adee97dd8,1916,3.653444676409186,124.0,7,1915,1915,False,ok,False,False,
adaptive-derived-resources,interactive-discover-5,discover,5,0,0,15,15,cab888487e7572de37a55f0e8c3ec060,1604,9.351620947630922,93.0,15,846,911,False,ok,False,False,
adaptive-derived-resources,interactive-discover-5,discover,5,1,0,3,3,7fc43bb183e4fb0238576536413c6c45,1158,2.590673575129534,29.0,3,800,809,False,ok,False,False,
adaptive-derived-resources,interactive-discover-5,discover,5,2,0,3,3,2543010e761cb36b6f0c3e103e58af43,1062,2.8248587570621466,29.0,3,758,761,False,ok,False,False,
adaptive-derived-resources,interactive-discover-5,discover,5,3,0,4,4,76fc6cfa5c07ff3011e9f2d7ac2ae7e0,1084,3.6900369003690034,31.0,4,787,810,False,ok,False,False,
adaptive-derived-resources,interactive-discover-5,discover,5,4,0,20,20,880a30fb8a9114b4807acb78d9e7d141,1671,11.968880909634949,81.0,20,894,1004,False,ok,False,False,
adaptive-derived-resources,interactive-discover-5,discover,5,0,1,15,15,cab888487e7572de37a55f0e8c3ec060,1683,8.9126559714795,93.0,15,853,928,False,ok,False,False,
adaptive-derived-resources,interactive-discover-5,discover,5,1,1,3,3,7fc43bb183e4fb0238576536413c6c45,1104,2.7173913043478257,29.0,3,817,822,False,ok,False,False,
adaptive-derived-resources,interactive-discover-5,discover,5,2,1,3,3,2543010e761cb36b6f0c3e103e58af43,1041,2.8818443804034586,29.0,3,771,776,False,ok,False,False,
adaptive-derived-resources,interactive-discover-5,discover,5,3,1,4,4,76fc6cfa5c07ff3011e9f2d7ac2ae7e0,1079,3.7071362372567194,31.0,4,840,862,False,ok,False,False,
adaptive-derived-resources,interactive-discover-5,discover,5,4,1,20,20,880a30fb8a9114b4807acb78d9e7d141,1514,13.21003963011889,81.0,20,894,1008,False,ok,False,False,
adaptive-derived-resources,interactive-discover-5,discover,5,0,2,15,15,cab888487e7572de37a55f0e8c3ec060,1604,9.351620947630922,93.0,15,791,978,False,ok,False,False,
adaptive-derived-resources,interactive-discover-5,discover,5,1,2,3,3,7fc43bb183e4fb0238576536413c6c45,1079,2.7803521779425395,29.0,3,831,835,False,ok,False,False,
adaptive-derived-resources,interactive-discover-5,discover,5,2,2,3,3,2543010e761cb36b6f0c3e103e58af43,1063,2.8222013170272815,29.0,3,782,785,False,ok,False,False,
adaptive-derived-resources,interactive-discover-5,discover,5,3,2,4,4,76fc6cfa5c07ff3011e9f2d7ac2ae7e0,1119,3.5746201966041107,31.0,4,799,816,False,ok,False,False,
adaptive-derived-resources,interactive-discover-5,discover,5,4,2,20,20,880a30fb8a9114b4807acb78d9e7d141,1645,12.1580547112462,81.0,20,768,993,False,ok,False,False,
adaptive-derived-resources,interactive-discover-5,discover,5,0,3,15,15,cab888487e7572de37a55f0e8c3ec060,1666,9.003601440576231,93.0,15,911,1608,False,ok,False,False,
adaptive-derived-resources,interactive-discover-5,discover,5,1,3,3,3,7fc43bb183e4fb0238576536413c6c45,1066,2.8142589118198873,29.0,3,827,832,False,ok,False,False,
adaptive-derived-resources,interactive-discover-5,discover,5,2,3,3,3,2543010e761cb36b6f0c3e103e58af43,1034,2.9013539651837523,29.0,3,827,833,False,ok,False,False,
adaptive-derived-resources,interactive-discover-5,discover,5,3,3,4,4,76fc6cfa5c07ff3011e9f2d7ac2ae7e0,1108,3.6101083032490973,31.0,4,808,809,False,ok,False,False,
adaptive-derived-resources,interactive-discover-5,discover,5,4,3,20,20,880a30fb8a9114b4807acb78d9e7d141,1396,14.326647564469916,81.0,20,783,869,False,ok,False,False,
adaptive-derived-resources,interactive-discover-5,discover,5,0,4,15,15,cab888487e7572de37a55f0e8c3ec060,1733,8.655510675129833,93.0,15,875,975,False,ok,False,False,
adaptive-derived-resources,interactive-discover-5,discover,5,1,4,3,3,7fc43bb183e4fb0238576536413c6c45,1055,2.843601895734597,29.0,3,833,840,False,ok,False,False,
adaptive-derived-resources,interactive-discover-5,discover,5,2,4,3,3,2543010e761cb36b6f0c3e103e58af43,1081,2.775208140610546,29.0,3,703,706,False,ok,False,False,
adaptive-derived-resources,interactive-discover-5,discover,5,3,4,4,4,76fc6cfa5c07ff3011e9f2d7ac2ae7e0,1078,3.7105751391465676,31.0,4,852,861,False,ok,False,False,
adaptive-derived-resources,interactive-discover-5,discover,5,4,4,20,20,880a30fb8a9114b4807acb78d9e7d141,1539,12.995451591942821,81.0,20,808,987,False,ok,False,False,
adaptive-derived-resources,interactive-discover-5,discover,5,0,5,15,15,cab888487e7572de37a55f0e8c3ec060,1557,9.633911368015415,93.0,15,894,935,False,ok,False,False,
adaptive-derived-resources,interactive-discover-5,discover,5,1,5,3,3,7fc43bb183e4fb0238576536413c6c45,1067,2.8116213683223994,29.0,3,795,800,False,ok,False,False,
adaptive-derived-resources,interactive-discover-5,discover,5,2,5,3,3,2543010e761cb36b6f0c3e103e58af43,1035,2.8985507246376816,29.0,3,822,828,False,ok,False,False,
adaptive-derived-resources,interactive-discover-5,discover,5,3,5,4,4,76fc6cfa5c07ff3011e9f2d7ac2ae7e0,1104,3.623188405797101,31.0,4,800,818,False,ok,False,False,
adaptive-derived-resources,interactive-discover-5,discover,5,4,5,20,20,880a30fb8a9114b4807acb78d9e7d141,1599,12.507817385866167,81.0,20,825,890,False,ok,False,False,
adaptive-derived-resources,interactive-discover-6,discover,6,0,0,33,33,240c19f39eed1e3ac67718ff57b63a0d,160519,0.20558313969062852,11092.0,33,1154,1591,False,ok,False,False,
adaptive-derived-resources,interactive-discover-6,discover,6,1,0,1,1,cd3466cc43b32ce51d8f13d5516f2ef2,1282,0.7800312012480499,31.0,1,1176,1176,False,ok,False,False,
adaptive-derived-resources,interactive-discover-6,discover,6,2,0,1,1,29960679941029d6a70f26d6904d3728,1212,0.8250825082508251,31.0,1,1107,1107,False,ok,False,False,
adaptive-derived-resources,interactive-discover-6,discover,6,3,0,2,2,dda32920d34bcd8a1bf9ed13c89c4b4d,246557,0.00811171453254217,,2,1113,1171,True,crash,False,False,terminated
adaptive-derived-resources,interactive-discover-6,discover,6,4,0,27,27,613936d3d666a311d54e99e3a8f9cdad,3221,8.382489909965848,83.0,27,2465,3016,False,ok,False,False,
adaptive-derived-resources,interactive-discover-6,discover,6,0,1,33,33,240c19f39eed1e3ac67718ff57b63a0d,155836,0.21176108216329986,11121.0,33,1521,1969,False,ok,False,False,
adaptive-derived-resources,interactive-discover-6,discover,6,1,1,1,1,cd3466cc43b32ce51d8f13d5516f2ef2,1202,0.831946755407654,31.0,1,1086,1086,False,ok,False,False,
adaptive-derived-resources,interactive-discover-6,discover,6,2,1,1,1,29960679941029d6a70f26d6904d3728,1145,0.8733624454148472,31.0,1,1047,1047,False,ok,False,False,
adaptive-derived-resources,interactive-discover-6,discover,6,3,1,2,2,dda32920d34bcd8a1bf9ed13c89c4b4d,242816,0.00823668950975224,,2,1117,1119,True,crash,False,False,terminated
adaptive-derived-resources,interactive-discover-6,discover,6,4,1,27,27,613936d3d666a311d54e99e3a8f9cdad,3068,8.800521512385918,83.0,27,2309,3013,False,ok,False,False,
adaptive-derived-resources,interactive-discover-6,discover,6,0,2,33,33,240c19f39eed1e3ac67718ff57b63a0d,149950,0.22007335778592865,11117.0,33,1570,2125,False,ok,False,False,
adaptive-derived-resources,interactive-discover-6,discover,6,1,2,1,1,cd3466cc43b32ce51d8f13d5516f2ef2,1191,0.8396305625524769,31.0,1,1082,1082,False,ok,False,False,
adaptive-derived-resources,interactive-discover-6,discover,6,2,2,1,1,29960679941029d6a70f26d6904d3728,1169,0.8554319931565441,31.0,1,1055,1055,False,ok,False,False,
adaptive-derived-resources,interactive-discover-6,discover,6,3,2,2,2,dda32920d34bcd8a1bf9ed13c89c4b4d,259630,0.0077032700381311865,,2,1101,1188,True,crash,False,False,terminated
adaptive-derived-resources,interactive-discover-6,discover,6,4,2,27,27,613936d3d666a311d54e99e3a8f9cdad,3495,7.725321888412017,83.0,27,2696,3493,False,ok,False,False,
adaptive-derived-resources,interactive-discover-6,discover,6,0,3,33,33,240c19f39eed1e3ac67718ff57b63a0d,166174,0.1985870232406995,11047.0,33,1533,2165,False,ok,False,False,
adaptive-derived-resources,interactive-discover-6,discover,6,1,3,1,1,cd3466cc43b32ce51d8f13d5516f2ef2,1147,0.8718395815170008,31.0,1,1047,1047,False,ok,False,False,
adaptive-derived-resources,interactive-discover-6,discover,6,2,3,1,1,29960679941029d6a70f26d6904d3728,1154,0.8665511265164645,31.0,1,1052,1052,False,ok,False,False,
adaptive-derived-resources,interactive-discover-6,discover,6,3,3,2,2,dda32920d34bcd8a1bf9ed13c89c4b4d,178702,0.011191816543743216,11095.0,2,1144,1145,False,ok,False,False,
adaptive-derived-resources,interactive-discover-6,discover,6,4,3,27,27,613936d3d666a311d54e99e3a8f9cdad,3111,8.678881388621022,83.0,27,2887,3105,False,ok,False,False,
adaptive-derived-resources,interactive-discover-6,discover,6,0,4,33,33,240c19f39eed1e3ac67718ff57b63a0d,143130,0.23055963110459024,11120.0,33,1265,1775,False,ok,False,False,
adaptive-derived-resources,interactive-discover-6,discover,6,1,4,1,1,cd3466cc43b32ce51d8f13d5516f2ef2,1158,0.8635578583765113,31.0,1,1044,1044,False,ok,False,False,
adaptive-derived-resources,interactive-discover-6,discover,6,2,4,1,1,29960679941029d6a70f26d6904d3728,1132,0.88339222614841,31.0,1,1027,1027,False,ok,False,False,
adaptive-derived-resources,interactive-discover-6,discover,6,3,4,2,2,dda32920d34bcd8a1bf9ed13c89c4b4d,244721,0.008172572031006738,,2,1143,1145,True,crash,False,False,terminated
adaptive-derived-resources,interactive-discover-6,discover,6,4,4,27,27,613936d3d666a311d54e99e3a8f9cdad,3110,8.681672025723474,83.0,27,2361,3043,False,ok,False,False,
adaptive-derived-resources,interactive-discover-6,discover,6,0,5,33,33,240c19f39eed1e3ac67718ff57b63a0d,165247,0.19970105357434625,11122.0,33,1667,2129,False,ok,False,False,
adaptive-derived-resources,interactive-discover-6,discover,6,1,5,1,1,cd3466cc43b32ce51d8f13d5516f2ef2,1226,0.8156606851549756,31.0,1,1122,1122,False,ok,False,False,
adaptive-derived-resources,interactive-discover-6,discover,6,2,5,1,1,29960679941029d6a70f26d6904d3728,1146,0.8726003490401397,31.0,1,1049,1049,False,ok,False,False,
adaptive-derived-resources,interactive-discover-6,discover,6,3,5,2,2,dda32920d34bcd8a1bf9ed13c89c4b4d,247920,0.008067118425298484,,2,1114,1185,True,crash,False,False,terminated
adaptive-derived-resources,interactive-discover-6,discover,6,4,5,27,27,613936d3d666a311d54e99e3a8f9cdad,3100,8.709677419354838,83.0,27,2397,2998,False,ok,False,False,
adaptive-derived-resources,interactive-discover-7,discover,7,0,0,2,2,d8614c4f7b4fe0cc2f1623d07244cf20,300109,0.006664245324198875,,2,1606,19801,True,timeout,True,False,"Unexpected ""!"" at position 0 in state STOP"
adaptive-derived-resources,interactive-discover-7,discover,7,1,0,1,1,75ab2bd12ac1e16dcc02f8c9e8d97308,3699,0.2703433360367667,33.0,1,3594,3594,False,ok,False,False,
adaptive-derived-resources,interactive-discover-7,discover,7,2,0,1,1,faf54113a5297c559416a2dd78b9cc86,1993,0.5017561465127948,33.0,1,1873,1873,False,ok,False,False,
adaptive-derived-resources,interactive-discover-7,discover,7,3,0,2,2,d2faccc09255b3a49e90b46ed45ffe1d,300011,0.006666422231184856,,2,1544,45311,True,timeout,True,False,"Unexpected ""!"" at position 0 in state STOP"
adaptive-derived-resources,interactive-discover-7,discover,7,4,0,1,1,3ee14484ce425fdbae40700cdd59c0d2,3862,0.2589331952356292,85.0,1,3118,3118,False,ok,False,False,
adaptive-derived-resources,interactive-discover-7,discover,7,0,1,2,2,d8614c4f7b4fe0cc2f1623d07244cf20,300008,0.006666488893629504,,2,2369,16550,True,timeout,True,False,"Unexpected ""!"" at position 0 in state STOP"
adaptive-derived-resources,interactive-discover-7,discover,7,1,1,1,1,75ab2bd12ac1e16dcc02f8c9e8d97308,2001,0.49975012493753124,33.0,1,1893,1893,False,ok,False,False,
adaptive-derived-resources,interactive-discover-7,discover,7,2,1,1,1,faf54113a5297c559416a2dd78b9cc86,1668,0.5995203836930456,33.0,1,1558,1558,False,ok,False,False,
adaptive-derived-resources,interactive-discover-7,discover,7,3,1,2,2,d2faccc09255b3a49e90b46ed45ffe1d,300022,0.0066661778136270005,,2,1622,17319,True,timeout,True,False,"Unexpected ""!"" at position 0 in state STOP"
adaptive-derived-resources,interactive-discover-7,discover,7,4,1,1,1,3ee14484ce425fdbae40700cdd59c0d2,2951,0.3388681802778719,85.0,1,2225,2225,False,ok,False,False,
adaptive-derived-resources,interactive-discover-7,discover,7,0,2,2,2,d8614c4f7b4fe0cc2f1623d07244cf20,300008,0.006666488893629504,,2,1352,9519,True,timeout,True,False,"Unexpected ""!"" at position 0 in state STOP"
adaptive-derived-resources,interactive-discover-7,discover,7,1,2,1,1,75ab2bd12ac1e16dcc02f8c9e8d97308,4206,0.2377555872563005,33.0,1,4074,4074,False,ok,False,False,
adaptive-derived-resources,interactive-discover-7,discover,7,2,2,1,1,faf54113a5297c559416a2dd78b9cc86,2694,0.37119524870081666,33.0,1,2562,2562,False,ok,False,False,
adaptive-derived-resources,interactive-discover-7,discover,7,3,2,2,2,d2faccc09255b3a49e90b46ed45ffe1d,300012,0.00666640001066624,,2,1795,48059,True,timeout,True,False,"Unexpected ""!"" at position 0 in state STOP"
adaptive-derived-resources,interactive-discover-7,discover,7,4,2,1,1,3ee14484ce425fdbae40700cdd59c0d2,2806,0.3563791874554526,85.0,1,1963,1963,False,ok,False,False,
adaptive-derived-resources,interactive-discover-7,discover,7,0,3,2,2,d8614c4f7b4fe0cc2f1623d07244cf20,300008,0.006666488893629504,,2,1512,15755,True,timeout,True,False,"Unexpected ""!"" at position 0 in state STOP"
adaptive-derived-resources,interactive-discover-7,discover,7,1,3,1,1,75ab2bd12ac1e16dcc02f8c9e8d97308,4999,0.20004000800160032,33.0,1,4876,4876,False,ok,False,False,
adaptive-derived-resources,interactive-discover-7,discover,7,2,3,1,1,faf54113a5297c559416a2dd78b9cc86,2847,0.3512469265893923,33.0,1,2638,2638,False,ok,False,False,
adaptive-derived-resources,interactive-discover-7,discover,7,3,3,2,2,d2faccc09255b3a49e90b46ed45ffe1d,300013,0.006666377790295754,,2,1982,32434,True,timeout,True,False,"Unexpected ""!"" at position 0 in state STOP"
adaptive-derived-resources,interactive-discover-7,discover,7,4,3,1,1,3ee14484ce425fdbae40700cdd59c0d2,3900,0.25641025641025644,85.0,1,3095,3095,False,ok,False,False,
adaptive-derived-resources,interactive-discover-7,discover,7,0,4,2,2,d8614c4f7b4fe0cc2f1623d07244cf20,300009,0.006666466672666486,,2,2743,9689,True,timeout,True,False,"Unexpected ""!"" at position 0 in state STOP"
adaptive-derived-resources,interactive-discover-7,discover,7,1,4,1,1,75ab2bd12ac1e16dcc02f8c9e8d97308,2639,0.3789314134141721,33.0,1,2530,2530,False,ok,False,False,
adaptive-derived-resources,interactive-discover-7,discover,7,2,4,1,1,faf54113a5297c559416a2dd78b9cc86,1967,0.5083884087442806,33.0,1,1849,1849,False,ok,False,False,
adaptive-derived-resources,interactive-discover-7,discover,7,3,4,2,2,d2faccc09255b3a49e90b46ed45ffe1d,300009,0.006666466672666486,,2,1620,27927,True,timeout,True,False,"Unexpected ""!"" at position 0 in state STOP"
adaptive-derived-resources,interactive-discover-7,discover,7,4,4,1,1,3ee14484ce425fdbae40700cdd59c0d2,3041,0.3288391976323578,85.0,1,2180,2180,False,ok,False,False,
adaptive-derived-resources,interactive-discover-7,discover,7,0,5,2,2,d8614c4f7b4fe0cc2f1623d07244cf20,306082,0.0065341967185264084,,2,1634,12904,True,timeout,True,False,"Unexpected ""!"" at position 0 in state STOP"
adaptive-derived-resources,interactive-discover-7,discover,7,1,5,1,1,75ab2bd12ac1e16dcc02f8c9e8d97308,2062,0.4849660523763337,33.0,1,1943,1943,False,ok,False,False,
adaptive-derived-resources,interactive-discover-7,discover,7,2,5,1,1,faf54113a5297c559416a2dd78b9cc86,1624,0.6157635467980295,33.0,1,1518,1518,False,ok,False,False,
adaptive-derived-resources,interactive-discover-7,discover,7,3,5,2,2,d2faccc09255b3a49e90b46ed45ffe1d,300008,0.006666488893629504,,2,1552,33854,True,timeout,True,False,"Unexpected ""!"" at position 0 in state STOP"
adaptive-derived-resources,interactive-discover-7,discover,7,4,5,1,1,3ee14484ce425fdbae40700cdd59c0d2,5060,0.19762845849802374,85.0,1,4260,4260,False,ok,False,False,
adaptive-derived-resources,interactive-discover-8,discover,8,0,0,10,10,388496bcb00b5f1b177cae4fc341265d,6887,1.4520110352838682,120.0,10,5880,6884,False,ok,False,False,
adaptive-derived-resources,interactive-discover-8,discover,8,1,0,10,10,af0ebbbe8500f4b123c96deae5cfc3a4,2031,4.923682914820286,41.0,10,1977,2030,False,ok,False,False,
adaptive-derived-resources,interactive-discover-8,discover,8,2,0,10,10,14c42de585383255e7cf3757fed29e2e,1457,6.863417982155113,31.0,10,1449,1456,False,ok,False,False,
adaptive-derived-resources,interactive-discover-8,discover,8,3,0,10,10,3a18f9bfc79b393d22deeeddfaec8c2e,3061,3.266906239790918,58.0,10,3024,3060,False,ok,False,False,
adaptive-derived-resources,interactive-discover-8,discover,8,4,0,10,10,edfc2d7365686735b39f10138c4e8049,1461,6.844626967830253,35.0,10,1460,1460,False,ok,False,False,
adaptive-derived-resources,interactive-discover-8,discover,8,0,1,10,10,e57dbe8986a5e3245c930c72a94f6a80,5974,1.6739203213927016,136.0,10,4906,5973,False,ok,False,False,
adaptive-derived-resources,interactive-discover-8,discover,8,1,1,10,10,af0ebbbe8500f4b123c96deae5cfc3a4,1729,5.78368999421631,31.0,10,1456,1728,False,ok,False,False,
adaptive-derived-resources,interactive-discover-8,discover,8,2,1,10,10,46a957da153e133f8d4d68d8395077a0,1107,9.033423667570009,33.0,10,1106,1107,False,ok,False,False,
adaptive-derived-resources,interactive-discover-8,discover,8,3,1,10,10,3a18f9bfc79b393d22deeeddfaec8c2e,2927,3.4164673727365904,57.0,10,2886,2927,False,ok,False,False,
adaptive-derived-resources,interactive-discover-8,discover,8,4,1,10,10,edfc2d7365686735b39f10138c4e8049,1144,8.741258741258742,32.0,10,1079,1144,False,ok,False,False,
adaptive-derived-resources,interactive-discover-8,discover,8,0,2,10,10,0e5c3b2c0f3d6cb19a1b6b22b81d8a5d,5294,1.8889308651303365,112.0,10,4814,5293,False,ok,False,False,
adaptive-derived-resources,interactive-discover-8,discover,8,1,2,10,10,af0ebbbe8500f4b123c96deae5cfc3a4,991,10.090817356205854,29.0,10,969,990,False,ok,False,False,
adaptive-derived-resources,interactive-discover-8,discover,8,2,2,10,10,14c42de585383255e7cf3757fed29e2e,967,10.341261633919338,31.0,10,961,966,False,ok,False,False,
adaptive-derived-resources,interactive-discover-8,discover,8,3,2,10,10,3a18f9bfc79b393d22deeeddfaec8c2e,2038,4.906771344455349,45.0,10,1297,2037,False,ok,False,False,
adaptive-derived-resources,interactive-discover-8,discover,8,4,2,10,10,edfc2d7365686735b39f10138c4e8049,1249,8.00640512409928,45.0,10,1137,1248,False,ok,False,False,
adaptive-derived-resources,interactive-discover-8,discover,8,0,3,10,10,4a95f733ca3eae402f5a764e0222ced6,5438,1.8389113644722326,136.0,10,4512,5438,False,ok,False,False,
adaptive-derived-resources,interactive-discover-8,discover,8,1,3,10,10,b44072d5f61b08c9cf8d50ae40db5eef,1078,9.276437847866418,29.0,10,1077,1077,False,ok,False,False,
adaptive-derived-resources,interactive-discover-8,discover,8,2,3,10,10,14c42de585383255e7cf3757fed29e2e,985,10.152284263959391,31.0,10,974,984,False,ok,False,False,
adaptive-derived-resources,interactive-discover-8,discover,8,3,3,10,10,3a18f9bfc79b393d22deeeddfaec8c2e,1994,5.015045135406218,44.0,10,1328,1993,False,ok,False,False,
adaptive-derived-resources,interactive-discover-8,discover,8,4,3,10,10,edfc2d7365686735b39f10138c4e8049,1376,7.267441860465117,45.0,10,1087,1375,False,ok,False,False,
adaptive-derived-resources,interactive-discover-8,discover,8,0,4,10,10,e57dbe8986a5e3245c930c72a94f6a80,5807,1.7220595832615808,136.0,10,4844,5801,False,ok,False,False,
adaptive-derived-resources,interactive-discover-8,discover,8,1,4,10,10,af0ebbbe8500f4b123c96deae5cfc3a4,1071,9.337068160597573,29.0,10,1070,1070,False,ok,False,False,
adaptive-derived-resources,interactive-discover-8,discover,8,2,4,10,10,14c42de585383255e7cf3757fed29e2e,979,10.21450459652707,31.0,10,977,978,False,ok,False,False,
adaptive-derived-resources,interactive-discover-8,discover,8,3,4,10,10,3a18f9bfc79b393d22deeeddfaec8c2e,1933,5.173305742369374,44.0,10,1316,1932,False,ok,False,False,
adaptive-derived-resources,interactive-discover-8,discover,8,4,4,10,10,e50e7d2d75c0d4ec47424810da865456,1272,7.861635220125786,46.0,10,1271,1271,False,ok,False,False,
adaptive-derived-resources,interactive-discover-8,discover,8,0,5,10,10,e57dbe8986a5e3245c930c72a94f6a80,5589,1.7892288423689389,136.0,10,4673,5588,False,ok,False,False,
adaptive-derived-resources,interactive-discover-8,discover,8,1,5,10,10,09a4daf58f827b87b77d660ee14e9de4,1174,8.517887563884157,30.0,10,1173,1173,False,ok,False,False,
adaptive-derived-resources,interactive-discover-8,discover,8,2,5,10,10,14c42de585383255e7cf3757fed29e2e,1024,9.765625,31.0,10,1022,1023,False,ok,False,False,
adaptive-derived-resources,interactive-discover-8,discover,8,3,5,10,10,3a18f9bfc79b393d22deeeddfaec8c2e,2440,4.098360655737705,58.0,10,2337,2439,False,ok,False,False,
adaptive-derived-resources,interactive-discover-8,discover,8,4,5,10,10,edfc2d7365686735b39f10138c4e8049,1207,8.285004142502071,33.0,10,1206,1206,False,ok,False,False,
adaptive-derived-resources,interactive-short-1,short,1,0,0,1,1,6b641713c69378408c911f18ba9ba38b,2310,0.4329004329004329,123.0,1,2214,2214,False,ok,False,False,
adaptive-derived-resources,interactive-short-1,short,1,1,0,1,1,f02ab3570928d3fc74a51ceb7a4a39ac,7062,0.14160294534126308,48.0,1,6947,6947,False,ok,False,False,
adaptive-derived-resources,interactive-short-1,short,1,2,0,1,1,ff4ea17b4281fdba2a7a842efe3a722a,1934,0.5170630816959669,48.0,1,1829,1829,False,ok,False,False,
adaptive-derived-resources,interactive-short-1,short,1,3,0,1,1,64191c6d5f502dc3f35888f44214ade1,1918,0.5213764337851929,50.0,1,1806,1806,False,ok,False,False,
adaptive-derived-resources,interactive-short-1,short,1,4,0,1,1,d8972c3dd7a9ab1cc6d9b0773f1037c3,2448,0.4084967320261438,100.0,1,2081,2081,False,ok,False,False,
adaptive-derived-resources,interactive-short-1,short,1,0,1,1,1,6b641713c69378408c911f18ba9ba38b,2397,0.41718815185648733,112.0,1,1761,1761,False,ok,False,False,
adaptive-derived-resources,interactive-short-1,short,1,1,1,1,1,f02ab3570928d3fc74a51ceb7a4a39ac,1854,0.5393743257820928,48.0,1,1739,1739,False,ok,False,False,
adaptive-derived-resources,interactive-short-1,short,1,2,1,1,1,ff4ea17b4281fdba2a7a842efe3a722a,1737,0.5757052389176741,48.0,1,1628,1628,False,ok,False,False,
adaptive-derived-resources,interactive-short-1,short,1,3,1,1,1,64191c6d5f502dc3f35888f44214ade1,1849,0.5408328826392644,50.0,1,1739,1739,False,ok,False,False,
adaptive-derived-resources,interactive-short-1,short,1,4,1,1,1,d8972c3dd7a9ab1cc6d9b0773f1037c3,2221,0.45024763619990993,100.0,1,1781,1781,False,ok,False,False,
adaptive-derived-resources,interactive-short-1,short,1,0,2,1,1,6b641713c69378408c911f18ba9ba38b,7883,0.12685525815045035,112.0,1,7854,7854,False,ok,False,False,
adaptive-derived-resources,interactive-short-1,short,1,1,2,1,1,f02ab3570928d3fc74a51ceb7a4a39ac,1801,0.5552470849528041,48.0,1,1689,1689,False,ok,False,False,
adaptive-derived-resources,interactive-short-1,short,1,2,2,1,1,ff4ea17b4281fdba2a7a842efe3a722a,1742,0.574052812858783,48.0,1,1618,1618,False,ok,False,False,
adaptive-derived-resources,interactive-short-1,short,1,3,2,1,1,64191c6d5f502dc3f35888f44214ade1,1810,0.5524861878453039,50.0,1,1693,1693,False,ok,False,False,
adaptive-derived-resources,interactive-short-1,short,1,4,2,1,1,d8972c3dd7a9ab1cc6d9b0773f1037c3,2204,0.4537205081669691,100.0,1,1817,1817,False,ok,False,False,
adaptive-derived-resources,interactive-short-1,short,1,0,3,1,1,6b641713c69378408c911f18ba9ba38b,2290,0.4366812227074236,112.0,1,2040,2040,False,ok,False,False,
adaptive-derived-resources,interactive-short-1,short,1,1,3,1,1,f02ab3570928d3fc74a51ceb7a4a39ac,1612,0.6203473945409429,48.0,1,1501,1501,False,ok,False,False,
adaptive-derived-resources,interactive-short-1,short,1,2,3,1,1,ff4ea17b4281fdba2a7a842efe3a722a,1580,0.6329113924050632,48.0,1,1472,1472,False,ok,False,False,
adaptive-derived-resources,interactive-short-1,short,1,3,3,1,1,64191c6d5f502dc3f35888f44214ade1,1626,0.6150061500615006,50.0,1,1503,1503,False,ok,False,False,
adaptive-derived-resources,interactive-short-1,short,1,4,3,1,1,d8972c3dd7a9ab1cc6d9b0773f1037c3,1960,0.5102040816326531,100.0,1,1573,1573,False,ok,False,False,
adaptive-derived-resources,interactive-short-1,short,1,0,4,1,1,6b641713c69378408c911f18ba9ba38b,2011,0.49726504226752855,112.0,1,1564,1564,False,ok,False,False,
adaptive-derived-resources,interactive-short-1,short,1,1,4,1,1,f02ab3570928d3fc74a51ceb7a4a39ac,1574,0.6353240152477764,48.0,1,1449,1449,False,ok,False,False,
adaptive-derived-resources,interactive-short-1,short,1,2,4,1,1,ff4ea17b4281fdba2a7a842efe3a722a,1704,0.5868544600938967,48.0,1,1587,1587,False,ok,False,False,
adaptive-derived-resources,interactive-short-1,short,1,3,4,1,1,64191c6d5f502dc3f35888f44214ade1,1761,0.5678591709256104,50.0,1,1641,1641,False,ok,False,False,
adaptive-derived-resources,interactive-short-1,short,1,4,4,1,1,d8972c3dd7a9ab1cc6d9b0773f1037c3,2164,0.4621072088724584,100.0,1,1781,1781,False,ok,False,False,
adaptive-derived-resources,interactive-short-1,short,1,0,5,1,1,6b641713c69378408c911f18ba9ba38b,2235,0.447427293064877,112.0,1,1960,1960,False,ok,False,False,
adaptive-derived-resources,interactive-short-1,short,1,1,5,1,1,f02ab3570928d3fc74a51ceb7a4a39ac,1726,0.5793742757821553,48.0,1,1611,1611,False,ok,False,False,
adaptive-derived-resources,interactive-short-1,short,1,2,5,1,1,ff4ea17b4281fdba2a7a842efe3a722a,1726,0.5793742757821553,48.0,1,1620,1620,False,ok,False,False,
adaptive-derived-resources,interactive-short-1,short,1,3,5,1,1,64191c6d5f502dc3f35888f44214ade1,1810,0.5524861878453039,50.0,1,1708,1708,False,ok,False,False,
adaptive-derived-resources,interactive-short-1,short,1,4,5,1,1,d8972c3dd7a9ab1cc6d9b0773f1037c3,2190,0.4566210045662101,100.0,1,1675,1675,False,ok,False,False,
adaptive-derived-resources,interactive-short-2,short,2,0,0,0,0,d41d8cd98f00b204e9800998ecf8427e,20,0.0,,0,,,True,unsupported,False,True,"Invalid SPARQL endpoint response from http://localhost:3001/sparql (HTTP status 400):
Query operation processing failed: none of the configured actors were able to handle the operation type nodes
    Error messages of failing actors:
        Actor urn:comunica:default:query-operation/actors#source does not accept the operation nodes.
"
adaptive-derived-resources,interactive-short-2,short,2,1,0,0,0,d41d8cd98f00b204e9800998ecf8427e,11,0.0,,0,,,True,unsupported,False,True,"Invalid SPARQL endpoint response from http://localhost:3001/sparql (HTTP status 400):
Query operation processing failed: none of the configured actors were able to handle the operation type nodes
    Error messages of failing actors:
        Actor urn:comunica:default:query-operation/actors#source does not accept the operation nodes.
"
adaptive-derived-resources,interactive-short-2,short,2,2,0,0,0,d41d8cd98f00b204e9800998ecf8427e,10,0.0,,0,,,True,unsupported,False,True,"Invalid SPARQL endpoint response from http://localhost:3001/sparql (HTTP status 400):
Query operation processing failed: none of the configured actors were able to handle the operation type nodes
    Error messages of failing actors:
        Actor urn:comunica:default:query-operation/actors#source does not accept the operation nodes.
"
adaptive-derived-resources,interactive-short-2,short,2,3,0,0,0,d41d8cd98f00b204e9800998ecf8427e,10,0.0,,0,,,True,unsupported,False,True,"Invalid SPARQL endpoint response from http://localhost:3001/sparql (HTTP status 400):
Query operation processing failed: none of the configured actors were able to handle the operation type nodes
    Error messages of failing actors:
        Actor urn:comunica:default:query-operation/actors#source does not accept the operation nodes.
"
adaptive-derived-resources,interactive-short-2,short,2,4,0,0,0,d41d8cd98f00b204e9800998ecf8427e,47,0.0,,0,,,True,unsupported,False,True,"Invalid SPARQL endpoint response from http://localhost:3001/sparql (HTTP status 400):
Query operation processing failed: none of the configured actors were able to handle the operation type nodes
    Error messages of failing actors:
        Actor urn:comunica:default:query-operation/actors#source does not accept the operation nodes.
"
adaptive-derived-resources,interactive-short-2,short,2,0,1,0,0,d41d8cd98f00b204e9800998ecf8427e,10,0.0,,0,,,True,unsupported,False,True,"Invalid SPARQL endpoint response from http://localhost:3001/sparql (HTTP status 400):
Query operation processing failed: none of the configured actors were able to handle the operation type nodes
    Error messages of failing actors:
        Actor urn:comunica:default:query-operation/actors#source does not accept the operation nodes.
"
adaptive-derived-resources,interactive-short-2,short,2,1,1,0,0,d41d8cd98f00b204e9800998ecf8427e,17,0.0,,0,,,True,unsupported,False,True,"Invalid SPARQL endpoint response from http://localhost:3001/sparql (HTTP status 400):
Query operation processing failed: none of the configured actors were able to handle the operation type nodes
    Error messages of failing actors:
        Actor urn:comunica:default:query-operation/actors#source does not accept the operation nodes.
"
adaptive-derived-resources,interactive-short-2,short,2,2,1,0,0,d41d8cd98f00b204e9800998ecf8427e,19,0.0,,0,,,True,unsupported,False,True,"Invalid SPARQL endpoint response from http://localhost:3001/sparql (HTTP status 400):
Query operation processing failed: none of the configured actors were able to handle the operation type nodes
    Error messages of failing actors:
        Actor urn:comunica:default:query-operation/actors#source does not accept the operation nodes.
"
adaptive-derived-resources,interactive-short-2,short,2,3,1,0,0,d41d8cd98f00b204e9800998ecf8427e,11,0.0,,0,,,True,unsupported,False,True,"Invalid SPARQL endpoint response from http://localhost:3001/sparql (HTTP status 400):
Query operation processing failed: none of the configured actors were able to handle the operation type nodes
    Error messages of failing actors:
        Actor urn:comunica:default:query-operation/actors#source does not accept the operation nodes.
"
adaptive-derived-resources,interactive-short-2,short,2,4,1,0,0,d41d8cd98f00b204e9800998ecf8427e,10,0.0,,0,,,True,unsupported,False,True,"Invalid SPARQL endpoint response from http://localhost:3001/sparql (HTTP status 400):
Query operation processing failed: none of the configured actors were able to handle the operation type nodes
    Error messages of failing actors:
        Actor urn:comunica:default:query-operation/actors#source does not accept the operation nodes.
"
adaptive-derived-resources,interactive-short-2,short,2,0,2,0,0,d41d8cd98f00b204e9800998ecf8427e,65,0.0,,0,,,True,unsupported,False,True,"Invalid SPARQL endpoint response from http://localhost:3001/sparql (HTTP status 400):
Query operation processing failed: none of the configured actors were able to handle the operation type nodes
    Error messages of failing actors:
        Actor urn:comunica:default:query-operation/actors#source does not accept the operation nodes.
"
adaptive-derived-resources,interactive-short-2,short,2,1,2,0,0,d41d8cd98f00b204e9800998ecf8427e,17,0.0,,0,,,True,unsupported,False,True,"Invalid SPARQL endpoint response from http://localhost:3001/sparql (HTTP status 400):
Query operation processing failed: none of the configured actors were able to handle the operation type nodes
    Error messages of failing actors:
        Actor urn:comunica:default:query-operation/actors#source does not accept the operation nodes.
"
adaptive-derived-resources,interactive-short-2,short,2,2,2,0,0,d41d8cd98f00b204e9800998ecf8427e,39,0.0,,0,,,True,unsupported,False,True,"Invalid SPARQL endpoint response from http://localhost:3001/sparql (HTTP status 400):
Query operation processing failed: none of the configured actors were able to handle the operation type nodes
    Error messages of failing actors:
        Actor urn:comunica:default:query-operation/actors#source does not accept the operation nodes.
"
adaptive-derived-resources,interactive-short-2,short,2,3,2,0,0,d41d8cd98f00b204e9800998ecf8427e,30,0.0,,0,,,True,unsupported,False,True,"Invalid SPARQL endpoint response from http://localhost:3001/sparql (HTTP status 400):
Query operation processing failed: none of the configured actors were able to handle the operation type nodes
    Error messages of failing actors:
        Actor urn:comunica:default:query-operation/actors#source does not accept the operation nodes.
"
adaptive-derived-resources,interactive-short-2,short,2,4,2,0,0,d41d8cd98f00b204e9800998ecf8427e,34,0.0,,0,,,True,unsupported,False,True,"Invalid SPARQL endpoint response from http://localhost:3001/sparql (HTTP status 400):
Query operation processing failed: none of the configured actors were able to handle the operation type nodes
    Error messages of failing actors:
        Actor urn:comunica:default:query-operation/actors#source does not accept the operation nodes.
"
adaptive-derived-resources,interactive-short-2,short,2,0,3,0,0,d41d8cd98f00b204e9800998ecf8427e,49,0.0,,0,,,True,unsupported,False,True,"Invalid SPARQL endpoint response from http://localhost:3001/sparql (HTTP status 400):
Query operation processing failed: none of the configured actors were able to handle the operation type nodes
    Error messages of failing actors:
        Actor urn:comunica:default:query-operation/actors#source does not accept the operation nodes.
"
adaptive-derived-resources,interactive-short-2,short,2,1,3,0,0,d41d8cd98f00b204e9800998ecf8427e,12,0.0,,0,,,True,unsupported,False,True,"Invalid SPARQL endpoint response from http://localhost:3001/sparql (HTTP status 400):
Query operation processing failed: none of the configured actors were able to handle the operation type nodes
    Error messages of failing actors:
        Actor urn:comunica:default:query-operation/actors#source does not accept the operation nodes.
"
adaptive-derived-resources,interactive-short-2,short,2,2,3,0,0,d41d8cd98f00b204e9800998ecf8427e,52,0.0,,0,,,True,unsupported,False,True,"Invalid SPARQL endpoint response from http://localhost:3001/sparql (HTTP status 400):
Query operation processing failed: none of the configured actors were able to handle the operation type nodes
    Error messages of failing actors:
        Actor urn:comunica:default:query-operation/actors#source does not accept the operation nodes.
"
adaptive-derived-resources,interactive-short-2,short,2,3,3,0,0,d41d8cd98f00b204e9800998ecf8427e,18,0.0,,0,,,True,unsupported,False,True,"Invalid SPARQL endpoint response from http://localhost:3001/sparql (HTTP status 400):
Query operation processing failed: none of the configured actors were able to handle the operation type nodes
    Error messages of failing actors:
        Actor urn:comunica:default:query-operation/actors#source does not accept the operation nodes.
"
adaptive-derived-resources,interactive-short-2,short,2,4,3,0,0,d41d8cd98f00b204e9800998ecf8427e,48,0.0,,0,,,True,unsupported,False,True,"Invalid SPARQL endpoint response from http://localhost:3001/sparql (HTTP status 400):
Query operation processing failed: none of the configured actors were able to handle the operation type nodes
    Error messages of failing actors:
        Actor urn:comunica:default:query-operation/actors#source does not accept the operation nodes.
"
adaptive-derived-resources,interactive-short-2,short,2,0,4,0,0,d41d8cd98f00b204e9800998ecf8427e,9,0.0,,0,,,True,unsupported,False,True,"Invalid SPARQL endpoint response from http://localhost:3001/sparql (HTTP status 400):
Query operation processing failed: none of the configured actors were able to handle the operation type nodes
    Error messages of failing actors:
        Actor urn:comunica:default:query-operation/actors#source does not accept the operation nodes.
"
adaptive-derived-resources,interactive-short-2,short,2,1,4,0,0,d41d8cd98f00b204e9800998ecf8427e,9,0.0,,0,,,True,unsupported,False,True,"Invalid SPARQL endpoint response from http://localhost:3001/sparql (HTTP status 400):
Query operation processing failed: none of the configured actors were able to handle the operation type nodes
    Error messages of failing actors:
        Actor urn:comunica:default:query-operation/actors#source does not accept the operation nodes.
"
adaptive-derived-resources,interactive-short-2,short,2,2,4,0,0,d41d8cd98f00b204e9800998ecf8427e,9,0.0,,0,,,True,unsupported,False,True,"Invalid SPARQL endpoint response from http://localhost:3001/sparql (HTTP status 400):
Query operation processing failed: none of the configured actors were able to handle the operation type nodes
    Error messages of failing actors:
        Actor urn:comunica:default:query-operation/actors#source does not accept the operation nodes.
"
adaptive-derived-resources,interactive-short-2,short,2,3,4,0,0,d41d8cd98f00b204e9800998ecf8427e,8,0.0,,0,,,True,unsupported,False,True,"Invalid SPARQL endpoint response from http://localhost:3001/sparql (HTTP status 400):
Query operation processing failed: none of the configured actors were able to handle the operation type nodes
    Error messages of failing actors:
        Actor urn:comunica:default:query-operation/actors#source does not accept the operation nodes.
"
adaptive-derived-resources,interactive-short-2,short,2,4,4,0,0,d41d8cd98f00b204e9800998ecf8427e,36,0.0,,0,,,True,unsupported,False,True,"Invalid SPARQL endpoint response from http://localhost:3001/sparql (HTTP status 400):
Query operation processing failed: none of the configured actors were able to handle the operation type nodes
    Error messages of failing actors:
        Actor urn:comunica:default:query-operation/actors#source does not accept the operation nodes.
"
adaptive-derived-resources,interactive-short-2,short,2,0,5,0,0,d41d8cd98f00b204e9800998ecf8427e,11,0.0,,0,,,True,unsupported,False,True,"Invalid SPARQL endpoint response from http://localhost:3001/sparql (HTTP status 400):
Query operation processing failed: none of the configured actors were able to handle the operation type nodes
    Error messages of failing actors:
        Actor urn:comunica:default:query-operation/actors#source does not accept the operation nodes.
"
adaptive-derived-resources,interactive-short-2,short,2,1,5,0,0,d41d8cd98f00b204e9800998ecf8427e,9,0.0,,0,,,True,unsupported,False,True,"Invalid SPARQL endpoint response from http://localhost:3001/sparql (HTTP status 400):
Query operation processing failed: none of the configured actors were able to handle the operation type nodes
    Error messages of failing actors:
        Actor urn:comunica:default:query-operation/actors#source does not accept the operation nodes.
"
adaptive-derived-resources,interactive-short-2,short,2,2,5,0,0,d41d8cd98f00b204e9800998ecf8427e,65,0.0,,0,,,True,unsupported,False,True,"Invalid SPARQL endpoint response from http://localhost:3001/sparql (HTTP status 400):
Query operation processing failed: none of the configured actors were able to handle the operation type nodes
    Error messages of failing actors:
        Actor urn:comunica:default:query-operation/actors#source does not accept the operation nodes.
"
adaptive-derived-resources,interactive-short-2,short,2,3,5,0,0,d41d8cd98f00b204e9800998ecf8427e,9,0.0,,0,,,True,unsupported,False,True,"Invalid SPARQL endpoint response from http://localhost:3001/sparql (HTTP status 400):
Query operation processing failed: none of the configured actors were able to handle the operation type nodes
    Error messages of failing actors:
        Actor urn:comunica:default:query-operation/actors#source does not accept the operation nodes.
"
adaptive-derived-resources,interactive-short-2,short,2,4,5,0,0,d41d8cd98f00b204e9800998ecf8427e,8,0.0,,0,,,True,unsupported,False,True,"Invalid SPARQL endpoint response from http://localhost:3001/sparql (HTTP status 400):
Query operation processing failed: none of the configured actors were able to handle the operation type nodes
    Error messages of failing actors:
        Actor urn:comunica:default:query-operation/actors#source does not accept the operation nodes.
"
adaptive-derived-resources,interactive-short-3,short,3,0,0,0,0,d41d8cd98f00b204e9800998ecf8427e,300109,0.0,,0,,,True,timeout,True,True,"Unexpected ""!"" at position 0 in state STOP"
adaptive-derived-resources,interactive-short-3,short,3,1,0,24,24,e9eac78cc798a394d66c9e7fac80efd3,300013,0.07999653348354906,,24,17100,129390,True,timeout,True,False,"Unexpected ""!"" at position 0 in state STOP"
adaptive-derived-resources,interactive-short-3,short,3,2,0,9,9,83ec443c5c1d95f73603c77fc92eec71,300056,0.029994401045138244,,9,151006,151997,True,timeout,True,False,"Unexpected ""!"" at position 0 in state STOP"
adaptive-derived-resources,interactive-short-3,short,3,3,0,89,89,ff526846bad666ecf0b6adf0478c0fc5,300109,0.29655891692684994,,89,30730,271841,True,timeout,True,False,"Unexpected ""!"" at position 0 in state STOP"
adaptive-derived-resources,interactive-short-3,short,3,4,0,8,8,4909aea73e1bfe91ecce1b74dd89d550,300095,0.02665822489544977,,8,38134,38253,True,timeout,True,False,"Unexpected ""!"" at position 0 in state STOP"
adaptive-derived-resources,interactive-short-3,short,3,0,1,0,0,d41d8cd98f00b204e9800998ecf8427e,300110,0.0,,0,,,True,timeout,True,True,"Unexpected ""!"" at position 0 in state STOP"
adaptive-derived-resources,interactive-short-3,short,3,1,1,42,42,3aa5624e6547fdd55c96a4a463b757ec,300109,0.13994915180817638,,42,38381,103673,True,timeout,True,False,"Unexpected ""!"" at position 0 in state STOP"
adaptive-derived-resources,interactive-short-3,short,3,2,1,9,9,83ec443c5c1d95f73603c77fc92eec71,300108,0.029989203886600823,,9,33705,34020,True,timeout,True,False,"Unexpected ""!"" at position 0 in state STOP"
adaptive-derived-resources,interactive-short-3,short,3,3,1,65,65,7da1a37f9b61ae5573e0d4483a42c8c3,300109,0.21658797303646343,,65,28931,112368,True,timeout,True,False,"Unexpected ""!"" at position 0 in state STOP"
adaptive-derived-resources,interactive-short-3,short,3,4,1,16,16,cf96672ec6916bc94c928ae9f2041cf5,300080,0.053319114902692616,,16,37754,95227,True,timeout,True,False,"Unexpected ""!"" at position 0 in state STOP"
adaptive-derived-resources,interactive-short-3,short,3,0,2,0,0,d41d8cd98f00b204e9800998ecf8427e,300109,0.0,,0,,,True,timeout,True,True,"Unexpected ""!"" at position 0 in state STOP"
adaptive-derived-resources,interactive-short-3,short,3,1,2,32,32,7669ac63aeb35934f06381973708b007,300109,0.106627925187182,,32,40715,141901,True,timeout,True,False,"Unexpected ""!"" at position 0 in state STOP"
adaptive-derived-resources,interactive-short-3,short,3,2,2,9,9,83ec443c5c1d95f73603c77fc92eec71,300111,0.02998890410548097,,9,43393,43927,True,timeout,True,False,"Unexpected ""!"" at position 0 in state STOP"
adaptive-derived-resources,interactive-short-3,short,3,3,2,80,80,06acf7488ffcb262d4d1686e19034b7c,300109,0.266569812967955,,80,53659,293124,True,timeout,True,False,"Unexpected ""!"" at position 0 in state STOP"
adaptive-derived-resources,interactive-short-3,short,3,4,2,17,17,0c2b1f3b96348b4811004f4cb9792f0b,300110,0.05664589650461497,,17,61455,90860,True,timeout,True,False,"Unexpected ""!"" at position 0 in state STOP"
adaptive-derived-resources,interactive-short-3,short,3,0,3,16,16,1290f1dbdaaf069c252858c948e75fbf,300110,0.05331378494551997,,16,152003,169932,True,timeout,True,False,"Unexpected ""!"" at position 0 in state STOP"
adaptive-derived-resources,interactive-short-3,short,3,1,3,24,24,e9eac78cc798a394d66c9e7fac80efd3,300083,0.0799778727885285,,24,55609,87936,True,timeout,True,False,"Unexpected ""!"" at position 0 in state STOP"
adaptive-derived-resources,interactive-short-3,short,3,2,3,9,9,83ec443c5c1d95f73603c77fc92eec71,300111,0.02998890410548097,,9,35664,35774,True,timeout,True,False,"Unexpected ""!"" at position 0 in state STOP"
adaptive-derived-resources,interactive-short-3,short,3,3,3,72,72,251a98c6131d6d2767267936dae688db,300111,0.23991123284384777,,72,58038,167217,True,timeout,True,False,"Unexpected ""!"" at position 0 in state STOP"
adaptive-derived-resources,interactive-short-3,short,3,4,3,9,9,3fbb8e48121b8286f9eb1f1fc7738855,300110,0.029989004031854984,,9,47471,47610,True,timeout,True,False,"Unexpected ""!"" at position 0 in state STOP"
adaptive-derived-resources,interactive-short-3,short,3,0,4,0,0,d41d8cd98f00b204e9800998ecf8427e,300097,0.0,,0,,,True,timeout,True,True,"Unexpected ""!"" at position 0 in state STOP"
adaptive-derived-resources,interactive-short-3,short,3,1,4,50,50,020fca5591e3f6bc060a5d18e85cda47,300057,0.1666350060155237,,50,54985,185475,True,timeout,True,False,"Unexpected ""!"" at position 0 in state STOP"
adaptive-derived-resources,interactive-short-3,short,3,2,4,9,9,83ec443c5c1d95f73603c77fc92eec71,300110,0.029989004031854984,,9,43522,44215,True,timeout,True,False,"Unexpected ""!"" at position 0 in state STOP"
adaptive-derived-resources,interactive-short-3,short,3,3,4,72,72,251a98c6131d6d2767267936dae688db,300111,0.23991123284384777,,72,46892,166863,True,timeout,True,False,"Unexpected ""!"" at position 0 in state STOP"
adaptive-derived-resources,interactive-short-3,short,3,4,4,17,17,50ccd4d11c94f0cc3f8b968d6f94f2d5,300110,0.05664589650461497,,17,48742,63510,True,timeout,True,False,"Unexpected ""!"" at position 0 in state STOP"
adaptive-derived-resources,interactive-short-3,short,3,0,5,0,0,d41d8cd98f00b204e9800998ecf8427e,300110,0.0,,0,,,True,timeout,True,True,"Unexpected ""!"" at position 0 in state STOP"
adaptive-derived-resources,interactive-short-3,short,3,1,5,42,42,2540fd3e90a13772a30cbe7f6021ceea,300108,0.1399496181374705,,42,57000,202734,True,timeout,True,False,"Unexpected ""!"" at position 0 in state STOP"
adaptive-derived-resources,interactive-short-3,short,3,2,5,9,9,83ec443c5c1d95f73603c77fc92eec71,300109,0.029989103958894935,,9,60984,61510,True,timeout,True,False,"Unexpected ""!"" at position 0 in state STOP"
adaptive-derived-resources,interactive-short-3,short,3,3,5,81,81,5f43fc6a05e79c7eface8a97ae95ae97,300109,0.26990193563005443,,81,55425,174522,True,timeout,True,False,"Unexpected ""!"" at position 0 in state STOP"
adaptive-derived-resources,interactive-short-3,short,3,4,5,17,17,f35495c571a0ce45e1f1107b2b8565c4,300112,0.05664551900623767,,17,37558,107929,True,timeout,True,False,"Unexpected ""!"" at position 0 in state STOP"
adaptive-derived-resources,interactive-short-4,short,4,0,0,1,1,be952defdc6bff97ab1d2bd30503bd7a,1733,0.5770340450086555,4.0,1,649,649,False,ok,False,False,
adaptive-derived-resources,interactive-short-4,short,4,1,0,1,1,c7f96e08adf5efcc4ad5302bc4ebe30f,1854,0.5393743257820928,4.0,1,473,473,False,ok,False,False,
adaptive-derived-resources,interactive-short-4,short,4,2,0,1,1,b14fe4f20ab576f2bf485f4d72fc2332,1761,0.5678591709256104,28.0,1,873,873,False,ok,False,False,
adaptive-derived-resources,interactive-short-4,short,4,3,0,1,1,c114679689014713f0be71d73de99a0b,1721,0.5810575246949448,38.0,1,637,637,False,ok,False,False,
adaptive-derived-resources,interactive-short-4,short,4,4,0,1,1,c93535a997dcc3e3b4e497b89e662936,7307,0.1368550704803613,4.0,1,425,425,False,ok,False,False,
adaptive-derived-resources,interactive-short-4,short,4,0,1,1,1,be952defdc6bff97ab1d2bd30503bd7a,988,1.0121457489878543,4.0,1,476,476,False,ok,False,False,
adaptive-derived-resources,interactive-short-4,short,4,1,1,1,1,c7f96e08adf5efcc4ad5302bc4ebe30f,602,1.6611295681063123,4.0,1,392,392,False,ok,False,False,
adaptive-derived-resources,interactive-short-4,short,4,2,1,1,1,b14fe4f20ab576f2bf485f4d72fc2332,816,1.2254901960784315,28.0,1,186,186,False,ok,False,False,
adaptive-derived-resources,interactive-short-4,short,4,3,1,1,1,c114679689014713f0be71d73de99a0b,925,1.081081081081081,38.0,1,198,198,False,ok,False,False,
adaptive-derived-resources,interactive-short-4,short,4,4,1,1,1,c93535a997dcc3e3b4e497b89e662936,348,2.873563218390805,4.0,1,168,168,False,ok,False,False,
adaptive-derived-resources,interactive-short-4,short,4,0,2,1,1,be952defdc6bff97ab1d2bd30503bd7a,375,2.6666666666666665,4.0,1,177,177,False,ok,False,False,
adaptive-derived-resources,interactive-short-4,short,4,1,2,1,1,c7f96e08adf5efcc4ad5302bc4ebe30f,350,2.857142857142857,4.0,1,161,161,False,ok,False,False,
adaptive-derived-resources,interactive-short-4,short,4,2,2,1,1,b14fe4f20ab576f2bf485f4d72fc2332,717,1.394700139470014,28.0,1,225,225,False,ok,False,False,
adaptive-derived-resources,interactive-short-4,short,4,3,2,1,1,c114679689014713f0be71d73de99a0b,856,1.1682242990654206,38.0,1,263,263,False,ok,False,False,
adaptive-derived-resources,interactive-short-4,short,4,4,2,1,1,c93535a997dcc3e3b4e497b89e662936,349,2.865329512893983,4.0,1,172,172,False,ok,False,False,
adaptive-derived-resources,interactive-short-4,short,4,0,3,1,1,be952defdc6bff97ab1d2bd30503bd7a,443,2.2573363431151243,4.0,1,142,142,False,ok,False,False,
adaptive-derived-resources,interactive-short-4,short,4,1,3,1,1,c7f96e08adf5efcc4ad5302bc4ebe30f,310,3.2258064516129035,4.0,1,134,134,False,ok,False,False,
adaptive-derived-resources,interactive-short-4,short,4,2,3,1,1,b14fe4f20ab576f2bf485f4d72fc2332,731,1.3679890560875514,28.0,1,223,223,False,ok,False,False,
adaptive-derived-resources,interactive-short-4,short,4,3,3,1,1,c114679689014713f0be71d73de99a0b,933,1.0718113612004287,38.0,1,219,219,False,ok,False,False,
adaptive-derived-resources,interactive-short-4,short,4,4,3,1,1,c93535a997dcc3e3b4e497b89e662936,318,3.144654088050314,4.0,1,139,139,False,ok,False,False,
adaptive-derived-resources,interactive-short-4,short,4,0,4,1,1,be952defdc6bff97ab1d2bd30503bd7a,285,3.5087719298245617,4.0,1,117,117,False,ok,False,False,
adaptive-derived-resources,interactive-short-4,short,4,1,4,1,1,c7f96e08adf5efcc4ad5302bc4ebe30f,306,3.2679738562091503,4.0,1,133,133,False,ok,False,False,
adaptive-derived-resources,interactive-short-4,short,4,2,4,1,1,b14fe4f20ab576f2bf485f4d72fc2332,637,1.5698587127158556,28.0,1,182,182,False,ok,False,False,
adaptive-derived-resources,interactive-short-4,short,4,3,4,1,1,c114679689014713f0be71d73de99a0b,903,1.1074197120708749,38.0,1,221,221,False,ok,False,False,
adaptive-derived-resources,interactive-short-4,short,4,4,4,1,1,c93535a997dcc3e3b4e497b89e662936,314,3.1847133757961785,4.0,1,165,165,False,ok,False,False,
adaptive-derived-resources,interactive-short-4,short,4,0,5,1,1,be952defdc6bff97ab1d2bd30503bd7a,326,3.067484662576687,4.0,1,134,134,False,ok,False,False,
adaptive-derived-resources,interactive-short-4,short,4,1,5,1,1,c7f96e08adf5efcc4ad5302bc4ebe30f,311,3.215434083601286,4.0,1,122,122,False,ok,False,False,
adaptive-derived-resources,interactive-short-4,short,4,2,5,1,1,b14fe4f20ab576f2bf485f4d72fc2332,908,1.1013215859030836,28.0,1,219,219,False,ok,False,False,
adaptive-derived-resources,interactive-short-4,short,4,3,5,1,1,c114679689014713f0be71d73de99a0b,770,1.2987012987012987,38.0,1,208,208,False,ok,False,False,
adaptive-derived-resources,interactive-short-4,short,4,4,5,1,1,c93535a997dcc3e3b4e497b89e662936,302,3.3112582781456954,4.0,1,133,133,False,ok,False,False,
adaptive-derived-resources,interactive-short-5,short,5,0,0,4,4,040d4848b2deb4bf4b8a884ea8ad7a26,44385,0.0901205362171905,39.0,4,43806,44384,False,ok,False,False,
adaptive-derived-resources,interactive-short-5,short,5,1,0,4,4,6ad1e0be21e73d3b01aa2a18cea152c4,23335,0.17141632740518534,39.0,4,22799,23335,False,ok,False,False,
adaptive-derived-resources,interactive-short-5,short,5,2,0,4,4,df6fcdb903072b75d37dffd1360a3533,21668,0.1846040243677312,97.0,4,19986,21667,False,ok,False,False,
adaptive-derived-resources,interactive-short-5,short,5,3,0,4,4,196b989b5e2be4dd6d8d4a5d4847ac26,1482,2.699055330634278,45.0,4,1374,1481,False,ok,False,False,
adaptive-derived-resources,interactive-short-5,short,5,4,0,4,4,981f99755e7d5f28f1f32f0af046b149,2137,1.8717828731867103,99.0,4,1317,2136,False,ok,False,False,
adaptive-derived-resources,interactive-short-5,short,5,0,1,4,4,040d4848b2deb4bf4b8a884ea8ad7a26,1437,2.7835768963117604,39.0,4,1195,1436,False,ok,False,False,
adaptive-derived-resources,interactive-short-5,short,5,1,1,4,4,6ad1e0be21e73d3b01aa2a18cea152c4,1471,2.719238613188307,39.0,4,1234,1470,False,ok,False,False,
adaptive-derived-resources,interactive-short-5,short,5,2,1,4,4,df6fcdb903072b75d37dffd1360a3533,2746,1.4566642388929352,97.0,4,1359,2745,False,ok,False,False,
adaptive-derived-resources,interactive-short-5,short,5,3,1,4,4,196b989b5e2be4dd6d8d4a5d4847ac26,1268,3.1545741324921135,45.0,4,1147,1267,False,ok,False,False,
adaptive-derived-resources,interactive-short-5,short,5,4,1,4,4,981f99755e7d5f28f1f32f0af046b149,1889,2.1175224986765486,99.0,4,1224,1888,False,ok,False,False,
adaptive-derived-resources,interactive-short-5,short,5,0,2,4,4,040d4848b2deb4bf4b8a884ea8ad7a26,1400,2.857142857142857,39.0,4,1151,1400,False,ok,False,False,
adaptive-derived-resources,interactive-short-5,short,5,1,2,4,4,6ad1e0be21e73d3b01aa2a18cea152c4,1430,2.7972027972027975,39.0,4,1207,1429,False,ok,False,False,
adaptive-derived-resources,interactive-short-5,short,5,2,2,4,4,df6fcdb903072b75d37dffd1360a3533,2422,1.6515276630883566,97.0,4,1563,2422,False,ok,False,False,
adaptive-derived-resources,interactive-short-5,short,5,3,2,4,4,196b989b5e2be4dd6d8d4a5d4847ac26,1279,3.127443315089914,45.0,4,1163,1278,False,ok,False,False,
adaptive-derived-resources,interactive-short-5,short,5,4,2,4,4,981f99755e7d5f28f1f32f0af046b149,1883,2.1242697822623473,99.0,4,1214,1883,False,ok,False,False,
adaptive-derived-resources,interactive-short-5,short,5,0,3,4,4,040d4848b2deb4bf4b8a884ea8ad7a26,1389,2.8797696184305255,39.0,4,1164,1388,False,ok,False,False,
adaptive-derived-resources,interactive-short-5,short,5,1,3,4,4,6ad1e0be21e73d3b01aa2a18cea152c4,1432,2.793296089385475,39.0,4,1206,1432,False,ok,False,False,
adaptive-derived-resources,interactive-short-5,short,5,2,3,4,4,df6fcdb903072b75d37dffd1360a3533,2523,1.5854141894569955,97.0,4,911,2522,False,ok,False,False,
adaptive-derived-resources,interactive-short-5,short,5,3,3,4,4,196b989b5e2be4dd6d8d4a5d4847ac26,1325,3.018867924528302,45.0,4,1189,1324,False,ok,False,False,
adaptive-derived-resources,interactive-short-5,short,5,4,3,4,4,981f99755e7d5f28f1f32f0af046b149,1882,2.1253985122210417,99.0,4,1184,1882,False,ok,False,False,
adaptive-derived-resources,interactive-short-5,short,5,0,4,4,4,040d4848b2deb4bf4b8a884ea8ad7a26,1404,2.8490028490028494,39.0,4,1172,1403,False,ok,False,False,
adaptive-derived-resources,interactive-short-5,short,5,1,4,4,4,6ad1e0be21e73d3b01aa2a18cea152c4,1432,2.793296089385475,39.0,4,1206,1431,False,ok,False,False,
adaptive-derived-resources,interactive-short-5,short,5,2,4,4,4,df6fcdb903072b75d37dffd1360a3533,2679,1.4930944382232176,97.0,4,1387,2679,False,ok,False,False,
adaptive-derived-resources,interactive-short-5,short,5,3,4,4,4,196b989b5e2be4dd6d8d4a5d4847ac26,1269,3.1520882584712373,45.0,4,1166,1268,False,ok,False,False,
adaptive-derived-resources,interactive-short-5,short,5,4,4,4,4,981f99755e7d5f28f1f32f0af046b149,1859,2.1516944593867673,99.0,4,1199,1858,False,ok,False,False,
adaptive-derived-resources,interactive-short-5,short,5,0,5,4,4,040d4848b2deb4bf4b8a884ea8ad7a26,1398,2.861230329041488,39.0,4,1175,1397,False,ok,False,False,
adaptive-derived-resources,interactive-short-5,short,5,1,5,4,4,6ad1e0be21e73d3b01aa2a18cea152c4,1382,2.8943560057887123,39.0,4,1173,1381,False,ok,False,False,
adaptive-derived-resources,interactive-short-5,short,5,2,5,4,4,df6fcdb903072b75d37dffd1360a3533,2385,1.6771488469601679,97.0,4,1396,2384,False,ok,False,False,
adaptive-derived-resources,interactive-short-5,short,5,3,5,4,4,196b989b5e2be4dd6d8d4a5d4847ac26,1304,3.067484662576687,45.0,4,1170,1303,False,ok,False,False,
adaptive-derived-resources,interactive-short-5,short,5,4,5,4,4,981f99755e7d5f28f1f32f0af046b149,1843,2.1703743895822027,99.0,4,1189,1842,False,ok,False,False,
adaptive-derived-resources,interactive-short-6,short,6,0,0,2,2,19192ef9b00eb3452f81449ffa840a3f,300115,0.00666411209036536,,2,2462,2462,True,timeout,True,False,"Unexpected ""!"" at position 0 in state STOP"
adaptive-derived-resources,interactive-short-6,short,6,1,0,2,2,3d0e167e241c5af8846ddee5bc5b7bee,300106,0.006664311943113434,,2,33376,33377,True,timeout,True,False,"Unexpected ""!"" at position 0 in state STOP"
adaptive-derived-resources,interactive-short-6,short,6,2,0,0,0,d41d8cd98f00b204e9800998ecf8427e,300110,0.0,,0,,,True,timeout,True,True,"Unexpected ""!"" at position 0 in state STOP"
adaptive-derived-resources,interactive-short-6,short,6,3,0,0,0,d41d8cd98f00b204e9800998ecf8427e,300111,0.0,,0,,,True,timeout,True,True,"Unexpected ""!"" at position 0 in state STOP"
adaptive-derived-resources,interactive-short-6,short,6,4,0,0,0,d41d8cd98f00b204e9800998ecf8427e,300108,0.0,,0,,,True,timeout,True,True,"Unexpected ""!"" at position 0 in state STOP"
adaptive-derived-resources,interactive-short-6,short,6,0,1,2,2,19192ef9b00eb3452f81449ffa840a3f,300112,0.006664178706616196,,2,5390,5390,True,timeout,True,False,"Unexpected ""!"" at position 0 in state STOP"
adaptive-derived-resources,interactive-short-6,short,6,1,1,2,2,3d0e167e241c5af8846ddee5bc5b7bee,300106,0.006664311943113434,,2,61174,61175,True,timeout,True,False,"Unexpected ""!"" at position 0 in state STOP"
adaptive-derived-resources,interactive-short-6,short,6,2,1,0,0,d41d8cd98f00b204e9800998ecf8427e,300108,0.0,,0,,,True,timeout,True,True,"Unexpected ""!"" at position 0 in state STOP"
adaptive-derived-resources,interactive-short-6,short,6,3,1,0,0,d41d8cd98f00b204e9800998ecf8427e,300111,0.0,,0,,,True,timeout,True,True,"Unexpected ""!"" at position 0 in state STOP"
adaptive-derived-resources,interactive-short-6,short,6,4,1,0,0,d41d8cd98f00b204e9800998ecf8427e,300113,0.0,,0,,,True,timeout,True,True,"Unexpected ""!"" at position 0 in state STOP"
adaptive-derived-resources,interactive-short-6,short,6,0,2,2,2,19192ef9b00eb3452f81449ffa840a3f,301163,0.006640922025614036,,2,26571,26571,True,timeout,True,False,"Unexpected ""!"" at position 0 in state STOP"
adaptive-derived-resources,interactive-short-6,short,6,1,2,2,2,3d0e167e241c5af8846ddee5bc5b7bee,300110,0.006664223118189996,,2,57564,57564,True,timeout,True,False,"Unexpected ""!"" at position 0 in state STOP"
adaptive-derived-resources,interactive-short-6,short,6,2,2,0,0,d41d8cd98f00b204e9800998ecf8427e,300019,0.0,,0,,,True,timeout,True,True,"Unexpected ""!"" at position 0 in state STOP"
adaptive-derived-resources,interactive-short-6,short,6,3,2,0,0,d41d8cd98f00b204e9800998ecf8427e,300113,0.0,,0,,,True,timeout,True,True,"Unexpected ""!"" at position 0 in state STOP"
adaptive-derived-resources,interactive-short-6,short,6,4,2,0,0,d41d8cd98f00b204e9800998ecf8427e,300107,0.0,,0,,,True,timeout,True,True,"Unexpected ""!"" at position 0 in state STOP"
adaptive-derived-resources,interactive-short-6,short,6,0,3,2,2,19192ef9b00eb3452f81449ffa840a3f,300109,0.006664245324198875,,2,21017,21017,True,timeout,True,False,"Unexpected ""!"" at position 0 in state STOP"
adaptive-derived-resources,interactive-short-6,short,6,1,3,2,2,3d0e167e241c5af8846ddee5bc5b7bee,300109,0.006664245324198875,,2,54645,54645,True,timeout,True,False,"Unexpected ""!"" at position 0 in state STOP"
adaptive-derived-resources,interactive-short-6,short,6,2,3,0,0,d41d8cd98f00b204e9800998ecf8427e,300112,0.0,,0,,,True,timeout,True,True,"Unexpected ""!"" at position 0 in state STOP"
adaptive-derived-resources,interactive-short-6,short,6,3,3,0,0,d41d8cd98f00b204e9800998ecf8427e,300112,0.0,,0,,,True,timeout,True,True,"Unexpected ""!"" at position 0 in state STOP"
adaptive-derived-resources,interactive-short-6,short,6,4,3,0,0,d41d8cd98f00b204e9800998ecf8427e,300675,0.0,,0,,,True,timeout,True,True,terminated
adaptive-derived-resources,interactive-short-6,short,6,0,4,2,2,19192ef9b00eb3452f81449ffa840a3f,300110,0.006664223118189996,,2,31473,31473,True,timeout,True,False,"Unexpected ""!"" at position 0 in state STOP"
adaptive-derived-resources,interactive-short-6,short,6,1,4,2,2,3d0e167e241c5af8846ddee5bc5b7bee,300174,0.006662802241366675,,2,35684,35685,True,timeout,True,False,"Unexpected ""!"" at position 0 in state STOP"
adaptive-derived-resources,interactive-short-6,short,6,2,4,0,0,d41d8cd98f00b204e9800998ecf8427e,300109,0.0,,0,,,True,timeout,True,True,"Unexpected ""!"" at position 0 in state STOP"
adaptive-derived-resources,interactive-short-6,short,6,3,4,0,0,d41d8cd98f00b204e9800998ecf8427e,300111,0.0,,0,,,True,timeout,True,True,"Unexpected ""!"" at position 0 in state STOP"
adaptive-derived-resources,interactive-short-6,short,6,4,4,0,0,d41d8cd98f00b204e9800998ecf8427e,300110,0.0,,0,,,True,timeout,True,True,"Unexpected ""!"" at position 0 in state STOP"
adaptive-derived-resources,interactive-short-6,short,6,0,5,2,2,19192ef9b00eb3452f81449ffa840a3f,300108,0.006664267530355738,,2,47224,47224,True,timeout,True,False,"Unexpected ""!"" at position 0 in state STOP"
adaptive-derived-resources,interactive-short-6,short,6,1,5,2,2,3d0e167e241c5af8846ddee5bc5b7bee,300108,0.006664267530355738,,2,33228,33228,True,timeout,True,False,"Unexpected ""!"" at position 0 in state STOP"
adaptive-derived-resources,interactive-short-6,short,6,2,5,0,0,d41d8cd98f00b204e9800998ecf8427e,300104,0.0,,0,,,True,timeout,True,True,"Unexpected ""!"" at position 0 in state STOP"
adaptive-derived-resources,interactive-short-6,short,6,3,5,0,0,d41d8cd98f00b204e9800998ecf8427e,300109,0.0,,0,,,True,timeout,True,True,"Unexpected ""!"" at position 0 in state STOP"
adaptive-derived-resources,interactive-short-6,short,6,4,5,0,0,d41d8cd98f00b204e9800998ecf8427e,300109,0.0,,0,,,True,timeout,True,True,"Unexpected ""!"" at position 0 in state STOP"
adaptive-derived-resources,interactive-short-7,short,7,0,0,0,0,d41d8cd98f00b204e9800998ecf8427e,300113,0.0,,0,,,True,timeout,True,True,"Unexpected ""!"" at position 0 in state STOP"
adaptive-derived-resources,interactive-short-7,short,7,1,0,0,0,d41d8cd98f00b204e9800998ecf8427e,300084,0.0,,0,,,True,timeout,True,True,"Unexpected ""!"" at position 0 in state STOP"
adaptive-derived-resources,interactive-short-7,short,7,2,0,0,0,d41d8cd98f00b204e9800998ecf8427e,300156,0.0,,0,,,True,timeout,True,True,"Unexpected ""!"" at position 0 in state STOP"
adaptive-derived-resources,interactive-short-7,short,7,3,0,0,0,d41d8cd98f00b204e9800998ecf8427e,300111,0.0,,0,,,True,timeout,True,True,"Unexpected ""!"" at position 0 in state STOP"
adaptive-derived-resources,interactive-short-7,short,7,4,0,0,0,d41d8cd98f00b204e9800998ecf8427e,300113,0.0,,0,,,True,timeout,True,True,"Unexpected ""!"" at position 0 in state STOP"
adaptive-derived-resources,interactive-short-7,short,7,0,1,0,0,d41d8cd98f00b204e9800998ecf8427e,300111,0.0,,0,,,True,timeout,True,True,"Unexpected ""!"" at position 0 in state STOP"
adaptive-derived-resources,interactive-short-7,short,7,1,1,0,0,d41d8cd98f00b204e9800998ecf8427e,300111,0.0,,0,,,True,timeout,True,True,"Unexpected ""!"" at position 0 in state STOP"
adaptive-derived-resources,interactive-short-7,short,7,2,1,0,0,d41d8cd98f00b204e9800998ecf8427e,300109,0.0,,0,,,True,timeout,True,True,"Unexpected ""!"" at position 0 in state STOP"
adaptive-derived-resources,interactive-short-7,short,7,3,1,0,0,d41d8cd98f00b204e9800998ecf8427e,300113,0.0,,0,,,True,timeout,True,True,"Unexpected ""!"" at position 0 in state STOP"
adaptive-derived-resources,interactive-short-7,short,7,4,1,0,0,d41d8cd98f00b204e9800998ecf8427e,300110,0.0,,0,,,True,timeout,True,True,"Unexpected ""!"" at position 0 in state STOP"
adaptive-derived-resources,interactive-short-7,short,7,0,2,0,0,d41d8cd98f00b204e9800998ecf8427e,300109,0.0,,0,,,True,timeout,True,True,"Unexpected ""!"" at position 0 in state STOP"
adaptive-derived-resources,interactive-short-7,short,7,1,2,0,0,d41d8cd98f00b204e9800998ecf8427e,300111,0.0,,0,,,True,timeout,True,True,"Unexpected ""!"" at position 0 in state STOP"
adaptive-derived-resources,interactive-short-7,short,7,2,2,0,0,d41d8cd98f00b204e9800998ecf8427e,300111,0.0,,0,,,True,timeout,True,True,"Unexpected ""!"" at position 0 in state STOP"
adaptive-derived-resources,interactive-short-7,short,7,3,2,0,0,d41d8cd98f00b204e9800998ecf8427e,300111,0.0,,0,,,True,timeout,True,True,"Unexpected ""!"" at position 0 in state STOP"
adaptive-derived-resources,interactive-short-7,short,7,4,2,0,0,d41d8cd98f00b204e9800998ecf8427e,300110,0.0,,0,,,True,timeout,True,True,"Unexpected ""!"" at position 0 in state STOP"
adaptive-derived-resources,interactive-short-7,short,7,0,3,0,0,d41d8cd98f00b204e9800998ecf8427e,300108,0.0,,0,,,True,timeout,True,True,"Unexpected ""!"" at position 0 in state STOP"
adaptive-derived-resources,interactive-short-7,short,7,1,3,0,0,d41d8cd98f00b204e9800998ecf8427e,300110,0.0,,0,,,True,timeout,True,True,"Unexpected ""!"" at position 0 in state STOP"
adaptive-derived-resources,interactive-short-7,short,7,2,3,0,0,d41d8cd98f00b204e9800998ecf8427e,300109,0.0,,0,,,True,timeout,True,True,"Unexpected ""!"" at position 0 in state STOP"
adaptive-derived-resources,interactive-short-7,short,7,3,3,0,0,d41d8cd98f00b204e9800998ecf8427e,300086,0.0,,0,,,True,timeout,True,True,"Unexpected ""!"" at position 0 in state STOP"
adaptive-derived-resources,interactive-short-7,short,7,4,3,0,0,d41d8cd98f00b204e9800998ecf8427e,300033,0.0,,0,,,True,timeout,True,True,"Unexpected ""!"" at position 0 in state STOP"
adaptive-derived-resources,interactive-short-7,short,7,0,4,0,0,d41d8cd98f00b204e9800998ecf8427e,300110,0.0,,0,,,True,timeout,True,True,"Unexpected ""!"" at position 0 in state STOP"
adaptive-derived-resources,interactive-short-7,short,7,1,4,0,0,d41d8cd98f00b204e9800998ecf8427e,300111,0.0,,0,,,True,timeout,True,True,"Unexpected ""!"" at position 0 in state STOP"
adaptive-derived-resources,interactive-short-7,short,7,2,4,0,0,d41d8cd98f00b204e9800998ecf8427e,300110,0.0,,0,,,True,timeout,True,True,"Unexpected ""!"" at position 0 in state STOP"
adaptive-derived-resources,interactive-short-7,short,7,3,4,0,0,d41d8cd98f00b204e9800998ecf8427e,300167,0.0,,0,,,True,timeout,True,True,"Unexpected ""!"" at position 0 in state STOP"
adaptive-derived-resources,interactive-short-7,short,7,4,4,0,0,d41d8cd98f00b204e9800998ecf8427e,300111,0.0,,0,,,True,timeout,True,True,"Unexpected ""!"" at position 0 in state STOP"
adaptive-derived-resources,interactive-short-7,short,7,0,5,0,0,d41d8cd98f00b204e9800998ecf8427e,300110,0.0,,0,,,True,timeout,True,True,"Unexpected ""!"" at position 0 in state STOP"
adaptive-derived-resources,interactive-short-7,short,7,1,5,0,0,d41d8cd98f00b204e9800998ecf8427e,300669,0.0,,0,,,True,timeout,True,True,terminated
adaptive-derived-resources,interactive-short-7,short,7,2,5,0,0,d41d8cd98f00b204e9800998ecf8427e,300113,0.0,,0,,,True,timeout,True,True,"Unexpected ""!"" at position 0 in state STOP"
adaptive-derived-resources,interactive-short-7,short,7,3,5,0,0,d41d8cd98f00b204e9800998ecf8427e,300111,0.0,,0,,,True,timeout,True,True,"Unexpected ""!"" at position 0 in state STOP"
adaptive-derived-resources,interactive-short-7,short,7,4,5,0,0,d41d8cd98f00b204e9800998ecf8427e,300112,0.0,,0,,,True,timeout,True,True,"Unexpected ""!"" at position 0 in state STOP"
adaptive,interactive-discover-1,discover,1,0,0,6,6,d632b8166f912f4afd062d64186f2dc6,4670,1.284796573875803,133.0,6,1579,2073,False,ok,False,False,
adaptive,interactive-discover-1,discover,1,1,0,4,4,e00f199d535cd1710bf9be67f04f39e4,2499,1.6006402561024409,131.0,4,532,553,False,ok,False,False,
adaptive,interactive-discover-1,discover,1,2,0,1,1,c4499554f796e968a069e67a8f5d9d1c,2276,0.4393673110720563,117.0,1,476,476,False,ok,False,False,
adaptive,interactive-discover-1,discover,1,3,0,14,14,6c0a9fe8be642ee232c10c9996912b97,2011,6.9617105917454,91.0,14,536,584,False,ok,False,False,
adaptive,interactive-discover-1,discover,1,4,0,8,8,7536d3a2c1abc2a9ac92b1860efa3282,2402,3.330557868442964,121.0,8,636,644,False,ok,False,False,
adaptive,interactive-discover-1,discover,1,0,1,6,6,d632b8166f912f4afd062d64186f2dc6,2295,2.6143790849673203,133.0,6,637,1115,False,ok,False,False,
adaptive,interactive-discover-1,discover,1,1,1,4,4,e00f199d535cd1710bf9be67f04f39e4,1786,2.2396416573348263,131.0,4,404,432,False,ok,False,False,
adaptive,interactive-discover-1,discover,1,2,1,1,1,c4499554f796e968a069e67a8f5d9d1c,1698,0.5889281507656066,117.0,1,510,510,False,ok,False,False,
adaptive,interactive-discover-1,discover,1,3,1,14,14,6c0a9fe8be642ee232c10c9996912b97,1504,9.308510638297872,91.0,14,491,604,False,ok,False,False,
adaptive,interactive-discover-1,discover,1,4,1,8,8,7536d3a2c1abc2a9ac92b1860efa3282,1901,4.208311415044713,121.0,8,541,554,False,ok,False,False,
adaptive,interactive-discover-1,discover,1,0,2,6,6,d632b8166f912f4afd062d64186f2dc6,2095,2.863961813842482,133.0,6,582,785,False,ok,False,False,
adaptive,interactive-discover-1,discover,1,1,2,4,4,e00f199d535cd1710bf9be67f04f39e4,1830,2.1857923497267757,131.0,4,494,539,False,ok,False,False,
adaptive,interactive-discover-1,discover,1,2,2,1,1,c4499554f796e968a069e67a8f5d9d1c,1629,0.6138735420503376,117.0,1,512,512,False,ok,False,False,
adaptive,interactive-discover-1,discover,1,3,2,14,14,6c0a9fe8be642ee232c10c9996912b97,1690,8.284023668639053,91.0,14,536,542,False,ok,False,False,
adaptive,interactive-discover-1,discover,1,4,2,8,8,7536d3a2c1abc2a9ac92b1860efa3282,1888,4.237288135593221,121.0,8,528,538,False,ok,False,False,
adaptive,interactive-discover-1,discover,1,0,3,6,6,d632b8166f912f4afd062d64186f2dc6,1990,3.0150753768844223,133.0,6,552,801,False,ok,False,False,
adaptive,interactive-discover-1,discover,1,1,3,4,4,e00f199d535cd1710bf9be67f04f39e4,1720,2.3255813953488373,131.0,4,520,550,False,ok,False,False,
adaptive,interactive-discover-1,discover,1,2,3,1,1,c4499554f796e968a069e67a8f5d9d1c,1670,0.5988023952095809,117.0,1,437,437,False,ok,False,False,
adaptive,interactive-discover-1,discover,1,3,3,14,14,6c0a9fe8be642ee232c10c9996912b97,1555,9.003215434083602,91.0,14,423,442,False,ok,False,False,
adaptive,interactive-discover-1,discover,1,4,3,8,8,7536d3a2c1abc2a9ac92b1860efa3282,2141,3.7365716954694066,121.0,8,505,519,False,ok,False,False,
adaptive,interactive-discover-1,discover,1,0,4,6,6,d632b8166f912f4afd062d64186f2dc6,1891,3.1729243786356425,133.0,6,541,791,False,ok,False,False,
adaptive,interactive-discover-1,discover,1,1,4,4,4,e00f199d535cd1710bf9be67f04f39e4,1681,2.379535990481856,131.0,4,495,513,False,ok,False,False,
adaptive,interactive-discover-1,discover,1,2,4,1,1,c4499554f796e968a069e67a8f5d9d1c,1603,0.6238303181534622,117.0,1,425,425,False,ok,False,False,
adaptive,interactive-discover-1,discover,1,3,4,14,14,6c0a9fe8be642ee232c10c9996912b97,1770,7.909604519774011,91.0,14,425,563,False,ok,False,False,
adaptive,interactive-discover-1,discover,1,4,4,8,8,7536d3a2c1abc2a9ac92b1860efa3282,1781,4.491858506457047,121.0,8,488,500,False,ok,False,False,
adaptive,interactive-discover-1,discover,1,0,5,6,6,d632b8166f912f4afd062d64186f2dc6,1833,3.2733224222585924,133.0,6,469,1025,False,ok,False,False,
adaptive,interactive-discover-1,discover,1,1,5,4,4,e00f199d535cd1710bf9be67f04f39e4,1674,2.3894862604540026,131.0,4,427,456,False,ok,False,False,
adaptive,interactive-discover-1,discover,1,2,5,1,1,c4499554f796e968a069e67a8f5d9d1c,1584,0.6313131313131313,117.0,1,438,438,False,ok,False,False,
adaptive,interactive-discover-1,discover,1,3,5,14,14,6c0a9fe8be642ee232c10c9996912b97,1711,8.182349503214494,91.0,14,398,444,False,ok,False,False,
adaptive,interactive-discover-1,discover,1,4,5,8,8,7536d3a2c1abc2a9ac92b1860efa3282,1816,4.405286343612334,121.0,8,519,530,False,ok,False,False,
adaptive,interactive-discover-2,discover,2,0,0,66,66,18ff3becda1d7305aaa0da5860ca7511,1920,34.375,133.0,66,515,1002,False,ok,False,False,
adaptive,interactive-discover-2,discover,2,1,0,46,46,f6a5ba863b07324a44f8e492bf9ab0e1,1684,27.315914489311165,131.0,46,440,674,False,ok,False,False,
adaptive,interactive-discover-2,discover,2,2,0,32,32,113587781a953fec190d8e3339b06c26,1531,20.901371652514698,117.0,32,420,720,False,ok,False,False,
adaptive,interactive-discover-2,discover,2,3,0,198,198,23320e2cdf40e8165aa7fdff74171184,1488,133.06451612903226,91.0,198,428,775,False,ok,False,False,
adaptive,interactive-discover-2,discover,2,4,0,98,98,a7ea80830c1f3358609f53e0ce62fd9a,1766,55.49263873159683,121.0,98,600,939,False,ok,False,False,
adaptive,interactive-discover-2,discover,2,0,1,66,66,18ff3becda1d7305aaa0da5860ca7511,1918,34.41084462982273,133.0,66,602,1150,False,ok,False,False,
adaptive,interactive-discover-2,discover,2,1,1,46,46,f6a5ba863b07324a44f8e492bf9ab0e1,1665,27.62762762762763,131.0,46,463,930,False,ok,False,False,
adaptive,interactive-discover-2,discover,2,2,1,32,32,113587781a953fec190d8e3339b06c26,1574,20.330368487928844,117.0,32,434,687,False,ok,False,False,
adaptive,interactive-discover-2,discover,2,3,1,198,198,23320e2cdf40e8165aa7fdff74171184,1355,146.12546125461256,91.0,198,444,916,False,ok,False,False,
adaptive,interactive-discover-2,discover,2,4,1,98,98,a7ea80830c1f3358609f53e0ce62fd9a,1762,55.61861520998865,121.0,98,533,894,False,ok,False,False,
adaptive,interactive-discover-2,discover,2,0,2,66,66,18ff3becda1d7305aaa0da5860ca7511,1825,36.16438356164384,133.0,66,350,825,False,ok,False,False,
adaptive,interactive-discover-2,discover,2,1,2,46,46,f6a5ba863b07324a44f8e492bf9ab0e1,1604,28.678304239401495,131.0,46,445,648,False,ok,False,False,
adaptive,interactive-discover-2,discover,2,2,2,32,32,113587781a953fec190d8e3339b06c26,1525,20.98360655737705,117.0,32,443,790,False,ok,False,False,
adaptive,interactive-discover-2,discover,2,3,2,198,198,23320e2cdf40e8165aa7fdff74171184,1700,116.47058823529412,91.0,198,437,1053,False,ok,False,False,
adaptive,interactive-discover-2,discover,2,4,2,98,98,a7ea80830c1f3358609f53e0ce62fd9a,1833,53.46426623022368,121.0,98,617,743,False,ok,False,False,
adaptive,interactive-discover-2,discover,2,0,3,66,66,18ff3becda1d7305aaa0da5860ca7511,1853,35.61791689152725,133.0,66,580,795,False,ok,False,False,
adaptive,interactive-discover-2,discover,2,1,3,46,46,f6a5ba863b07324a44f8e492bf9ab0e1,1648,27.9126213592233,131.0,46,437,696,False,ok,False,False,
adaptive,interactive-discover-2,discover,2,2,3,32,32,113587781a953fec190d8e3339b06c26,1522,21.02496714848883,117.0,32,438,701,False,ok,False,False,
adaptive,interactive-discover-2,discover,2,3,3,198,198,23320e2cdf40e8165aa7fdff74171184,1432,138.268156424581,91.0,198,441,1430,False,ok,False,False,
adaptive,interactive-discover-2,discover,2,4,3,98,98,a7ea80830c1f3358609f53e0ce62fd9a,1930,50.77720207253886,121.0,98,369,918,False,ok,False,False,
adaptive,interactive-discover-2,discover,2,0,4,66,66,18ff3becda1d7305aaa0da5860ca7511,1946,33.91572456320658,133.0,66,364,965,False,ok,False,False,
adaptive,interactive-discover-2,discover,2,1,4,46,46,f6a5ba863b07324a44f8e492bf9ab0e1,1641,28.031687995124923,131.0,46,416,750,False,ok,False,False,
adaptive,interactive-discover-2,discover,2,2,4,32,32,113587781a953fec190d8e3339b06c26,1871,17.103153393907,117.0,32,414,634,False,ok,False,False,
adaptive,interactive-discover-2,discover,2,3,4,198,198,23320e2cdf40e8165aa7fdff74171184,1475,134.23728813559322,91.0,198,643,813,False,ok,False,False,
adaptive,interactive-discover-2,discover,2,4,4,98,98,a7ea80830c1f3358609f53e0ce62fd9a,1740,56.32183908045977,121.0,98,380,683,False,ok,False,False,
adaptive,interactive-discover-2,discover,2,0,5,66,66,18ff3becda1d7305aaa0da5860ca7511,1898,34.77344573234984,133.0,66,341,728,False,ok,False,False,
adaptive,interactive-discover-2,discover,2,1,5,46,46,f6a5ba863b07324a44f8e492bf9ab0e1,1633,28.169014084507044,131.0,46,434,730,False,ok,False,False,
adaptive,interactive-discover-2,discover,2,2,5,32,32,113587781a953fec190d8e3339b06c26,1533,20.87410306588389,117.0,32,478,668,False,ok,False,False,
adaptive,interactive-discover-2,discover,2,3,5,198,198,23320e2cdf40e8165aa7fdff74171184,1459,135.70938999314598,91.0,198,418,735,False,ok,False,False,
adaptive,interactive-discover-2,discover,2,4,5,98,98,a7ea80830c1f3358609f53e0ce62fd9a,1737,56.41911341393207,121.0,98,474,853,False,ok,False,False,
adaptive,interactive-discover-3,discover,3,0,0,68,68,e9f9c6f077dd7a85180d21221150597a,90886,0.7481900402702287,385.0,68,90882,90885,False,ok,False,False,
adaptive,interactive-discover-3,discover,3,1,0,66,66,bf39c452faf678539dd6bec9f8931c5e,98072,0.6729749571743209,387.0,66,98068,98071,False,ok,False,False,
adaptive,interactive-discover-3,discover,3,2,0,54,54,c6f1026b5b378b95fed1b609efe82a86,79459,0.6795957663700776,285.0,54,79456,79458,False,ok,False,False,
adaptive,interactive-discover-3,discover,3,3,0,196,196,3103aacb8c0b38645fd73f8b05191c84,159561,1.2283703411234574,503.0,196,159554,159560,False,ok,False,False,
adaptive,interactive-discover-3,discover,3,4,0,137,137,922f2cfc8273304ad1f823de44367223,114014,1.2016068202150614,423.0,137,114010,114013,False,ok,False,False,
adaptive,interactive-discover-3,discover,3,0,1,68,68,e9f9c6f077dd7a85180d21221150597a,100447,0.676973926548329,385.0,68,100444,100447,False,ok,False,False,
adaptive,interactive-discover-3,discover,3,1,1,66,66,bf39c452faf678539dd6bec9f8931c5e,98444,0.6704319206858722,387.0,66,98440,98443,False,ok,False,False,
adaptive,interactive-discover-3,discover,3,2,1,54,54,c6f1026b5b378b95fed1b609efe82a86,79884,0.67598017124831,285.0,54,79878,79883,False,ok,False,False,
adaptive,interactive-discover-3,discover,3,3,1,196,196,3103aacb8c0b38645fd73f8b05191c84,161073,1.2168395696361276,503.0,196,161044,161073,False,ok,False,False,
adaptive,interactive-discover-3,discover,3,4,1,137,137,922f2cfc8273304ad1f823de44367223,111490,1.2288097587227556,423.0,137,111487,111490,False,ok,False,False,
adaptive,interactive-discover-3,discover,3,0,2,68,68,e9f9c6f077dd7a85180d21221150597a,97528,0.6972356656549914,385.0,68,97525,97527,False,ok,False,False,
adaptive,interactive-discover-3,discover,3,1,2,66,66,bf39c452faf678539dd6bec9f8931c5e,97095,0.6797466398887687,387.0,66,97093,97094,False,ok,False,False,
adaptive,interactive-discover-3,discover,3,2,2,54,54,c6f1026b5b378b95fed1b609efe82a86,79310,0.6808725255327197,285.0,54,79308,79309,False,ok,False,False,
adaptive,interactive-discover-3,discover,3,3,2,196,196,3103aacb8c0b38645fd73f8b05191c84,159695,1.2273396161432732,503.0,196,159685,159695,False,ok,False,False,
adaptive,interactive-discover-3,discover,3,4,2,137,137,922f2cfc8273304ad1f823de44367223,115444,1.1867225667856276,423.0,137,115439,115443,False,ok,False,False,
adaptive,interactive-discover-3,discover,3,0,3,68,68,e9f9c6f077dd7a85180d21221150597a,96659,0.7035040710125285,385.0,68,96656,96658,False,ok,False,False,
adaptive,interactive-discover-3,discover,3,1,3,66,66,bf39c452faf678539dd6bec9f8931c5e,97665,0.6757794501612655,387.0,66,97663,97664,False,ok,False,False,
adaptive,interactive-discover-3,discover,3,2,3,54,54,c6f1026b5b378b95fed1b609efe82a86,81501,0.662568557441013,285.0,54,81499,81501,False,ok,False,False,
adaptive,interactive-discover-3,discover,3,3,3,196,196,3103aacb8c0b38645fd73f8b05191c84,161543,1.213299245402153,503.0,196,161537,161543,False,ok,False,False,
adaptive,interactive-discover-3,discover,3,4,3,137,137,922f2cfc8273304ad1f823de44367223,114902,1.1923204121773336,423.0,137,114898,114901,False,ok,False,False,
adaptive,interactive-discover-3,discover,3,0,4,68,68,e9f9c6f077dd7a85180d21221150597a,98890,0.6876327232278289,385.0,68,98887,98889,False,ok,False,False,
adaptive,interactive-discover-3,discover,3,1,4,66,66,bf39c452faf678539dd6bec9f8931c5e,97963,0.6737237528454622,387.0,66,97960,97962,False,ok,False,False,
adaptive,interactive-discover-3,discover,3,2,4,54,54,c6f1026b5b378b95fed1b609efe82a86,82270,0.6563753494590981,285.0,54,82268,82269,False,ok,False,False,
adaptive,interactive-discover-3,discover,3,3,4,196,196,3103aacb8c0b38645fd73f8b05191c84,149690,1.309372703587414,503.0,196,149680,149689,False,ok,False,False,
adaptive,interactive-discover-3,discover,3,4,4,137,137,922f2cfc8273304ad1f823de44367223,106014,1.2922821514139642,423.0,137,106009,106012,False,ok,False,False,
adaptive,interactive-discover-3,discover,3,0,5,68,68,e9f9c6f077dd7a85180d21221150597a,96425,0.7052113041223749,385.0,68,96422,96424,False,ok,False,False,
adaptive,interactive-discover-3,discover,3,1,5,66,66,bf39c452faf678539dd6bec9f8931c5e,96465,0.6841859741875291,387.0,66,96463,96464,False,ok,False,False,
adaptive,interactive-discover-3,discover,3,2,5,54,54,c6f1026b5b378b95fed1b609efe82a86,81971,0.658769564846104,285.0,54,81969,81970,False,ok,False,False,
adaptive,interactive-discover-3,discover,3,3,5,196,196,3103aacb8c0b38645fd73f8b05191c84,161776,1.211551775294234,503.0,196,161771,161775,False,ok,False,False,
adaptive,interactive-discover-3,discover,3,4,5,137,137,922f2cfc8273304ad1f823de44367223,114928,1.192050675205346,423.0,137,114924,114927,False,ok,False,False,
adaptive,interactive-discover-4,discover,4,0,0,5,5,3112eede040aaa01aedc457789eed356,3006,1.6633399866932803,165.0,5,3005,3005,False,ok,False,False,
adaptive,interactive-discover-4,discover,4,1,0,3,3,cd6f381a6281527b1dbda2f21a1a702a,2122,1.413760603204524,139.0,3,2120,2121,False,ok,False,False,
adaptive,interactive-discover-4,discover,4,2,0,3,3,ed1ebad4adf97e9e94be0ca88af2d8bb,1954,1.5353121801432958,125.0,3,1953,1953,False,ok,False,False,
adaptive,interactive-discover-4,discover,4,3,0,3,3,16a10be88d7ff874026ce66a4e993ecb,1759,1.7055144968732234,101.0,3,1758,1758,False,ok,False,False,
adaptive,interactive-discover-4,discover,4,4,0,7,7,d0ef3bb68aa278a8f97f329adee97dd8,2112,3.3143939393939394,161.0,7,2111,2112,False,ok,False,False,
adaptive,interactive-discover-4,discover,4,0,1,5,5,3112eede040aaa01aedc457789eed356,1858,2.6910656620021527,165.0,5,1858,1858,False,ok,False,False,
adaptive,interactive-discover-4,discover,4,1,1,3,3,cd6f381a6281527b1dbda2f21a1a702a,1499,2.00133422281521,139.0,3,1498,1498,False,ok,False,False,
adaptive,interactive-discover-4,discover,4,2,1,3,3,ed1ebad4adf97e9e94be0ca88af2d8bb,1402,2.1398002853067046,125.0,3,1401,1401,False,ok,False,False,
adaptive,interactive-discover-4,discover,4,3,1,3,3,16a10be88d7ff874026ce66a4e993ecb,1426,2.103786816269285,101.0,3,1426,1426,False,ok,False,False,
adaptive,interactive-discover-4,discover,4,4,1,7,7,d0ef3bb68aa278a8f97f329adee97dd8,1816,3.854625550660793,161.0,7,1815,1816,False,ok,False,False,
adaptive,interactive-discover-4,discover,4,0,2,5,5,3112eede040aaa01aedc457789eed356,1839,2.718868950516585,165.0,5,1838,1838,False,ok,False,False,
adaptive,interactive-discover-4,discover,4,1,2,3,3,cd6f381a6281527b1dbda2f21a1a702a,1516,1.9788918205804749,139.0,3,1515,1515,False,ok,False,False,
adaptive,interactive-discover-4,discover,4,2,2,3,3,ed1ebad4adf97e9e94be0ca88af2d8bb,1492,2.0107238605898123,125.0,3,1491,1491,False,ok,False,False,
adaptive,interactive-discover-4,discover,4,3,2,3,3,16a10be88d7ff874026ce66a4e993ecb,1492,2.0107238605898123,101.0,3,1491,1491,False,ok,False,False,
adaptive,interactive-discover-4,discover,4,4,2,7,7,d0ef3bb68aa278a8f97f329adee97dd8,1803,3.882418191902385,161.0,7,1802,1802,False,ok,False,False,
adaptive,interactive-discover-4,discover,4,0,3,5,5,3112eede040aaa01aedc457789eed356,1785,2.801120448179272,165.0,5,1785,1785,False,ok,False,False,
adaptive,interactive-discover-4,discover,4,1,3,3,3,cd6f381a6281527b1dbda2f21a1a702a,1582,1.8963337547408343,139.0,3,1581,1581,False,ok,False,False,
adaptive,interactive-discover-4,discover,4,2,3,3,3,ed1ebad4adf97e9e94be0ca88af2d8bb,1441,2.081887578070784,125.0,3,1440,1440,False,ok,False,False,
adaptive,interactive-discover-4,discover,4,3,3,3,3,16a10be88d7ff874026ce66a4e993ecb,1439,2.0847810979847115,101.0,3,1438,1439,False,ok,False,False,
adaptive,interactive-discover-4,discover,4,4,3,7,7,d0ef3bb68aa278a8f97f329adee97dd8,1797,3.8953811908736786,161.0,7,1797,1797,False,ok,False,False,
adaptive,interactive-discover-4,discover,4,0,4,5,5,3112eede040aaa01aedc457789eed356,1812,2.759381898454746,165.0,5,1811,1811,False,ok,False,False,
adaptive,interactive-discover-4,discover,4,1,4,3,3,cd6f381a6281527b1dbda2f21a1a702a,1531,1.959503592423253,139.0,3,1531,1531,False,ok,False,False,
adaptive,interactive-discover-4,discover,4,2,4,3,3,ed1ebad4adf97e9e94be0ca88af2d8bb,1486,2.018842530282638,125.0,3,1486,1486,False,ok,False,False,
adaptive,interactive-discover-4,discover,4,3,4,3,3,16a10be88d7ff874026ce66a4e993ecb,1372,2.1865889212827985,101.0,3,1372,1372,False,ok,False,False,
adaptive,interactive-discover-4,discover,4,4,4,7,7,d0ef3bb68aa278a8f97f329adee97dd8,1836,3.812636165577342,161.0,7,1836,1836,False,ok,False,False,
adaptive,interactive-discover-4,discover,4,0,5,5,5,3112eede040aaa01aedc457789eed356,1823,2.7427317608337907,165.0,5,1822,1822,False,ok,False,False,
adaptive,interactive-discover-4,discover,4,1,5,3,3,cd6f381a6281527b1dbda2f21a1a702a,1511,1.9854401058901392,139.0,3,1510,1510,False,ok,False,False,
adaptive,interactive-discover-4,discover,4,2,5,3,3,ed1ebad4adf97e9e94be0ca88af2d8bb,1453,2.064693737095664,125.0,3,1452,1452,False,ok,False,False,
adaptive,interactive-discover-4,discover,4,3,5,3,3,16a10be88d7ff874026ce66a4e993ecb,1388,2.161383285302594,101.0,3,1387,1388,False,ok,False,False,
adaptive,interactive-discover-4,discover,4,4,5,7,7,d0ef3bb68aa278a8f97f329adee97dd8,1813,3.8610038610038613,161.0,7,1812,1812,False,ok,False,False,
adaptive,interactive-discover-5,discover,5,0,0,15,15,cab888487e7572de37a55f0e8c3ec060,1694,8.85478158205431,133.0,15,491,722,False,ok,False,False,
adaptive,interactive-discover-5,discover,5,1,0,3,3,7fc43bb183e4fb0238576536413c6c45,1503,1.9960079840319362,131.0,3,563,679,False,ok,False,False,
adaptive,interactive-discover-5,discover,5,2,0,3,3,2543010e761cb36b6f0c3e103e58af43,1368,2.1929824561403506,117.0,3,500,768,False,ok,False,False,
adaptive,interactive-discover-5,discover,5,3,0,4,4,76fc6cfa5c07ff3011e9f2d7ac2ae7e0,1228,3.257328990228013,91.0,4,536,621,False,ok,False,False,
adaptive,interactive-discover-5,discover,5,4,0,20,20,880a30fb8a9114b4807acb78d9e7d141,1625,12.307692307692308,121.0,20,475,783,False,ok,False,False,
adaptive,interactive-discover-5,discover,5,0,1,15,15,cab888487e7572de37a55f0e8c3ec060,1692,8.865248226950355,133.0,15,587,708,False,ok,False,False,
adaptive,interactive-discover-5,discover,5,1,1,3,3,7fc43bb183e4fb0238576536413c6c45,1480,2.027027027027027,131.0,3,562,653,False,ok,False,False,
adaptive,interactive-discover-5,discover,5,2,1,3,3,2543010e761cb36b6f0c3e103e58af43,1462,2.051983584131327,117.0,3,811,1078,False,ok,False,False,
adaptive,interactive-discover-5,discover,5,3,1,4,4,76fc6cfa5c07ff3011e9f2d7ac2ae7e0,1234,3.2414910858995136,91.0,4,539,706,False,ok,False,False,
adaptive,interactive-discover-5,discover,5,4,1,20,20,880a30fb8a9114b4807acb78d9e7d141,1630,12.269938650306749,121.0,20,615,763,False,ok,False,False,
adaptive,interactive-discover-5,discover,5,0,2,15,15,cab888487e7572de37a55f0e8c3ec060,1640,9.146341463414634,133.0,15,612,728,False,ok,False,False,
adaptive,interactive-discover-5,discover,5,1,2,3,3,7fc43bb183e4fb0238576536413c6c45,1498,2.0026702269692924,131.0,3,524,631,False,ok,False,False,
adaptive,interactive-discover-5,discover,5,2,2,3,3,2543010e761cb36b6f0c3e103e58af43,1385,2.1660649819494586,117.0,3,594,1015,False,ok,False,False,
adaptive,interactive-discover-5,discover,5,3,2,4,4,76fc6cfa5c07ff3011e9f2d7ac2ae7e0,1322,3.02571860816944,91.0,4,599,983,False,ok,False,False,
adaptive,interactive-discover-5,discover,5,4,2,20,20,880a30fb8a9114b4807acb78d9e7d141,1598,12.515644555694617,121.0,20,606,801,False,ok,False,False,
adaptive,interactive-discover-5,discover,5,0,3,15,15,cab888487e7572de37a55f0e8c3ec060,1719,8.726003490401396,133.0,15,460,702,False,ok,False,False,
adaptive,interactive-discover-5,discover,5,1,3,3,3,7fc43bb183e4fb0238576536413c6c45,1478,2.029769959404601,131.0,3,546,626,False,ok,False,False,
adaptive,interactive-discover-5,discover,5,2,3,3,3,2543010e761cb36b6f0c3e103e58af43,1363,2.201027146001467,117.0,3,493,1039,False,ok,False,False,
adaptive,interactive-discover-5,discover,5,3,3,4,4,76fc6cfa5c07ff3011e9f2d7ac2ae7e0,1432,2.793296089385475,91.0,4,616,858,False,ok,False,False,
adaptive,interactive-discover-5,discover,5,4,3,20,20,880a30fb8a9114b4807acb78d9e7d141,1623,12.322858903265558,121.0,20,477,709,False,ok,False,False,
adaptive,interactive-discover-5,discover,5,0,4,15,15,cab888487e7572de37a55f0e8c3ec060,3119,4.809233728759217,133.0,15,1188,1561,False,ok,False,False,
adaptive,interactive-discover-5,discover,5,1,4,3,3,7fc43bb183e4fb0238576536413c6c45,1782,1.6835016835016834,131.0,3,560,908,False,ok,False,False,
adaptive,interactive-discover-5,discover,5,2,4,3,3,2543010e761cb36b6f0c3e103e58af43,1381,2.172338884866039,117.0,3,734,824,False,ok,False,False,
adaptive,interactive-discover-5,discover,5,3,4,4,4,76fc6cfa5c07ff3011e9f2d7ac2ae7e0,1241,3.2232070910556,91.0,4,527,772,False,ok,False,False,
adaptive,interactive-discover-5,discover,5,4,4,20,20,880a30fb8a9114b4807acb78d9e7d141,2291,8.729812309035356,121.0,20,497,731,False,ok,False,False,
adaptive,interactive-discover-5,discover,5,0,5,15,15,cab888487e7572de37a55f0e8c3ec060,1868,8.029978586723768,133.0,15,533,761,False,ok,False,False,
adaptive,interactive-discover-5,discover,5,1,5,3,3,7fc43bb183e4fb0238576536413c6c45,1451,2.067539627842867,131.0,3,508,1004,False,ok,False,False,
adaptive,interactive-discover-5,discover,5,2,5,3,3,2543010e761cb36b6f0c3e103e58af43,1437,2.08768267223382,117.0,3,592,651,False,ok,False,False,
adaptive,interactive-discover-5,discover,5,3,5,4,4,76fc6cfa5c07ff3011e9f2d7ac2ae7e0,1274,3.1397174254317113,91.0,4,522,737,False,ok,False,False,
adaptive,interactive-discover-5,discover,5,4,5,20,20,880a30fb8a9114b4807acb78d9e7d141,1549,12.91155584247902,121.0,20,605,750,False,ok,False,False,
adaptive,interactive-discover-6,discover,6,0,0,33,33,240c19f39eed1e3ac67718ff57b63a0d,117511,0.28082477385095866,10475.0,33,734,1620,False,ok,False,False,
adaptive,interactive-discover-6,discover,6,1,0,1,1,cd3466cc43b32ce51d8f13d5516f2ef2,1913,0.5227391531625719,131.0,1,1660,1660,False,ok,False,False,
adaptive,interactive-discover-6,discover,6,2,0,1,1,29960679941029d6a70f26d6904d3728,1754,0.5701254275940707,117.0,1,1493,1493,False,ok,False,False,
adaptive,interactive-discover-6,discover,6,3,0,2,2,dda32920d34bcd8a1bf9ed13c89c4b4d,113086,0.01768565516509559,10497.0,2,1558,1558,False,ok,False,False,
adaptive,interactive-discover-6,discover,6,4,0,27,27,613936d3d666a311d54e99e3a8f9cdad,2039,13.241785188818048,121.0,27,1195,1547,False,ok,False,False,
adaptive,interactive-discover-6,discover,6,0,1,33,33,240c19f39eed1e3ac67718ff57b63a0d,118499,0.2784833627287994,10479.0,33,1416,1655,False,ok,False,False,
adaptive,interactive-discover-6,discover,6,1,1,1,1,cd3466cc43b32ce51d8f13d5516f2ef2,1915,0.5221932114882506,131.0,1,1684,1684,False,ok,False,False,
adaptive,interactive-discover-6,discover,6,2,1,1,1,29960679941029d6a70f26d6904d3728,1738,0.5753739930955121,117.0,1,1290,1290,False,ok,False,False,
adaptive,interactive-discover-6,discover,6,3,1,2,2,dda32920d34bcd8a1bf9ed13c89c4b4d,116894,0.01710951802487724,10497.0,2,1454,1472,False,ok,False,False,
adaptive,interactive-discover-6,discover,6,4,1,27,27,613936d3d666a311d54e99e3a8f9cdad,2067,13.062409288824382,121.0,27,1294,1452,False,ok,False,False,
adaptive,interactive-discover-6,discover,6,0,2,33,33,240c19f39eed1e3ac67718ff57b63a0d,116175,0.28405422853453843,10479.0,33,1232,1550,False,ok,False,False,
adaptive,interactive-discover-6,discover,6,1,2,1,1,cd3466cc43b32ce51d8f13d5516f2ef2,1886,0.5302226935312832,131.0,1,1653,1653,False,ok,False,False,
adaptive,interactive-discover-6,discover,6,2,2,1,1,29960679941029d6a70f26d6904d3728,1742,0.574052812858783,117.0,1,1317,1317,False,ok,False,False,
adaptive,interactive-discover-6,discover,6,3,2,2,2,dda32920d34bcd8a1bf9ed13c89c4b4d,114524,0.01746358841814816,10497.0,2,1252,1260,False,ok,False,False,
adaptive,interactive-discover-6,discover,6,4,2,27,27,613936d3d666a311d54e99e3a8f9cdad,2064,13.081395348837209,121.0,27,1151,1353,False,ok,False,False,
adaptive,interactive-discover-6,discover,6,0,3,33,33,240c19f39eed1e3ac67718ff57b63a0d,115647,0.2853511115722846,10479.0,33,1158,1343,False,ok,False,False,
adaptive,interactive-discover-6,discover,6,1,3,1,1,cd3466cc43b32ce51d8f13d5516f2ef2,1907,0.5243838489774515,131.0,1,1652,1652,False,ok,False,False,
adaptive,interactive-discover-6,discover,6,2,3,1,1,29960679941029d6a70f26d6904d3728,1749,0.5717552887364208,117.0,1,1307,1307,False,ok,False,False,
adaptive,interactive-discover-6,discover,6,3,3,2,2,dda32920d34bcd8a1bf9ed13c89c4b4d,113068,0.017688470654827183,10497.0,2,1202,1264,False,ok,False,False,
adaptive,interactive-discover-6,discover,6,4,3,27,27,613936d3d666a311d54e99e3a8f9cdad,2036,13.261296660117878,121.0,27,1162,1317,False,ok,False,False,
adaptive,interactive-discover-6,discover,6,0,4,33,33,240c19f39eed1e3ac67718ff57b63a0d,111905,0.29489298958938387,10479.0,33,1093,1414,False,ok,False,False,
adaptive,interactive-discover-6,discover,6,1,4,1,1,cd3466cc43b32ce51d8f13d5516f2ef2,1876,0.5330490405117271,131.0,1,1642,1642,False,ok,False,False,
adaptive,interactive-discover-6,discover,6,2,4,1,1,29960679941029d6a70f26d6904d3728,1748,0.5720823798627003,117.0,1,1290,1290,False,ok,False,False,
adaptive,interactive-discover-6,discover,6,3,4,2,2,dda32920d34bcd8a1bf9ed13c89c4b4d,112640,0.01775568181818182,10497.0,2,1185,1204,False,ok,False,False,
adaptive,interactive-discover-6,discover,6,4,4,27,27,613936d3d666a311d54e99e3a8f9cdad,2004,13.47305389221557,121.0,27,1132,1516,False,ok,False,False,
adaptive,interactive-discover-6,discover,6,0,5,33,33,240c19f39eed1e3ac67718ff57b63a0d,110652,0.29823229584643746,10479.0,33,1227,1420,False,ok,False,False,
adaptive,interactive-discover-6,discover,6,1,5,1,1,cd3466cc43b32ce51d8f13d5516f2ef2,1882,0.5313496280552604,131.0,1,1399,1399,False,ok,False,False,
adaptive,interactive-discover-6,discover,6,2,5,1,1,29960679941029d6a70f26d6904d3728,1752,0.5707762557077626,117.0,1,1304,1304,False,ok,False,False,
adaptive,interactive-discover-6,discover,6,3,5,2,2,dda32920d34bcd8a1bf9ed13c89c4b4d,113796,0.017575310204225102,10497.0,2,1211,1527,False,ok,False,False,
adaptive,interactive-discover-6,discover,6,4,5,27,27,613936d3d666a311d54e99e3a8f9cdad,2044,13.209393346379647,121.0,27,1182,1340,False,ok,False,False,
adaptive,interactive-discover-7,discover,7,0,0,2,2,d8614c4f7b4fe0cc2f1623d07244cf20,300106,0.006664311943113434,,2,1216,3604,True,timeout,True,False,"Unexpected ""!"" at position 0 in state STOP"
adaptive,interactive-discover-7,discover,7,1,0,1,1,75ab2bd12ac1e16dcc02f8c9e8d97308,2298,0.4351610095735422,131.0,1,2053,2053,False,ok,False,False,
adaptive,interactive-discover-7,discover,7,2,0,1,1,faf54113a5297c559416a2dd78b9cc86,1917,0.5216484089723527,117.0,1,1463,1463,False,ok,False,False,
adaptive,interactive-discover-7,discover,7,3,0,2,2,d2faccc09255b3a49e90b46ed45ffe1d,304552,0.006567023037116814,,2,1820,3974,True,timeout,True,False,terminated
adaptive,interactive-discover-7,discover,7,4,0,1,1,3ee14484ce425fdbae40700cdd59c0d2,3661,0.27314941272876264,121.0,1,1794,1794,False,ok,False,False,
adaptive,interactive-discover-7,discover,7,0,1,2,2,d8614c4f7b4fe0cc2f1623d07244cf20,300011,0.006666422231184856,,2,1350,4280,True,timeout,True,False,"Unexpected ""!"" at position 0 in state STOP"
adaptive,interactive-discover-7,discover,7,1,1,1,1,75ab2bd12ac1e16dcc02f8c9e8d97308,2265,0.44150110375275936,131.0,1,1818,1818,False,ok,False,False,
adaptive,interactive-discover-7,discover,7,2,1,1,1,faf54113a5297c559416a2dd78b9cc86,2504,0.3993610223642173,117.0,1,2390,2390,False,ok,False,False,
adaptive,interactive-discover-7,discover,7,3,1,2,2,d2faccc09255b3a49e90b46ed45ffe1d,300012,0.00666640001066624,,2,1538,4089,True,timeout,True,False,"Unexpected ""!"" at position 0 in state STOP"
adaptive,interactive-discover-7,discover,7,4,1,1,1,3ee14484ce425fdbae40700cdd59c0d2,3245,0.3081664098613251,121.0,1,1784,1784,False,ok,False,False,
adaptive,interactive-discover-7,discover,7,0,2,2,2,d8614c4f7b4fe0cc2f1623d07244cf20,300010,0.006666444451851605,,2,1266,4254,True,timeout,True,False,"Unexpected ""!"" at position 0 in state STOP"
adaptive,interactive-discover-7,discover,7,1,2,1,1,75ab2bd12ac1e16dcc02f8c9e8d97308,2773,0.36062026685899745,131.0,1,2398,2398,False,ok,False,False,
adaptive,interactive-discover-7,discover,7,2,2,1,1,faf54113a5297c559416a2dd78b9cc86,1834,0.5452562704471101,117.0,1,1139,1139,False,ok,False,False,
adaptive,interactive-discover-7,discover,7,3,2,2,2,d2faccc09255b3a49e90b46ed45ffe1d,300010,0.006666444451851605,,2,1630,3742,True,timeout,True,False,"Unexpected ""!"" at position 0 in state STOP"
adaptive,interactive-discover-7,discover,7,4,2,1,1,3ee14484ce425fdbae40700cdd59c0d2,2875,0.34782608695652173,121.0,1,1700,1700,False,ok,False,False,
adaptive,interactive-discover-7,discover,7,0,3,2,2,d8614c4f7b4fe0cc2f1623d07244cf20,300009,0.006666466672666486,,2,1283,3594,True,timeout,True,False,"Unexpected ""!"" at position 0 in state STOP"
adaptive,interactive-discover-7,discover,7,1,3,1,1,75ab2bd12ac1e16dcc02f8c9e8d97308,2829,0.3534817956875221,131.0,1,2575,2575,False,ok,False,False,
adaptive,interactive-discover-7,discover,7,2,3,1,1,faf54113a5297c559416a2dd78b9cc86,1797,0.5564830272676684,117.0,1,1385,1385,False,ok,False,False,
adaptive,interactive-discover-7,discover,7,3,3,2,2,d2faccc09255b3a49e90b46ed45ffe1d,304472,0.006568748522031583,,2,1676,3887,True,timeout,True,False,terminated
adaptive,interactive-discover-7,discover,7,4,3,1,1,3ee14484ce425fdbae40700cdd59c0d2,3954,0.25290844714213456,121.0,1,2383,2383,False,ok,False,False,
adaptive,interactive-discover-7,discover,7,0,4,2,2,d8614c4f7b4fe0cc2f1623d07244cf20,300010,0.006666444451851605,,2,1267,3373,True,timeout,True,False,"Unexpected ""!"" at position 0 in state STOP"
adaptive,interactive-discover-7,discover,7,1,4,1,1,75ab2bd12ac1e16dcc02f8c9e8d97308,2811,0.35574528637495556,131.0,1,2674,2674,False,ok,False,False,
adaptive,interactive-discover-7,discover,7,2,4,1,1,faf54113a5297c559416a2dd78b9cc86,1757,0.5691519635742743,117.0,1,1410,1410,False,ok,False,False,
adaptive,interactive-discover-7,discover,7,3,4,2,2,d2faccc09255b3a49e90b46ed45ffe1d,300008,0.006666488893629504,,2,1226,3811,True,timeout,True,False,"Unexpected ""!"" at position 0 in state STOP"
adaptive,interactive-discover-7,discover,7,4,4,1,1,3ee14484ce425fdbae40700cdd59c0d2,2595,0.3853564547206165,121.0,1,1603,1603,False,ok,False,False,
adaptive,interactive-discover-7,discover,7,0,5,2,2,d8614c4f7b4fe0cc2f1623d07244cf20,300008,0.006666488893629504,,2,1484,3260,True,timeout,True,False,"Unexpected ""!"" at position 0 in state STOP"
adaptive,interactive-discover-7,discover,7,1,5,1,1,75ab2bd12ac1e16dcc02f8c9e8d97308,2114,0.4730368968779565,131.0,1,1679,1679,False,ok,False,False,
adaptive,interactive-discover-7,discover,7,2,5,1,1,faf54113a5297c559416a2dd78b9cc86,1822,0.548847420417124,117.0,1,1403,1403,False,ok,False,False,
adaptive,interactive-discover-7,discover,7,3,5,2,2,d2faccc09255b3a49e90b46ed45ffe1d,300010,0.006666444451851605,,2,1613,3947,True,timeout,True,False,"Unexpected ""!"" at position 0 in state STOP"
adaptive,interactive-discover-7,discover,7,4,5,1,1,3ee14484ce425fdbae40700cdd59c0d2,2661,0.37579857196542654,121.0,1,1766,1766,False,ok,False,False,
adaptive,interactive-discover-8,discover,8,0,0,10,10,bb71a2c609d69621c29d6ac5e530728c,4936,2.025931928687196,79.0,10,4648,4935,False,ok,False,False,
adaptive,interactive-discover-8,discover,8,1,0,10,10,ebb47d8ca6e932b6fbd3918e5b7aad4d,3932,2.5432349949135302,72.0,10,3920,3931,False,ok,False,False,
adaptive,interactive-discover-8,discover,8,2,0,10,10,02edc19b505884733e65dea4a8e228e6,8335,1.1997600479904018,120.0,10,3772,8334,False,ok,False,False,
adaptive,interactive-discover-8,discover,8,3,0,10,10,454f7fa6f2e7864d677b4dd719fb028e,1959,5.104645227156713,35.0,10,438,1959,False,ok,False,False,
adaptive,interactive-discover-8,discover,8,4,0,10,10,2cc6079c9cce80ae89cb92d5da7a89fa,709,14.104372355430185,7.0,10,709,709,False,ok,False,False,
adaptive,interactive-discover-8,discover,8,0,1,10,10,bb71a2c609d69621c29d6ac5e530728c,4339,2.3046784973496197,79.0,10,4256,4338,False,ok,False,False,
adaptive,interactive-discover-8,discover,8,1,1,10,10,ebb47d8ca6e932b6fbd3918e5b7aad4d,453,22.075055187637968,7.0,10,446,452,False,ok,False,False,
adaptive,interactive-discover-8,discover,8,2,1,10,10,02edc19b505884733e65dea4a8e228e6,7366,1.357588922074396,119.0,10,2754,7365,False,ok,False,False,
adaptive,interactive-discover-8,discover,8,3,1,10,10,18876770e258fe90e568a3b98a6f967c,1920,5.208333333333334,34.0,10,447,1920,False,ok,False,False,
adaptive,interactive-discover-8,discover,8,4,1,10,10,2cc6079c9cce80ae89cb92d5da7a89fa,716,13.966480446927374,7.0,10,715,715,False,ok,False,False,
adaptive,interactive-discover-8,discover,8,0,2,10,10,b3c50700e2c852e198494448b9c81e13,2455,4.0733197556008145,41.0,10,772,2454,False,ok,False,False,
adaptive,interactive-discover-8,discover,8,1,2,10,10,ebb47d8ca6e932b6fbd3918e5b7aad4d,463,21.59827213822894,7.0,10,457,463,False,ok,False,False,
adaptive,interactive-discover-8,discover,8,2,2,10,10,696a5ff054054d306565466df4bcdc06,7069,1.4146272457207525,48.0,10,5737,7065,False,ok,False,False,
adaptive,interactive-discover-8,discover,8,3,2,10,10,2a2d07f761c3890dd6e328f05b94cc34,2437,4.1034058268362745,45.0,10,442,2437,False,ok,False,False,
adaptive,interactive-discover-8,discover,8,4,2,10,10,2cc6079c9cce80ae89cb92d5da7a89fa,759,13.175230566534914,8.0,10,758,758,False,ok,False,False,
adaptive,interactive-discover-8,discover,8,0,3,7,7,481451514bfc3ccbce926af6cb90eaf9,300055,0.02332905633967106,,7,836,2005,True,timeout,True,False,"Unexpected ""!"" at position 0 in state STOP"
adaptive,interactive-discover-8,discover,8,1,3,10,10,ebb47d8ca6e932b6fbd3918e5b7aad4d,766,13.054830287206267,7.0,10,687,757,False,ok,False,False,
adaptive,interactive-discover-8,discover,8,2,3,10,10,02edc19b505884733e65dea4a8e228e6,8843,1.1308379509216329,116.0,10,4296,8842,False,ok,False,False,
adaptive,interactive-discover-8,discover,8,3,3,10,10,2a2d07f761c3890dd6e328f05b94cc34,2508,3.9872408293460926,45.0,10,451,2507,False,ok,False,False,
adaptive,interactive-discover-8,discover,8,4,3,10,10,2cc6079c9cce80ae89cb92d5da7a89fa,958,10.438413361169102,11.0,10,958,958,False,ok,False,False,
adaptive,interactive-discover-8,discover,8,0,4,3,3,37935d33864ebe7908948801f9933152,300019,0.009999366706775238,,3,1189,1945,True,timeout,True,False,"Unexpected ""!"" at position 0 in state STOP"
adaptive,interactive-discover-8,discover,8,1,4,10,10,ebb47d8ca6e932b6fbd3918e5b7aad4d,796,12.562814070351758,7.0,10,757,783,False,ok,False,False,
adaptive,interactive-discover-8,discover,8,2,4,10,10,02edc19b505884733e65dea4a8e228e6,9083,1.100957833314984,118.0,10,4419,9082,False,ok,False,False,
adaptive,interactive-discover-8,discover,8,3,4,10,10,ce85064b80cf037c9270f88dbebcdfdb,1971,5.073566717402334,35.0,10,446,1970,False,ok,False,False,
adaptive,interactive-discover-8,discover,8,4,4,10,10,2cc6079c9cce80ae89cb92d5da7a89fa,1110,9.009009009009008,8.0,10,1109,1110,False,ok,False,False,
adaptive,interactive-discover-8,discover,8,0,5,8,8,5a7ded05c45eafe5ad326645ad666d9f,300184,0.02665032113636969,,8,813,2392,True,timeout,True,False,"Unexpected ""!"" at position 0 in state STOP"
adaptive,interactive-discover-8,discover,8,1,5,10,10,ebb47d8ca6e932b6fbd3918e5b7aad4d,757,13.21003963011889,6.0,10,736,756,False,ok,False,False,
adaptive,interactive-discover-8,discover,8,2,5,10,10,02edc19b505884733e65dea4a8e228e6,8868,1.1276499774470004,118.0,10,4124,8867,False,ok,False,False,
adaptive,interactive-discover-8,discover,8,3,5,10,10,2a2d07f761c3890dd6e328f05b94cc34,2603,3.8417210910487896,45.0,10,454,2602,False,ok,False,False,
adaptive,interactive-discover-8,discover,8,4,5,10,10,2cc6079c9cce80ae89cb92d5da7a89fa,911,10.97694840834248,10.0,10,910,911,False,ok,False,False,
adaptive,interactive-short-1,short,1,0,0,1,1,6b641713c69378408c911f18ba9ba38b,2189,0.4568296025582458,135.0,1,366,366,False,ok,False,False,
adaptive,interactive-short-1,short,1,1,0,1,1,f02ab3570928d3fc74a51ceb7a4a39ac,1846,0.5417118093174431,133.0,1,330,330,False,ok,False,False,
adaptive,interactive-short-1,short,1,2,0,1,1,ff4ea17b4281fdba2a7a842efe3a722a,1700,0.5882352941176471,119.0,1,338,338,False,ok,False,False,
adaptive,interactive-short-1,short,1,3,0,1,1,64191c6d5f502dc3f35888f44214ade1,2346,0.42625745950554134,93.0,1,343,343,False,ok,False,False,
adaptive,interactive-short-1,short,1,4,0,1,1,d8972c3dd7a9ab1cc6d9b0773f1037c3,1942,0.5149330587023687,123.0,1,354,354,False,ok,False,False,
adaptive,interactive-short-1,short,1,0,1,1,1,6b641713c69378408c911f18ba9ba38b,1884,0.5307855626326964,135.0,1,360,360,False,ok,False,False,
adaptive,interactive-short-1,short,1,1,1,1,1,f02ab3570928d3fc74a51ceb7a4a39ac,1414,0.7072135785007072,133.0,1,323,323,False,ok,False,False,
adaptive,interactive-short-1,short,1,2,1,1,1,ff4ea17b4281fdba2a7a842efe3a722a,1368,0.7309941520467835,119.0,1,329,329,False,ok,False,False,
adaptive,interactive-short-1,short,1,3,1,1,1,64191c6d5f502dc3f35888f44214ade1,1215,0.8230452674897119,93.0,1,324,324,False,ok,False,False,
adaptive,interactive-short-1,short,1,4,1,1,1,d8972c3dd7a9ab1cc6d9b0773f1037c3,1574,0.6353240152477764,123.0,1,350,350,False,ok,False,False,
adaptive,interactive-short-1,short,1,0,2,1,1,6b641713c69378408c911f18ba9ba38b,1627,0.6146281499692686,135.0,1,319,319,False,ok,False,False,
adaptive,interactive-short-1,short,1,1,2,1,1,f02ab3570928d3fc74a51ceb7a4a39ac,1420,0.7042253521126761,133.0,1,338,338,False,ok,False,False,
adaptive,interactive-short-1,short,1,2,2,1,1,ff4ea17b4281fdba2a7a842efe3a722a,1329,0.7524454477050414,119.0,1,336,336,False,ok,False,False,
adaptive,interactive-short-1,short,1,3,2,1,1,64191c6d5f502dc3f35888f44214ade1,1243,0.8045052292839903,93.0,1,339,339,False,ok,False,False,
adaptive,interactive-short-1,short,1,4,2,1,1,d8972c3dd7a9ab1cc6d9b0773f1037c3,1804,0.5543237250554324,123.0,1,306,306,False,ok,False,False,
adaptive,interactive-short-1,short,1,0,3,1,1,6b641713c69378408c911f18ba9ba38b,2681,0.37299515106303616,135.0,1,334,334,False,ok,False,False,
adaptive,interactive-short-1,short,1,1,3,1,1,f02ab3570928d3fc74a51ceb7a4a39ac,1666,0.6002400960384154,133.0,1,294,294,False,ok,False,False,
adaptive,interactive-short-1,short,1,2,3,1,1,ff4ea17b4281fdba2a7a842efe3a722a,1578,0.6337135614702154,119.0,1,360,360,False,ok,False,False,
adaptive,interactive-short-1,short,1,3,3,1,1,64191c6d5f502dc3f35888f44214ade1,1308,0.764525993883792,93.0,1,318,318,False,ok,False,False,
adaptive,interactive-short-1,short,1,4,3,1,1,d8972c3dd7a9ab1cc6d9b0773f1037c3,1776,0.5630630630630631,123.0,1,305,305,False,ok,False,False,
adaptive,interactive-short-1,short,1,0,4,1,1,6b641713c69378408c911f18ba9ba38b,1666,0.6002400960384154,135.0,1,311,311,False,ok,False,False,
adaptive,interactive-short-1,short,1,1,4,1,1,f02ab3570928d3fc74a51ceb7a4a39ac,1459,0.6854009595613434,133.0,1,338,338,False,ok,False,False,
adaptive,interactive-short-1,short,1,2,4,1,1,ff4ea17b4281fdba2a7a842efe3a722a,1406,0.7112375533428166,119.0,1,412,412,False,ok,False,False,
adaptive,interactive-short-1,short,1,3,4,1,1,64191c6d5f502dc3f35888f44214ade1,1287,0.7770007770007771,93.0,1,325,325,False,ok,False,False,
adaptive,interactive-short-1,short,1,4,4,1,1,d8972c3dd7a9ab1cc6d9b0773f1037c3,1760,0.5681818181818182,123.0,1,313,313,False,ok,False,False,
adaptive,interactive-short-1,short,1,0,5,1,1,6b641713c69378408c911f18ba9ba38b,1913,0.5227391531625719,135.0,1,310,310,False,ok,False,False,
adaptive,interactive-short-1,short,1,1,5,1,1,f02ab3570928d3fc74a51ceb7a4a39ac,1730,0.5780346820809249,133.0,1,318,318,False,ok,False,False,
adaptive,interactive-short-1,short,1,2,5,1,1,ff4ea17b4281fdba2a7a842efe3a722a,1392,0.7183908045977012,119.0,1,328,328,False,ok,False,False,
adaptive,interactive-short-1,short,1,3,5,1,1,64191c6d5f502dc3f35888f44214ade1,1186,0.8431703204047218,93.0,1,353,353,False,ok,False,False,
adaptive,interactive-short-1,short,1,4,5,1,1,d8972c3dd7a9ab1cc6d9b0773f1037c3,1764,0.5668934240362812,123.0,1,331,331,False,ok,False,False,
adaptive,interactive-short-2,short,2,0,0,0,0,d41d8cd98f00b204e9800998ecf8427e,17,0.0,,0,,,True,unsupported,False,True,"Invalid SPARQL endpoint response from http://localhost:3001/sparql (HTTP status 400):
Query operation processing failed: none of the configured actors were able to handle the operation type nodes
    Error messages of failing actors:
        Actor urn:comunica:default:query-operation/actors#source does not accept the operation nodes.
"
adaptive,interactive-short-2,short,2,1,0,0,0,d41d8cd98f00b204e9800998ecf8427e,11,0.0,,0,,,True,unsupported,False,True,"Invalid SPARQL endpoint response from http://localhost:3001/sparql (HTTP status 400):
Query operation processing failed: none of the configured actors were able to handle the operation type nodes
    Error messages of failing actors:
        Actor urn:comunica:default:query-operation/actors#source does not accept the operation nodes.
"
adaptive,interactive-short-2,short,2,2,0,0,0,d41d8cd98f00b204e9800998ecf8427e,12,0.0,,0,,,True,unsupported,False,True,"Invalid SPARQL endpoint response from http://localhost:3001/sparql (HTTP status 400):
Query operation processing failed: none of the configured actors were able to handle the operation type nodes
    Error messages of failing actors:
        Actor urn:comunica:default:query-operation/actors#source does not accept the operation nodes.
"
adaptive,interactive-short-2,short,2,3,0,0,0,d41d8cd98f00b204e9800998ecf8427e,11,0.0,,0,,,True,unsupported,False,True,"Invalid SPARQL endpoint response from http://localhost:3001/sparql (HTTP status 400):
Query operation processing failed: none of the configured actors were able to handle the operation type nodes
    Error messages of failing actors:
        Actor urn:comunica:default:query-operation/actors#source does not accept the operation nodes.
"
adaptive,interactive-short-2,short,2,4,0,0,0,d41d8cd98f00b204e9800998ecf8427e,45,0.0,,0,,,True,unsupported,False,True,"Invalid SPARQL endpoint response from http://localhost:3001/sparql (HTTP status 400):
Query operation processing failed: none of the configured actors were able to handle the operation type nodes
    Error messages of failing actors:
        Actor urn:comunica:default:query-operation/actors#source does not accept the operation nodes.
"
adaptive,interactive-short-2,short,2,0,1,0,0,d41d8cd98f00b204e9800998ecf8427e,10,0.0,,0,,,True,unsupported,False,True,"Invalid SPARQL endpoint response from http://localhost:3001/sparql (HTTP status 400):
Query operation processing failed: none of the configured actors were able to handle the operation type nodes
    Error messages of failing actors:
        Actor urn:comunica:default:query-operation/actors#source does not accept the operation nodes.
"
adaptive,interactive-short-2,short,2,1,1,0,0,d41d8cd98f00b204e9800998ecf8427e,17,0.0,,0,,,True,unsupported,False,True,"Invalid SPARQL endpoint response from http://localhost:3001/sparql (HTTP status 400):
Query operation processing failed: none of the configured actors were able to handle the operation type nodes
    Error messages of failing actors:
        Actor urn:comunica:default:query-operation/actors#source does not accept the operation nodes.
"
adaptive,interactive-short-2,short,2,2,1,0,0,d41d8cd98f00b204e9800998ecf8427e,20,0.0,,0,,,True,unsupported,False,True,"Invalid SPARQL endpoint response from http://localhost:3001/sparql (HTTP status 400):
Query operation processing failed: none of the configured actors were able to handle the operation type nodes
    Error messages of failing actors:
        Actor urn:comunica:default:query-operation/actors#source does not accept the operation nodes.
"
adaptive,interactive-short-2,short,2,3,1,0,0,d41d8cd98f00b204e9800998ecf8427e,11,0.0,,0,,,True,unsupported,False,True,"Invalid SPARQL endpoint response from http://localhost:3001/sparql (HTTP status 400):
Query operation processing failed: none of the configured actors were able to handle the operation type nodes
    Error messages of failing actors:
        Actor urn:comunica:default:query-operation/actors#source does not accept the operation nodes.
"
adaptive,interactive-short-2,short,2,4,1,0,0,d41d8cd98f00b204e9800998ecf8427e,19,0.0,,0,,,True,unsupported,False,True,"Invalid SPARQL endpoint response from http://localhost:3001/sparql (HTTP status 400):
Query operation processing failed: none of the configured actors were able to handle the operation type nodes
    Error messages of failing actors:
        Actor urn:comunica:default:query-operation/actors#source does not accept the operation nodes.
"
adaptive,interactive-short-2,short,2,0,2,0,0,d41d8cd98f00b204e9800998ecf8427e,48,0.0,,0,,,True,unsupported,False,True,"Invalid SPARQL endpoint response from http://localhost:3001/sparql (HTTP status 400):
Query operation processing failed: none of the configured actors were able to handle the operation type nodes
    Error messages of failing actors:
        Actor urn:comunica:default:query-operation/actors#source does not accept the operation nodes.
"
adaptive,interactive-short-2,short,2,1,2,0,0,d41d8cd98f00b204e9800998ecf8427e,22,0.0,,0,,,True,unsupported,False,True,"Invalid SPARQL endpoint response from http://localhost:3001/sparql (HTTP status 400):
Query operation processing failed: none of the configured actors were able to handle the operation type nodes
    Error messages of failing actors:
        Actor urn:comunica:default:query-operation/actors#source does not accept the operation nodes.
"
adaptive,interactive-short-2,short,2,2,2,0,0,d41d8cd98f00b204e9800998ecf8427e,42,0.0,,0,,,True,unsupported,False,True,"Invalid SPARQL endpoint response from http://localhost:3001/sparql (HTTP status 400):
Query operation processing failed: none of the configured actors were able to handle the operation type nodes
    Error messages of failing actors:
        Actor urn:comunica:default:query-operation/actors#source does not accept the operation nodes.
"
adaptive,interactive-short-2,short,2,3,2,0,0,d41d8cd98f00b204e9800998ecf8427e,387,0.0,,0,,,True,unsupported,False,True,"Invalid SPARQL endpoint response from http://localhost:3001/sparql (HTTP status 400):
Query operation processing failed: none of the configured actors were able to handle the operation type nodes
    Error messages of failing actors:
        Actor urn:comunica:default:query-operation/actors#source does not accept the operation nodes.
"
adaptive,interactive-short-2,short,2,4,2,0,0,d41d8cd98f00b204e9800998ecf8427e,22,0.0,,0,,,True,unsupported,False,True,"Invalid SPARQL endpoint response from http://localhost:3001/sparql (HTTP status 400):
Query operation processing failed: none of the configured actors were able to handle the operation type nodes
    Error messages of failing actors:
        Actor urn:comunica:default:query-operation/actors#source does not accept the operation nodes.
"
adaptive,interactive-short-2,short,2,0,3,0,0,d41d8cd98f00b204e9800998ecf8427e,53,0.0,,0,,,True,unsupported,False,True,"Invalid SPARQL endpoint response from http://localhost:3001/sparql (HTTP status 400):
Query operation processing failed: none of the configured actors were able to handle the operation type nodes
    Error messages of failing actors:
        Actor urn:comunica:default:query-operation/actors#source does not accept the operation nodes.
"
adaptive,interactive-short-2,short,2,1,3,0,0,d41d8cd98f00b204e9800998ecf8427e,27,0.0,,0,,,True,unsupported,False,True,"Invalid SPARQL endpoint response from http://localhost:3001/sparql (HTTP status 400):
Query operation processing failed: none of the configured actors were able to handle the operation type nodes
    Error messages of failing actors:
        Actor urn:comunica:default:query-operation/actors#source does not accept the operation nodes.
"
adaptive,interactive-short-2,short,2,2,3,0,0,d41d8cd98f00b204e9800998ecf8427e,25,0.0,,0,,,True,unsupported,False,True,"Invalid SPARQL endpoint response from http://localhost:3001/sparql (HTTP status 400):
Query operation processing failed: none of the configured actors were able to handle the operation type nodes
    Error messages of failing actors:
        Actor urn:comunica:default:query-operation/actors#source does not accept the operation nodes.
"
adaptive,interactive-short-2,short,2,3,3,0,0,d41d8cd98f00b204e9800998ecf8427e,58,0.0,,0,,,True,unsupported,False,True,"Invalid SPARQL endpoint response from http://localhost:3001/sparql (HTTP status 400):
Query operation processing failed: none of the configured actors were able to handle the operation type nodes
    Error messages of failing actors:
        Actor urn:comunica:default:query-operation/actors#source does not accept the operation nodes.
"
adaptive,interactive-short-2,short,2,4,3,0,0,d41d8cd98f00b204e9800998ecf8427e,701,0.0,,0,,,True,unsupported,False,True,"Invalid SPARQL endpoint response from http://localhost:3001/sparql (HTTP status 400):
Query operation processing failed: none of the configured actors were able to handle the operation type nodes
    Error messages of failing actors:
        Actor urn:comunica:default:query-operation/actors#source does not accept the operation nodes.
"
adaptive,interactive-short-2,short,2,0,4,0,0,d41d8cd98f00b204e9800998ecf8427e,68,0.0,,0,,,True,unsupported,False,True,"Invalid SPARQL endpoint response from http://localhost:3001/sparql (HTTP status 400):
Query operation processing failed: none of the configured actors were able to handle the operation type nodes
    Error messages of failing actors:
        Actor urn:comunica:default:query-operation/actors#source does not accept the operation nodes.
"
adaptive,interactive-short-2,short,2,1,4,0,0,d41d8cd98f00b204e9800998ecf8427e,77,0.0,,0,,,True,unsupported,False,True,"Invalid SPARQL endpoint response from http://localhost:3001/sparql (HTTP status 400):
Query operation processing failed: none of the configured actors were able to handle the operation type nodes
    Error messages of failing actors:
        Actor urn:comunica:default:query-operation/actors#source does not accept the operation nodes.
"
adaptive,interactive-short-2,short,2,2,4,0,0,d41d8cd98f00b204e9800998ecf8427e,86,0.0,,0,,,True,unsupported,False,True,"Invalid SPARQL endpoint response from http://localhost:3001/sparql (HTTP status 400):
Query operation processing failed: none of the configured actors were able to handle the operation type nodes
    Error messages of failing actors:
        Actor urn:comunica:default:query-operation/actors#source does not accept the operation nodes.
"
adaptive,interactive-short-2,short,2,3,4,0,0,d41d8cd98f00b204e9800998ecf8427e,306,0.0,,0,,,True,unsupported,False,True,"Invalid SPARQL endpoint response from http://localhost:3001/sparql (HTTP status 400):
Query operation processing failed: none of the configured actors were able to handle the operation type nodes
    Error messages of failing actors:
        Actor urn:comunica:default:query-operation/actors#source does not accept the operation nodes.
"
adaptive,interactive-short-2,short,2,4,4,0,0,d41d8cd98f00b204e9800998ecf8427e,65,0.0,,0,,,True,unsupported,False,True,"Invalid SPARQL endpoint response from http://localhost:3001/sparql (HTTP status 400):
Query operation processing failed: none of the configured actors were able to handle the operation type nodes
    Error messages of failing actors:
        Actor urn:comunica:default:query-operation/actors#source does not accept the operation nodes.
"
adaptive,interactive-short-2,short,2,0,5,0,0,d41d8cd98f00b204e9800998ecf8427e,53,0.0,,0,,,True,unsupported,False,True,"Invalid SPARQL endpoint response from http://localhost:3001/sparql (HTTP status 400):
Query operation processing failed: none of the configured actors were able to handle the operation type nodes
    Error messages of failing actors:
        Actor urn:comunica:default:query-operation/actors#source does not accept the operation nodes.
"
adaptive,interactive-short-2,short,2,1,5,0,0,d41d8cd98f00b204e9800998ecf8427e,52,0.0,,0,,,True,unsupported,False,True,"Invalid SPARQL endpoint response from http://localhost:3001/sparql (HTTP status 400):
Query operation processing failed: none of the configured actors were able to handle the operation type nodes
    Error messages of failing actors:
        Actor urn:comunica:default:query-operation/actors#source does not accept the operation nodes.
"
adaptive,interactive-short-2,short,2,2,5,0,0,d41d8cd98f00b204e9800998ecf8427e,31,0.0,,0,,,True,unsupported,False,True,"Invalid SPARQL endpoint response from http://localhost:3001/sparql (HTTP status 400):
Query operation processing failed: none of the configured actors were able to handle the operation type nodes
    Error messages of failing actors:
        Actor urn:comunica:default:query-operation/actors#source does not accept the operation nodes.
"
adaptive,interactive-short-2,short,2,3,5,0,0,d41d8cd98f00b204e9800998ecf8427e,21,0.0,,0,,,True,unsupported,False,True,"Invalid SPARQL endpoint response from http://localhost:3001/sparql (HTTP status 400):
Query operation processing failed: none of the configured actors were able to handle the operation type nodes
    Error messages of failing actors:
        Actor urn:comunica:default:query-operation/actors#source does not accept the operation nodes.
"
adaptive,interactive-short-2,short,2,4,5,0,0,d41d8cd98f00b204e9800998ecf8427e,14,0.0,,0,,,True,unsupported,False,True,"Invalid SPARQL endpoint response from http://localhost:3001/sparql (HTTP status 400):
Query operation processing failed: none of the configured actors were able to handle the operation type nodes
    Error messages of failing actors:
        Actor urn:comunica:default:query-operation/actors#source does not accept the operation nodes.
"
adaptive,interactive-short-3,short,3,0,0,6,6,94a7afc7ea99f34470fdee44220596fb,300074,0.019995067883255464,,6,4662,8788,True,timeout,True,False,"Unexpected ""!"" at position 0 in state STOP"
adaptive,interactive-short-3,short,3,1,0,14,14,7c3b87cdebbe1f728ae9572c33af5445,300107,0.04665002815662413,,14,1822,5577,True,timeout,True,False,"Unexpected ""!"" at position 0 in state STOP"
adaptive,interactive-short-3,short,3,2,0,4,4,0db89652e8b79b87e98cc7bf5022ef43,300110,0.013328446236379993,,4,1566,1566,True,timeout,True,False,"Unexpected ""!"" at position 0 in state STOP"
adaptive,interactive-short-3,short,3,3,0,22,22,6661f58650b557e11764a3d453197934,300112,0.07330596577277816,,22,2031,2336,True,timeout,True,False,"Unexpected ""!"" at position 0 in state STOP"
adaptive,interactive-short-3,short,3,4,0,12,12,9392d28525000f64038275b0a6a5fa4e,300110,0.03998533870913998,,12,1376,2750,True,timeout,True,False,"Unexpected ""!"" at position 0 in state STOP"
adaptive,interactive-short-3,short,3,0,1,6,6,94a7afc7ea99f34470fdee44220596fb,300111,0.019992602736987317,,6,1734,2061,True,timeout,True,False,"Unexpected ""!"" at position 0 in state STOP"
adaptive,interactive-short-3,short,3,1,1,14,14,7c3b87cdebbe1f728ae9572c33af5445,300110,0.046649561827329974,,14,2088,2189,True,timeout,True,False,"Unexpected ""!"" at position 0 in state STOP"
adaptive,interactive-short-3,short,3,2,1,4,4,0db89652e8b79b87e98cc7bf5022ef43,300105,0.013328668299428532,,4,1288,1521,True,timeout,True,False,"Unexpected ""!"" at position 0 in state STOP"
adaptive,interactive-short-3,short,3,3,1,23,23,2663fa1e89522c1f3da366097ea519b9,300111,0.07663831049178471,,23,2340,10366,True,timeout,True,False,"Unexpected ""!"" at position 0 in state STOP"
adaptive,interactive-short-3,short,3,4,1,13,13,446e14ad3193384b4f54a9204b1b601f,300110,0.043317450268234976,,13,1360,13625,True,timeout,True,False,"Unexpected ""!"" at position 0 in state STOP"
adaptive,interactive-short-3,short,3,0,2,6,6,94a7afc7ea99f34470fdee44220596fb,300071,0.01999526778662383,,6,2395,2454,True,timeout,True,False,"Unexpected ""!"" at position 0 in state STOP"
adaptive,interactive-short-3,short,3,1,2,14,14,7c3b87cdebbe1f728ae9572c33af5445,300112,0.04664925094631337,,14,1811,2131,True,timeout,True,False,"Unexpected ""!"" at position 0 in state STOP"
adaptive,interactive-short-3,short,3,2,2,4,4,0db89652e8b79b87e98cc7bf5022ef43,300114,0.013328268591268653,,4,1248,1914,True,timeout,True,False,"Unexpected ""!"" at position 0 in state STOP"
adaptive,interactive-short-3,short,3,3,2,22,22,6661f58650b557e11764a3d453197934,300108,0.07330694283391312,,22,1826,2571,True,timeout,True,False,"Unexpected ""!"" at position 0 in state STOP"
adaptive,interactive-short-3,short,3,4,2,13,13,6a97c367ed15ce3daa2d173909ed4735,300037,0.043327989547955754,,13,1595,16097,True,timeout,True,False,"Unexpected ""!"" at position 0 in state STOP"
adaptive,interactive-short-3,short,3,0,3,6,6,94a7afc7ea99f34470fdee44220596fb,300112,0.019992536119848588,,6,1847,2252,True,timeout,True,False,"Unexpected ""!"" at position 0 in state STOP"
adaptive,interactive-short-3,short,3,1,3,14,14,7c3b87cdebbe1f728ae9572c33af5445,300108,0.04664987271249017,,14,1758,2247,True,timeout,True,False,"Unexpected ""!"" at position 0 in state STOP"
adaptive,interactive-short-3,short,3,2,3,4,4,0db89652e8b79b87e98cc7bf5022ef43,300119,0.013328046541538522,,4,1265,1265,True,timeout,True,False,"Unexpected ""!"" at position 0 in state STOP"
adaptive,interactive-short-3,short,3,3,3,23,23,2663fa1e89522c1f3da366097ea519b9,300108,0.076639076599091,,23,1987,22873,True,timeout,True,False,"Unexpected ""!"" at position 0 in state STOP"
adaptive,interactive-short-3,short,3,4,3,13,13,5c422614e6d724656e2652cce041ec84,300108,0.0433177389473123,,13,3394,30326,True,timeout,True,False,"Unexpected ""!"" at position 0 in state STOP"
adaptive,interactive-short-3,short,3,0,4,6,6,94a7afc7ea99f34470fdee44220596fb,300123,0.019991803360622146,,6,1809,1810,True,timeout,True,False,"Unexpected ""!"" at position 0 in state STOP"
adaptive,interactive-short-3,short,3,1,4,14,14,7c3b87cdebbe1f728ae9572c33af5445,300113,0.04664909550735889,,14,1651,2206,True,timeout,True,False,"Unexpected ""!"" at position 0 in state STOP"
adaptive,interactive-short-3,short,3,2,4,4,4,0db89652e8b79b87e98cc7bf5022ef43,300113,0.013328313002102542,,4,1242,1539,True,timeout,True,False,"Unexpected ""!"" at position 0 in state STOP"
adaptive,interactive-short-3,short,3,3,4,22,22,6661f58650b557e11764a3d453197934,300111,0.07330621003562016,,22,1740,2855,True,timeout,True,False,"Unexpected ""!"" at position 0 in state STOP"
adaptive,interactive-short-3,short,3,4,4,15,15,e517ae211a5a194d17b1f67a82b7d78c,300729,0.04987879452929382,,15,1869,8734,True,timeout,True,False,"Unexpected ""!"" at position 0 in state STOP"
adaptive,interactive-short-3,short,3,0,5,6,6,94a7afc7ea99f34470fdee44220596fb,300030,0.019998000199980003,,6,1056,1975,True,timeout,True,False,"Unexpected ""!"" at position 0 in state STOP"
adaptive,interactive-short-3,short,3,1,5,14,14,7c3b87cdebbe1f728ae9572c33af5445,300108,0.04664987271249017,,14,1772,2248,True,timeout,True,False,"Unexpected ""!"" at position 0 in state STOP"
adaptive,interactive-short-3,short,3,2,5,4,4,0db89652e8b79b87e98cc7bf5022ef43,300113,0.013328313002102542,,4,1170,1459,True,timeout,True,False,"Unexpected ""!"" at position 0 in state STOP"
adaptive,interactive-short-3,short,3,3,5,23,23,2663fa1e89522c1f3da366097ea519b9,300109,0.07663882122828707,,23,2299,9290,True,timeout,True,False,"Unexpected ""!"" at position 0 in state STOP"
adaptive,interactive-short-3,short,3,4,5,13,13,5c422614e6d724656e2652cce041ec84,300043,0.04332712311235389,,13,2378,6878,True,timeout,True,False,"Unexpected ""!"" at position 0 in state STOP"
adaptive,interactive-short-4,short,4,0,0,1,1,be952defdc6bff97ab1d2bd30503bd7a,361,2.770083102493075,3.0,1,242,242,False,ok,False,False,
adaptive,interactive-short-4,short,4,1,0,1,1,c7f96e08adf5efcc4ad5302bc4ebe30f,252,3.9682539682539684,3.0,1,132,132,False,ok,False,False,
adaptive,interactive-short-4,short,4,2,0,1,1,b14fe4f20ab576f2bf485f4d72fc2332,827,1.2091898428053205,27.0,1,263,263,False,ok,False,False,
adaptive,interactive-short-4,short,4,3,0,1,1,c114679689014713f0be71d73de99a0b,1012,0.9881422924901185,37.0,1,297,297,False,ok,False,False,
adaptive,interactive-short-4,short,4,4,0,1,1,c93535a997dcc3e3b4e497b89e662936,244,4.098360655737705,3.0,1,135,135,False,ok,False,False,
adaptive,interactive-short-4,short,4,0,1,1,1,be952defdc6bff97ab1d2bd30503bd7a,216,4.62962962962963,3.0,1,105,105,False,ok,False,False,
adaptive,interactive-short-4,short,4,1,1,1,1,c7f96e08adf5efcc4ad5302bc4ebe30f,222,4.504504504504505,3.0,1,119,119,False,ok,False,False,
adaptive,interactive-short-4,short,4,2,1,1,1,b14fe4f20ab576f2bf485f4d72fc2332,499,2.004008016032064,27.0,1,157,157,False,ok,False,False,
adaptive,interactive-short-4,short,4,3,1,1,1,c114679689014713f0be71d73de99a0b,751,1.3315579227696406,37.0,1,195,195,False,ok,False,False,
adaptive,interactive-short-4,short,4,4,1,1,1,c93535a997dcc3e3b4e497b89e662936,241,4.149377593360996,3.0,1,129,129,False,ok,False,False,
adaptive,interactive-short-4,short,4,0,2,1,1,be952defdc6bff97ab1d2bd30503bd7a,214,4.672897196261682,3.0,1,104,104,False,ok,False,False,
adaptive,interactive-short-4,short,4,1,2,1,1,c7f96e08adf5efcc4ad5302bc4ebe30f,226,4.424778761061947,3.0,1,115,115,False,ok,False,False,
adaptive,interactive-short-4,short,4,2,2,1,1,b14fe4f20ab576f2bf485f4d72fc2332,540,1.8518518518518516,27.0,1,164,164,False,ok,False,False,
adaptive,interactive-short-4,short,4,3,2,1,1,c114679689014713f0be71d73de99a0b,634,1.5772870662460567,37.0,1,188,188,False,ok,False,False,
adaptive,interactive-short-4,short,4,4,2,1,1,c93535a997dcc3e3b4e497b89e662936,227,4.405286343612334,3.0,1,116,116,False,ok,False,False,
adaptive,interactive-short-4,short,4,0,3,1,1,be952defdc6bff97ab1d2bd30503bd7a,230,4.3478260869565215,3.0,1,116,116,False,ok,False,False,
adaptive,interactive-short-4,short,4,1,3,1,1,c7f96e08adf5efcc4ad5302bc4ebe30f,225,4.444444444444445,3.0,1,119,119,False,ok,False,False,
adaptive,interactive-short-4,short,4,2,3,1,1,b14fe4f20ab576f2bf485f4d72fc2332,471,2.1231422505307855,27.0,1,156,156,False,ok,False,False,
adaptive,interactive-short-4,short,4,3,3,1,1,c114679689014713f0be71d73de99a0b,617,1.6207455429497568,37.0,1,187,187,False,ok,False,False,
adaptive,interactive-short-4,short,4,4,3,1,1,c93535a997dcc3e3b4e497b89e662936,224,4.464285714285714,3.0,1,109,109,False,ok,False,False,
adaptive,interactive-short-4,short,4,0,4,1,1,be952defdc6bff97ab1d2bd30503bd7a,214,4.672897196261682,3.0,1,110,110,False,ok,False,False,
adaptive,interactive-short-4,short,4,1,4,1,1,c7f96e08adf5efcc4ad5302bc4ebe30f,213,4.694835680751174,3.0,1,106,106,False,ok,False,False,
adaptive,interactive-short-4,short,4,2,4,1,1,b14fe4f20ab576f2bf485f4d72fc2332,474,2.109704641350211,27.0,1,147,147,False,ok,False,False,
adaptive,interactive-short-4,short,4,3,4,1,1,c114679689014713f0be71d73de99a0b,606,1.6501650165016502,37.0,1,182,182,False,ok,False,False,
adaptive,interactive-short-4,short,4,4,4,1,1,c93535a997dcc3e3b4e497b89e662936,224,4.464285714285714,3.0,1,116,116,False,ok,False,False,
adaptive,interactive-short-4,short,4,0,5,1,1,be952defdc6bff97ab1d2bd30503bd7a,211,4.739336492890995,3.0,1,109,109,False,ok,False,False,
adaptive,interactive-short-4,short,4,1,5,1,1,c7f96e08adf5efcc4ad5302bc4ebe30f,228,4.385964912280701,3.0,1,120,120,False,ok,False,False,
adaptive,interactive-short-4,short,4,2,5,1,1,b14fe4f20ab576f2bf485f4d72fc2332,517,1.9342359767891681,27.0,1,155,155,False,ok,False,False,
adaptive,interactive-short-4,short,4,3,5,1,1,c114679689014713f0be71d73de99a0b,810,1.2345679012345678,37.0,1,176,176,False,ok,False,False,
adaptive,interactive-short-4,short,4,4,5,1,1,c93535a997dcc3e3b4e497b89e662936,207,4.830917874396135,3.0,1,103,103,False,ok,False,False,
adaptive,interactive-short-5,short,5,0,0,1,1,dc0e41612718b8e8febbfed0b6a81235,7006,0.14273479874393377,560.0,1,355,355,False,ok,False,False,
adaptive,interactive-short-5,short,5,1,0,1,1,503ee1b279b823f2e5e6c3c7ad09348a,12288,0.08138020833333333,1142.0,1,359,359,False,ok,False,False,
adaptive,interactive-short-5,short,5,2,0,1,1,f5c7036bdd812461f2fb5aae6b3ae925,46332,0.02158335491668825,4602.0,1,445,445,False,ok,False,False,
adaptive,interactive-short-5,short,5,3,0,1,1,34828ddcb65169a440f3b93e10833a13,1432,0.6983240223463687,76.0,1,404,404,False,ok,False,False,
adaptive,interactive-short-5,short,5,4,0,1,1,85635c1632159d9ccdaa8e67a0da19e7,5664,0.1765536723163842,506.0,1,352,352,False,ok,False,False,
adaptive,interactive-short-5,short,5,0,1,1,1,dc0e41612718b8e8febbfed0b6a81235,6092,0.16414970453053185,560.0,1,320,320,False,ok,False,False,
adaptive,interactive-short-5,short,5,1,1,1,1,503ee1b279b823f2e5e6c3c7ad09348a,14180,0.07052186177715092,1142.0,1,375,375,False,ok,False,False,
adaptive,interactive-short-5,short,5,2,1,1,1,f5c7036bdd812461f2fb5aae6b3ae925,46657,0.021433011123732776,4602.0,1,454,454,False,ok,False,False,
adaptive,interactive-short-5,short,5,3,1,1,1,34828ddcb65169a440f3b93e10833a13,1459,0.6854009595613434,76.0,1,402,402,False,ok,False,False,
adaptive,interactive-short-5,short,5,4,1,1,1,85635c1632159d9ccdaa8e67a0da19e7,5802,0.1723543605653223,506.0,1,371,371,False,ok,False,False,
adaptive,interactive-short-5,short,5,0,2,1,1,dc0e41612718b8e8febbfed0b6a81235,6228,0.16056518946692358,560.0,1,346,346,False,ok,False,False,
adaptive,interactive-short-5,short,5,1,2,1,1,503ee1b279b823f2e5e6c3c7ad09348a,12617,0.0792581437742728,1142.0,1,363,363,False,ok,False,False,
adaptive,interactive-short-5,short,5,2,2,1,1,f5c7036bdd812461f2fb5aae6b3ae925,46696,0.021415110501970192,4602.0,1,457,457,False,ok,False,False,
adaptive,interactive-short-5,short,5,3,2,1,1,34828ddcb65169a440f3b93e10833a13,1449,0.6901311249137336,76.0,1,423,423,False,ok,False,False,
adaptive,interactive-short-5,short,5,4,2,1,1,85635c1632159d9ccdaa8e67a0da19e7,5467,0.18291567587342236,506.0,1,333,333,False,ok,False,False,
adaptive,interactive-short-5,short,5,0,3,1,1,dc0e41612718b8e8febbfed0b6a81235,6062,0.1649620587264929,560.0,1,334,334,False,ok,False,False,
adaptive,interactive-short-5,short,5,1,3,1,1,503ee1b279b823f2e5e6c3c7ad09348a,12512,0.079923273657289,1142.0,1,352,352,False,ok,False,False,
adaptive,interactive-short-5,short,5,2,3,1,1,f5c7036bdd812461f2fb5aae6b3ae925,47246,0.021165812978876517,4602.0,1,451,451,False,ok,False,False,
adaptive,interactive-short-5,short,5,3,3,1,1,34828ddcb65169a440f3b93e10833a13,1475,0.6779661016949152,76.0,1,425,425,False,ok,False,False,
adaptive,interactive-short-5,short,5,4,3,1,1,85635c1632159d9ccdaa8e67a0da19e7,5682,0.1759943681802182,506.0,1,361,361,False,ok,False,False,
adaptive,interactive-short-5,short,5,0,4,1,1,dc0e41612718b8e8febbfed0b6a81235,6096,0.16404199475065617,560.0,1,349,349,False,ok,False,False,
adaptive,interactive-short-5,short,5,1,4,1,1,503ee1b279b823f2e5e6c3c7ad09348a,12378,0.08078849571820973,1142.0,1,364,364,False,ok,False,False,
adaptive,interactive-short-5,short,5,2,4,1,1,f5c7036bdd812461f2fb5aae6b3ae925,47927,0.020865065620631378,4602.0,1,442,442,False,ok,False,False,
adaptive,interactive-short-5,short,5,3,4,1,1,34828ddcb65169a440f3b93e10833a13,1509,0.6626905235255136,76.0,1,448,448,False,ok,False,False,
adaptive,interactive-short-5,short,5,4,4,1,1,85635c1632159d9ccdaa8e67a0da19e7,5866,0.17047391749062393,506.0,1,352,352,False,ok,False,False,
adaptive,interactive-short-5,short,5,0,5,1,1,dc0e41612718b8e8febbfed0b6a81235,6199,0.16131634134537828,560.0,1,327,327,False,ok,False,False,
adaptive,interactive-short-5,short,5,1,5,1,1,503ee1b279b823f2e5e6c3c7ad09348a,12734,0.0785299198994817,1142.0,1,349,349,False,ok,False,False,
adaptive,interactive-short-5,short,5,2,5,1,1,f5c7036bdd812461f2fb5aae6b3ae925,49217,0.02031818274173558,4602.0,1,470,470,False,ok,False,False,
adaptive,interactive-short-5,short,5,3,5,1,1,34828ddcb65169a440f3b93e10833a13,1565,0.6389776357827476,76.0,1,395,395,False,ok,False,False,
adaptive,interactive-short-5,short,5,4,5,1,1,85635c1632159d9ccdaa8e67a0da19e7,5819,0.17185083347654237,506.0,1,353,353,False,ok,False,False,
adaptive,interactive-short-6,short,6,0,0,1,1,ba304a277e0c6fae635de35002222d91,300612,0.0033265471770920654,,1,453,453,True,timeout,True,False,terminated
adaptive,interactive-short-6,short,6,1,0,1,1,e849f1a14477da933bfaa5ee561efce8,300109,0.0033321226620994376,,1,752,752,True,timeout,True,False,"Unexpected ""!"" at position 0 in state STOP"
adaptive,interactive-short-6,short,6,2,0,0,0,d41d8cd98f00b204e9800998ecf8427e,300112,0.0,,0,,,True,timeout,True,True,"Unexpected ""!"" at position 0 in state STOP"
adaptive,interactive-short-6,short,6,3,0,0,0,d41d8cd98f00b204e9800998ecf8427e,300112,0.0,,0,,,True,timeout,True,True,"Unexpected ""!"" at position 0 in state STOP"
adaptive,interactive-short-6,short,6,4,0,0,0,d41d8cd98f00b204e9800998ecf8427e,300108,0.0,,0,,,True,timeout,True,True,"Unexpected ""!"" at position 0 in state STOP"
adaptive,interactive-short-6,short,6,0,1,1,1,ba304a277e0c6fae635de35002222d91,300110,0.003332111559094998,,1,699,699,True,timeout,True,False,"Unexpected ""!"" at position 0 in state STOP"
adaptive,interactive-short-6,short,6,1,1,1,1,e849f1a14477da933bfaa5ee561efce8,300111,0.0033321004561645525,,1,1008,1008,True,timeout,True,False,"Unexpected ""!"" at position 0 in state STOP"
adaptive,interactive-short-6,short,6,2,1,0,0,d41d8cd98f00b204e9800998ecf8427e,300110,0.0,,0,,,True,timeout,True,True,"Unexpected ""!"" at position 0 in state STOP"
adaptive,interactive-short-6,short,6,3,1,0,0,d41d8cd98f00b204e9800998ecf8427e,300110,0.0,,0,,,True,timeout,True,True,"Unexpected ""!"" at position 0 in state STOP"
adaptive,interactive-short-6,short,6,4,1,0,0,d41d8cd98f00b204e9800998ecf8427e,300111,0.0,,0,,,True,timeout,True,True,"Unexpected ""!"" at position 0 in state STOP"
adaptive,interactive-short-6,short,6,0,2,1,1,ba304a277e0c6fae635de35002222d91,300145,0.0033317230005497347,,1,717,717,True,timeout,True,False,"Unexpected ""!"" at position 0 in state STOP"
adaptive,interactive-short-6,short,6,1,2,1,1,e849f1a14477da933bfaa5ee561efce8,300130,0.003331889514543698,,1,856,856,True,timeout,True,False,"Unexpected ""!"" at position 0 in state STOP"
adaptive,interactive-short-6,short,6,2,2,0,0,d41d8cd98f00b204e9800998ecf8427e,300117,0.0,,0,,,True,timeout,True,True,"Unexpected ""!"" at position 0 in state STOP"
adaptive,interactive-short-6,short,6,3,2,0,0,d41d8cd98f00b204e9800998ecf8427e,300112,0.0,,0,,,True,timeout,True,True,"Unexpected ""!"" at position 0 in state STOP"
adaptive,interactive-short-6,short,6,4,2,0,0,d41d8cd98f00b204e9800998ecf8427e,300107,0.0,,0,,,True,timeout,True,True,"Unexpected ""!"" at position 0 in state STOP"
adaptive,interactive-short-6,short,6,0,3,1,1,ba304a277e0c6fae635de35002222d91,300109,0.0033321226620994376,,1,719,719,True,timeout,True,False,"Unexpected ""!"" at position 0 in state STOP"
adaptive,interactive-short-6,short,6,1,3,1,1,e849f1a14477da933bfaa5ee561efce8,300110,0.003332111559094998,,1,888,888,True,timeout,True,False,"Unexpected ""!"" at position 0 in state STOP"
adaptive,interactive-short-6,short,6,2,3,0,0,d41d8cd98f00b204e9800998ecf8427e,300106,0.0,,0,,,True,timeout,True,True,"Unexpected ""!"" at position 0 in state STOP"
adaptive,interactive-short-6,short,6,3,3,0,0,d41d8cd98f00b204e9800998ecf8427e,300109,0.0,,0,,,True,timeout,True,True,"Unexpected ""!"" at position 0 in state STOP"
adaptive,interactive-short-6,short,6,4,3,0,0,d41d8cd98f00b204e9800998ecf8427e,300110,0.0,,0,,,True,timeout,True,True,"Unexpected ""!"" at position 0 in state STOP"
adaptive,interactive-short-6,short,6,0,4,1,1,ba304a277e0c6fae635de35002222d91,300026,0.0033330444694793116,,1,682,682,True,timeout,True,False,"Unexpected ""!"" at position 0 in state STOP"
adaptive,interactive-short-6,short,6,1,4,1,1,e849f1a14477da933bfaa5ee561efce8,300108,0.003332133765177869,,1,862,862,True,timeout,True,False,"Unexpected ""!"" at position 0 in state STOP"
adaptive,interactive-short-6,short,6,2,4,0,0,d41d8cd98f00b204e9800998ecf8427e,300110,0.0,,0,,,True,timeout,True,True,"Unexpected ""!"" at position 0 in state STOP"
adaptive,interactive-short-6,short,6,3,4,0,0,d41d8cd98f00b204e9800998ecf8427e,300109,0.0,,0,,,True,timeout,True,True,"Unexpected ""!"" at position 0 in state STOP"
adaptive,interactive-short-6,short,6,4,4,0,0,d41d8cd98f00b204e9800998ecf8427e,300108,0.0,,0,,,True,timeout,True,True,"Unexpected ""!"" at position 0 in state STOP"
adaptive,interactive-short-6,short,6,0,5,1,1,ba304a277e0c6fae635de35002222d91,300110,0.003332111559094998,,1,676,676,True,timeout,True,False,"Unexpected ""!"" at position 0 in state STOP"
adaptive,interactive-short-6,short,6,1,5,1,1,e849f1a14477da933bfaa5ee561efce8,301476,0.0033170136262919768,,1,852,852,True,timeout,True,False,terminated
adaptive,interactive-short-6,short,6,2,5,0,0,d41d8cd98f00b204e9800998ecf8427e,300109,0.0,,0,,,True,timeout,True,True,"Unexpected ""!"" at position 0 in state STOP"
adaptive,interactive-short-6,short,6,3,5,0,0,d41d8cd98f00b204e9800998ecf8427e,300076,0.0,,0,,,True,timeout,True,True,"Unexpected ""!"" at position 0 in state STOP"
adaptive,interactive-short-6,short,6,4,5,0,0,d41d8cd98f00b204e9800998ecf8427e,300109,0.0,,0,,,True,timeout,True,True,"Unexpected ""!"" at position 0 in state STOP"
adaptive,interactive-short-7,short,7,0,0,0,0,d41d8cd98f00b204e9800998ecf8427e,300109,0.0,,0,,,True,timeout,True,True,"Unexpected ""!"" at position 0 in state STOP"
adaptive,interactive-short-7,short,7,1,0,0,0,d41d8cd98f00b204e9800998ecf8427e,300111,0.0,,0,,,True,timeout,True,True,"Unexpected ""!"" at position 0 in state STOP"
adaptive,interactive-short-7,short,7,2,0,0,0,d41d8cd98f00b204e9800998ecf8427e,300612,0.0,,0,,,True,timeout,True,True,terminated
adaptive,interactive-short-7,short,7,3,0,0,0,d41d8cd98f00b204e9800998ecf8427e,300108,0.0,,0,,,True,timeout,True,True,"Unexpected ""!"" at position 0 in state STOP"
adaptive,interactive-short-7,short,7,4,0,0,0,d41d8cd98f00b204e9800998ecf8427e,300111,0.0,,0,,,True,timeout,True,True,"Unexpected ""!"" at position 0 in state STOP"
adaptive,interactive-short-7,short,7,0,1,0,0,d41d8cd98f00b204e9800998ecf8427e,300110,0.0,,0,,,True,timeout,True,True,"Unexpected ""!"" at position 0 in state STOP"
adaptive,interactive-short-7,short,7,1,1,0,0,d41d8cd98f00b204e9800998ecf8427e,300087,0.0,,0,,,True,timeout,True,True,"Unexpected ""!"" at position 0 in state STOP"
adaptive,interactive-short-7,short,7,2,1,0,0,d41d8cd98f00b204e9800998ecf8427e,300033,0.0,,0,,,True,timeout,True,True,"Unexpected ""!"" at position 0 in state STOP"
adaptive,interactive-short-7,short,7,3,1,0,0,d41d8cd98f00b204e9800998ecf8427e,300108,0.0,,0,,,True,timeout,True,True,"Unexpected ""!"" at position 0 in state STOP"
adaptive,interactive-short-7,short,7,4,1,0,0,d41d8cd98f00b204e9800998ecf8427e,300089,0.0,,0,,,True,timeout,True,True,"Unexpected ""!"" at position 0 in state STOP"
adaptive,interactive-short-7,short,7,0,2,0,0,d41d8cd98f00b204e9800998ecf8427e,300110,0.0,,0,,,True,timeout,True,True,"Unexpected ""!"" at position 0 in state STOP"
adaptive,interactive-short-7,short,7,1,2,0,0,d41d8cd98f00b204e9800998ecf8427e,300613,0.0,,0,,,True,timeout,True,True,terminated
adaptive,interactive-short-7,short,7,2,2,0,0,d41d8cd98f00b204e9800998ecf8427e,300110,0.0,,0,,,True,timeout,True,True,"Unexpected ""!"" at position 0 in state STOP"
adaptive,interactive-short-7,short,7,3,2,0,0,d41d8cd98f00b204e9800998ecf8427e,300615,0.0,,0,,,True,timeout,True,True,terminated
adaptive,interactive-short-7,short,7,4,2,0,0,d41d8cd98f00b204e9800998ecf8427e,300110,0.0,,0,,,True,timeout,True,True,"Unexpected ""!"" at position 0 in state STOP"
adaptive,interactive-short-7,short,7,0,3,0,0,d41d8cd98f00b204e9800998ecf8427e,300111,0.0,,0,,,True,timeout,True,True,"Unexpected ""!"" at position 0 in state STOP"
adaptive,interactive-short-7,short,7,1,3,0,0,d41d8cd98f00b204e9800998ecf8427e,300088,0.0,,0,,,True,timeout,True,True,"Unexpected ""!"" at position 0 in state STOP"
adaptive,interactive-short-7,short,7,2,3,0,0,d41d8cd98f00b204e9800998ecf8427e,300113,0.0,,0,,,True,timeout,True,True,"Unexpected ""!"" at position 0 in state STOP"
adaptive,interactive-short-7,short,7,3,3,0,0,d41d8cd98f00b204e9800998ecf8427e,300112,0.0,,0,,,True,timeout,True,True,"Unexpected ""!"" at position 0 in state STOP"
adaptive,interactive-short-7,short,7,4,3,0,0,d41d8cd98f00b204e9800998ecf8427e,300109,0.0,,0,,,True,timeout,True,True,"Unexpected ""!"" at position 0 in state STOP"
adaptive,interactive-short-7,short,7,0,4,0,0,d41d8cd98f00b204e9800998ecf8427e,300114,0.0,,0,,,True,timeout,True,True,"Unexpected ""!"" at position 0 in state STOP"
adaptive,interactive-short-7,short,7,1,4,0,0,d41d8cd98f00b204e9800998ecf8427e,300108,0.0,,0,,,True,timeout,True,True,"Unexpected ""!"" at position 0 in state STOP"
adaptive,interactive-short-7,short,7,2,4,0,0,d41d8cd98f00b204e9800998ecf8427e,300108,0.0,,0,,,True,timeout,True,True,"Unexpected ""!"" at position 0 in state STOP"
adaptive,interactive-short-7,short,7,3,4,0,0,d41d8cd98f00b204e9800998ecf8427e,300108,0.0,,0,,,True,timeout,True,True,"Unexpected ""!"" at position 0 in state STOP"
adaptive,interactive-short-7,short,7,4,4,0,0,d41d8cd98f00b204e9800998ecf8427e,300113,0.0,,0,,,True,timeout,True,True,"Unexpected ""!"" at position 0 in state STOP"
adaptive,interactive-short-7,short,7,0,5,0,0,d41d8cd98f00b204e9800998ecf8427e,300112,0.0,,0,,,True,timeout,True,True,"Unexpected ""!"" at position 0 in state STOP"
adaptive,interactive-short-7,short,7,1,5,0,0,d41d8cd98f00b204e9800998ecf8427e,300110,0.0,,0,,,True,timeout,True,True,"Unexpected ""!"" at position 0 in state STOP"
adaptive,interactive-short-7,short,7,2,5,0,0,d41d8cd98f00b204e9800998ecf8427e,300109,0.0,,0,,,True,timeout,True,True,"Unexpected ""!"" at position 0 in state STOP"
adaptive,interactive-short-7,short,7,3,5,0,0,d41d8cd98f00b204e9800998ecf8427e,300106,0.0,,0,,,True,timeout,True,True,"Unexpected ""!"" at position 0 in state STOP"
adaptive,interactive-short-7,short,7,4,5,0,0,d41d8cd98f00b204e9800998ecf8427e,300021,0.0,,0,,,True,timeout,True,True,"Unexpected ""!"" at position 0 in state STOP"
default,interactive-discover-1,discover,1,0,0,6,6,d632b8166f912f4afd062d64186f2dc6,5267,1.139168407062844,103.0,6,1562,5079,False,ok,False,False,
default,interactive-discover-1,discover,1,1,0,4,4,e00f199d535cd1710bf9be67f04f39e4,2133,1.875293014533521,101.0,4,560,565,False,ok,False,False,
default,interactive-discover-1,discover,1,2,0,1,1,c4499554f796e968a069e67a8f5d9d1c,1787,0.5595970900951315,87.0,1,488,488,False,ok,False,False,
default,interactive-discover-1,discover,1,3,0,14,14,6c0a9fe8be642ee232c10c9996912b97,2283,6.132282084975909,61.0,14,578,635,False,ok,False,False,
default,interactive-discover-1,discover,1,4,0,8,8,7536d3a2c1abc2a9ac92b1860efa3282,3319,2.4103645676408556,91.0,8,825,947,False,ok,False,False,
default,interactive-discover-1,discover,1,0,1,6,6,d632b8166f912f4afd062d64186f2dc6,3122,1.9218449711723256,103.0,6,1292,3023,False,ok,False,False,
default,interactive-discover-1,discover,1,1,1,4,4,e00f199d535cd1710bf9be67f04f39e4,1546,2.5873221216041395,101.0,4,517,521,False,ok,False,False,
default,interactive-discover-1,discover,1,2,1,1,1,c4499554f796e968a069e67a8f5d9d1c,1485,0.6734006734006733,87.0,1,527,527,False,ok,False,False,
default,interactive-discover-1,discover,1,3,1,14,14,6c0a9fe8be642ee232c10c9996912b97,1674,8.363201911589009,61.0,14,657,769,False,ok,False,False,
default,interactive-discover-1,discover,1,4,1,8,8,7536d3a2c1abc2a9ac92b1860efa3282,2674,2.9917726252804786,91.0,8,873,1065,False,ok,False,False,
default,interactive-discover-1,discover,1,0,2,6,6,d632b8166f912f4afd062d64186f2dc6,2868,2.092050209205021,103.0,6,916,2771,False,ok,False,False,
default,interactive-discover-1,discover,1,1,2,4,4,e00f199d535cd1710bf9be67f04f39e4,1553,2.5756600128783003,101.0,4,445,485,False,ok,False,False,
default,interactive-discover-1,discover,1,2,2,1,1,c4499554f796e968a069e67a8f5d9d1c,1327,0.7535795026375283,87.0,1,446,446,False,ok,False,False,
default,interactive-discover-1,discover,1,3,2,14,14,6c0a9fe8be642ee232c10c9996912b97,1646,8.50546780072904,61.0,14,518,1122,False,ok,False,False,
default,interactive-discover-1,discover,1,4,2,8,8,7536d3a2c1abc2a9ac92b1860efa3282,2891,2.767208578346593,91.0,8,789,1086,False,ok,False,False,
default,interactive-discover-1,discover,1,0,3,6,6,d632b8166f912f4afd062d64186f2dc6,2888,2.0775623268698062,103.0,6,791,2631,False,ok,False,False,
default,interactive-discover-1,discover,1,1,3,4,4,e00f199d535cd1710bf9be67f04f39e4,1514,2.642007926023778,101.0,4,431,447,False,ok,False,False,
default,interactive-discover-1,discover,1,2,3,1,1,c4499554f796e968a069e67a8f5d9d1c,1264,0.7911392405063291,87.0,1,516,516,False,ok,False,False,
default,interactive-discover-1,discover,1,3,3,14,14,6c0a9fe8be642ee232c10c9996912b97,1495,9.364548494983277,61.0,14,464,567,False,ok,False,False,
default,interactive-discover-1,discover,1,4,3,8,8,7536d3a2c1abc2a9ac92b1860efa3282,2492,3.2102728731942216,91.0,8,667,877,False,ok,False,False,
default,interactive-discover-1,discover,1,0,4,6,6,d632b8166f912f4afd062d64186f2dc6,2876,2.086230876216968,103.0,6,1157,2766,False,ok,False,False,
default,interactive-discover-1,discover,1,1,4,4,4,e00f199d535cd1710bf9be67f04f39e4,1430,2.7972027972027975,101.0,4,523,563,False,ok,False,False,
default,interactive-discover-1,discover,1,2,4,1,1,c4499554f796e968a069e67a8f5d9d1c,1292,0.7739938080495355,87.0,1,473,473,False,ok,False,False,
default,interactive-discover-1,discover,1,3,4,14,14,6c0a9fe8be642ee232c10c9996912b97,1624,8.620689655172413,61.0,14,461,552,False,ok,False,False,
default,interactive-discover-1,discover,1,4,4,8,8,7536d3a2c1abc2a9ac92b1860efa3282,2716,2.945508100147275,91.0,8,857,997,False,ok,False,False,
default,interactive-discover-1,discover,1,0,5,6,6,d632b8166f912f4afd062d64186f2dc6,2602,2.3059185242121445,103.0,6,913,2500,False,ok,False,False,
default,interactive-discover-1,discover,1,1,5,4,4,e00f199d535cd1710bf9be67f04f39e4,1376,2.906976744186047,101.0,4,462,556,False,ok,False,False,
default,interactive-discover-1,discover,1,2,5,1,1,c4499554f796e968a069e67a8f5d9d1c,1315,0.7604562737642586,87.0,1,462,462,False,ok,False,False,
default,interactive-discover-1,discover,1,3,5,14,14,6c0a9fe8be642ee232c10c9996912b97,1427,9.810791871058164,61.0,14,468,503,False,ok,False,False,
default,interactive-discover-1,discover,1,4,5,8,8,7536d3a2c1abc2a9ac92b1860efa3282,2685,2.97951582867784,91.0,8,871,939,False,ok,False,False,
default,interactive-discover-2,discover,2,0,0,66,66,18ff3becda1d7305aaa0da5860ca7511,3388,19.48051948051948,103.0,66,1166,3388,False,ok,False,False,
default,interactive-discover-2,discover,2,1,0,46,46,f6a5ba863b07324a44f8e492bf9ab0e1,1246,36.91813804173355,101.0,46,462,1030,False,ok,False,False,
default,interactive-discover-2,discover,2,2,0,32,32,113587781a953fec190d8e3339b06c26,1168,27.397260273972606,87.0,32,445,730,False,ok,False,False,
default,interactive-discover-2,discover,2,3,0,198,198,23320e2cdf40e8165aa7fdff74171184,1734,114.18685121107266,61.0,198,432,1734,False,ok,False,False,
default,interactive-discover-2,discover,2,4,0,98,98,a7ea80830c1f3358609f53e0ce62fd9a,2925,33.504273504273506,91.0,98,905,2924,False,ok,False,False,
default,interactive-discover-2,discover,2,0,1,66,66,18ff3becda1d7305aaa0da5860ca7511,2724,24.22907488986784,103.0,66,1021,2724,False,ok,False,False,
default,interactive-discover-2,discover,2,1,1,46,46,f6a5ba863b07324a44f8e492bf9ab0e1,1284,35.82554517133956,101.0,46,434,887,False,ok,False,False,
default,interactive-discover-2,discover,2,2,1,32,32,113587781a953fec190d8e3339b06c26,1099,29.117379435850776,87.0,32,432,720,False,ok,False,False,
default,interactive-discover-2,discover,2,3,1,198,198,23320e2cdf40e8165aa7fdff74171184,1786,110.86226203807391,61.0,198,447,1786,False,ok,False,False,
default,interactive-discover-2,discover,2,4,1,98,98,a7ea80830c1f3358609f53e0ce62fd9a,3209,30.539108756622,91.0,98,965,2205,False,ok,False,False,
default,interactive-discover-2,discover,2,0,2,66,66,18ff3becda1d7305aaa0da5860ca7511,2806,23.521026372059872,103.0,66,1051,2806,False,ok,False,False,
default,interactive-discover-2,discover,2,1,2,46,46,f6a5ba863b07324a44f8e492bf9ab0e1,1240,37.096774193548384,101.0,46,478,1011,False,ok,False,False,
default,interactive-discover-2,discover,2,2,2,32,32,113587781a953fec190d8e3339b06c26,1089,29.38475665748393,87.0,32,411,922,False,ok,False,False,
default,interactive-discover-2,discover,2,3,2,198,198,23320e2cdf40e8165aa7fdff74171184,1746,113.4020618556701,61.0,198,654,1745,False,ok,False,False,
default,interactive-discover-2,discover,2,4,2,98,98,a7ea80830c1f3358609f53e0ce62fd9a,2970,32.996632996633,91.0,98,1007,2969,False,ok,False,False,
default,interactive-discover-2,discover,2,0,3,66,66,18ff3becda1d7305aaa0da5860ca7511,2731,24.166971805199562,103.0,66,1017,2731,False,ok,False,False,
default,interactive-discover-2,discover,2,1,3,46,46,f6a5ba863b07324a44f8e492bf9ab0e1,1237,37.18674211802748,101.0,46,473,1033,False,ok,False,False,
default,interactive-discover-2,discover,2,2,3,32,32,113587781a953fec190d8e3339b06c26,1128,28.368794326241137,87.0,32,423,739,False,ok,False,False,
default,interactive-discover-2,discover,2,3,3,198,198,23320e2cdf40e8165aa7fdff74171184,1802,109.87791342952275,61.0,198,799,1801,False,ok,False,False,
default,interactive-discover-2,discover,2,4,3,98,98,a7ea80830c1f3358609f53e0ce62fd9a,2909,33.68855276727398,91.0,98,1348,2011,False,ok,False,False,
default,interactive-discover-2,discover,2,0,4,66,66,18ff3becda1d7305aaa0da5860ca7511,2710,24.354243542435423,103.0,66,1030,2710,False,ok,False,False,
default,interactive-discover-2,discover,2,1,4,46,46,f6a5ba863b07324a44f8e492bf9ab0e1,1188,38.72053872053872,101.0,46,413,1080,False,ok,False,False,
default,interactive-discover-2,discover,2,2,4,32,32,113587781a953fec190d8e3339b06c26,1097,29.17046490428441,87.0,32,412,695,False,ok,False,False,
default,interactive-discover-2,discover,2,3,4,198,198,23320e2cdf40e8165aa7fdff74171184,2189,90.45226130653266,61.0,198,992,2189,False,ok,False,False,
default,interactive-discover-2,discover,2,4,4,98,98,a7ea80830c1f3358609f53e0ce62fd9a,2671,36.69037813552977,91.0,98,928,1784,False,ok,False,False,
default,interactive-discover-2,discover,2,0,5,66,66,18ff3becda1d7305aaa0da5860ca7511,2573,25.650991061018267,103.0,66,921,2573,False,ok,False,False,
default,interactive-discover-2,discover,2,1,5,46,46,f6a5ba863b07324a44f8e492bf9ab0e1,1220,37.704918032786885,101.0,46,444,889,False,ok,False,False,
default,interactive-discover-2,discover,2,2,5,32,32,113587781a953fec190d8e3339b06c26,1117,28.64816472694718,87.0,32,419,690,False,ok,False,False,
default,interactive-discover-2,discover,2,3,5,198,198,23320e2cdf40e8165aa7fdff74171184,2198,90.08189262966333,61.0,198,1296,2197,False,ok,False,False,
default,interactive-discover-2,discover,2,4,5,98,98,a7ea80830c1f3358609f53e0ce62fd9a,2660,36.84210526315789,91.0,98,946,1801,False,ok,False,False,
default,interactive-discover-3,discover,3,0,0,68,68,e9f9c6f077dd7a85180d21221150597a,96956,0.7013490655555097,355.0,68,96954,96955,False,ok,False,False,
default,interactive-discover-3,discover,3,1,0,66,66,bf39c452faf678539dd6bec9f8931c5e,99133,0.6657722453673348,357.0,66,99131,99133,False,ok,False,False,
default,interactive-discover-3,discover,3,2,0,54,54,c6f1026b5b378b95fed1b609efe82a86,83367,0.6477383137212566,255.0,54,83365,83366,False,ok,False,False,
default,interactive-discover-3,discover,3,3,0,196,196,3103aacb8c0b38645fd73f8b05191c84,166945,1.1740393542783552,473.0,196,166934,166944,False,ok,False,False,
default,interactive-discover-3,discover,3,4,0,0,0,d41d8cd98f00b204e9800998ecf8427e,300108,0.0,,0,,,True,timeout,True,True,"Unexpected ""!"" at position 0 in state STOP"
default,interactive-discover-3,discover,3,0,1,68,68,e9f9c6f077dd7a85180d21221150597a,97449,0.6978009009841045,355.0,68,97448,97449,False,ok,False,False,
default,interactive-discover-3,discover,3,1,1,66,66,bf39c452faf678539dd6bec9f8931c5e,94356,0.6994785705201577,357.0,66,94353,94355,False,ok,False,False,
default,interactive-discover-3,discover,3,2,1,54,54,c6f1026b5b378b95fed1b609efe82a86,81053,0.6662307379122303,255.0,54,81051,81052,False,ok,False,False,
default,interactive-discover-3,discover,3,3,1,196,196,3103aacb8c0b38645fd73f8b05191c84,164261,1.193222980500545,473.0,196,164172,164260,False,ok,False,False,
default,interactive-discover-3,discover,3,4,1,137,137,922f2cfc8273304ad1f823de44367223,110385,1.2411106581510167,393.0,137,110308,110385,False,ok,False,False,
default,interactive-discover-3,discover,3,0,2,68,68,e9f9c6f077dd7a85180d21221150597a,99649,0.6823952071771919,355.0,68,99647,99649,False,ok,False,False,
default,interactive-discover-3,discover,3,1,2,66,66,bf39c452faf678539dd6bec9f8931c5e,100535,0.6564877903217785,357.0,66,100533,100535,False,ok,False,False,
default,interactive-discover-3,discover,3,2,2,54,54,c6f1026b5b378b95fed1b609efe82a86,81685,0.6610760849605191,255.0,54,81683,81684,False,ok,False,False,
default,interactive-discover-3,discover,3,3,2,196,196,3103aacb8c0b38645fd73f8b05191c84,160317,1.2225777677975511,473.0,196,160307,160317,False,ok,False,False,
default,interactive-discover-3,discover,3,4,2,137,137,922f2cfc8273304ad1f823de44367223,115800,1.1830742659758204,393.0,137,115706,115800,False,ok,False,False,
default,interactive-discover-3,discover,3,0,3,68,68,e9f9c6f077dd7a85180d21221150597a,96825,0.702297960237542,355.0,68,96823,96824,False,ok,False,False,
default,interactive-discover-3,discover,3,1,3,66,66,bf39c452faf678539dd6bec9f8931c5e,98061,0.673050448190412,357.0,66,98058,98061,False,ok,False,False,
default,interactive-discover-3,discover,3,2,3,54,54,c6f1026b5b378b95fed1b609efe82a86,79190,0.6819042808435408,255.0,54,79187,79189,False,ok,False,False,
default,interactive-discover-3,discover,3,3,3,0,0,d41d8cd98f00b204e9800998ecf8427e,300106,0.0,,0,,,True,timeout,True,True,"Unexpected ""!"" at position 0 in state STOP"
default,interactive-discover-3,discover,3,4,3,137,137,922f2cfc8273304ad1f823de44367223,112153,1.2215455672162134,393.0,137,112150,112152,False,ok,False,False,
default,interactive-discover-3,discover,3,0,4,68,68,e9f9c6f077dd7a85180d21221150597a,97697,0.6960295607848757,355.0,68,97695,97696,False,ok,False,False,
default,interactive-discover-3,discover,3,1,4,66,66,bf39c452faf678539dd6bec9f8931c5e,98026,0.6732907595943933,357.0,66,98024,98026,False,ok,False,False,
default,interactive-discover-3,discover,3,2,4,54,54,c6f1026b5b378b95fed1b609efe82a86,83385,0.6475984889368591,255.0,54,83383,83384,False,ok,False,False,
default,interactive-discover-3,discover,3,3,4,196,196,3103aacb8c0b38645fd73f8b05191c84,163758,1.196888090963495,473.0,196,163755,163758,False,ok,False,False,
default,interactive-discover-3,discover,3,4,4,137,137,922f2cfc8273304ad1f823de44367223,116195,1.1790524549249108,393.0,137,116188,116194,False,ok,False,False,
default,interactive-discover-3,discover,3,0,5,68,68,e9f9c6f077dd7a85180d21221150597a,103612,0.6562946376867544,355.0,68,103611,103612,False,ok,False,False,
default,interactive-discover-3,discover,3,1,5,66,66,bf39c452faf678539dd6bec9f8931c5e,95639,0.6900950449084579,357.0,66,95636,95638,False,ok,False,False,
default,interactive-discover-3,discover,3,2,5,54,54,c6f1026b5b378b95fed1b609efe82a86,79528,0.6790061362036012,255.0,54,79526,79527,False,ok,False,False,
default,interactive-discover-3,discover,3,3,5,196,196,3103aacb8c0b38645fd73f8b05191c84,161515,1.2135095811534533,473.0,196,161502,161514,False,ok,False,False,
default,interactive-discover-3,discover,3,4,5,137,137,922f2cfc8273304ad1f823de44367223,117188,1.169061678670171,393.0,137,117184,117187,False,ok,False,False,
default,interactive-discover-4,discover,4,0,0,5,5,3112eede040aaa01aedc457789eed356,3838,1.3027618551328817,135.0,5,3838,3838,False,ok,False,False,
default,interactive-discover-4,discover,4,1,0,3,3,cd6f381a6281527b1dbda2f21a1a702a,1618,1.8541409147095178,109.0,3,1617,1617,False,ok,False,False,
default,interactive-discover-4,discover,4,2,0,3,3,ed1ebad4adf97e9e94be0ca88af2d8bb,1426,2.103786816269285,95.0,3,1425,1425,False,ok,False,False,
default,interactive-discover-4,discover,4,3,0,3,3,16a10be88d7ff874026ce66a4e993ecb,1748,1.7162471395881007,71.0,3,1747,1747,False,ok,False,False,
default,interactive-discover-4,discover,4,4,0,7,7,d0ef3bb68aa278a8f97f329adee97dd8,2701,2.5916327286190297,131.0,7,2701,2701,False,ok,False,False,
default,interactive-discover-4,discover,4,0,1,5,5,3112eede040aaa01aedc457789eed356,2463,2.0300446609825418,135.0,5,2463,2463,False,ok,False,False,
default,interactive-discover-4,discover,4,1,1,3,3,cd6f381a6281527b1dbda2f21a1a702a,1275,2.3529411764705883,109.0,3,1275,1275,False,ok,False,False,
default,interactive-discover-4,discover,4,2,1,3,3,ed1ebad4adf97e9e94be0ca88af2d8bb,1109,2.7051397655545535,95.0,3,1108,1108,False,ok,False,False,
default,interactive-discover-4,discover,4,3,1,3,3,16a10be88d7ff874026ce66a4e993ecb,1587,1.890359168241966,71.0,3,1586,1586,False,ok,False,False,
default,interactive-discover-4,discover,4,4,1,7,7,d0ef3bb68aa278a8f97f329adee97dd8,2345,2.9850746268656714,131.0,7,2345,2345,False,ok,False,False,
default,interactive-discover-4,discover,4,0,2,5,5,3112eede040aaa01aedc457789eed356,2490,2.008032128514056,135.0,5,2490,2490,False,ok,False,False,
default,interactive-discover-4,discover,4,1,2,3,3,cd6f381a6281527b1dbda2f21a1a702a,1357,2.210759027266028,109.0,3,1356,1356,False,ok,False,False,
default,interactive-discover-4,discover,4,2,2,3,3,ed1ebad4adf97e9e94be0ca88af2d8bb,1127,2.6619343389529724,95.0,3,1127,1127,False,ok,False,False,
default,interactive-discover-4,discover,4,3,2,3,3,16a10be88d7ff874026ce66a4e993ecb,1472,2.0380434782608696,71.0,3,1471,1471,False,ok,False,False,
default,interactive-discover-4,discover,4,4,2,7,7,d0ef3bb68aa278a8f97f329adee97dd8,2249,3.1124944419742104,131.0,7,2248,2248,False,ok,False,False,
default,interactive-discover-4,discover,4,0,3,5,5,3112eede040aaa01aedc457789eed356,2364,2.1150592216582065,135.0,5,2363,2364,False,ok,False,False,
default,interactive-discover-4,discover,4,1,3,3,3,cd6f381a6281527b1dbda2f21a1a702a,1253,2.394253790901836,109.0,3,1253,1253,False,ok,False,False,
default,interactive-discover-4,discover,4,2,3,3,3,ed1ebad4adf97e9e94be0ca88af2d8bb,1019,2.9440628066732093,95.0,3,1019,1019,False,ok,False,False,
default,interactive-discover-4,discover,4,3,3,3,3,16a10be88d7ff874026ce66a4e993ecb,1505,1.993355481727575,71.0,3,1505,1505,False,ok,False,False,
default,interactive-discover-4,discover,4,4,3,7,7,d0ef3bb68aa278a8f97f329adee97dd8,2213,3.1631269769543606,131.0,7,2213,2213,False,ok,False,False,
default,interactive-discover-4,discover,4,0,4,5,5,3112eede040aaa01aedc457789eed356,2301,2.17296827466319,135.0,5,2301,2301,False,ok,False,False,
default,interactive-discover-4,discover,4,1,4,3,3,cd6f381a6281527b1dbda2f21a1a702a,1268,2.365930599369085,109.0,3,1268,1268,False,ok,False,False,
default,interactive-discover-4,discover,4,2,4,3,3,ed1ebad4adf97e9e94be0ca88af2d8bb,1057,2.838221381267739,95.0,3,1057,1057,False,ok,False,False,
default,interactive-discover-4,discover,4,3,4,3,3,16a10be88d7ff874026ce66a4e993ecb,1473,2.0366598778004072,71.0,3,1473,1473,False,ok,False,False,
default,interactive-discover-4,discover,4,4,4,7,7,d0ef3bb68aa278a8f97f329adee97dd8,2302,3.040834057341442,131.0,7,2301,2301,False,ok,False,False,
default,interactive-discover-4,discover,4,0,5,5,5,3112eede040aaa01aedc457789eed356,2132,2.345215759849906,135.0,5,2131,2131,False,ok,False,False,
default,interactive-discover-4,discover,4,1,5,3,3,cd6f381a6281527b1dbda2f21a1a702a,1201,2.497918401332223,109.0,3,1201,1201,False,ok,False,False,
default,interactive-discover-4,discover,4,2,5,3,3,ed1ebad4adf97e9e94be0ca88af2d8bb,1074,2.793296089385475,95.0,3,1074,1074,False,ok,False,False,
default,interactive-discover-4,discover,4,3,5,3,3,16a10be88d7ff874026ce66a4e993ecb,1483,2.0229265003371544,71.0,3,1483,1483,False,ok,False,False,
default,interactive-discover-4,discover,4,4,5,7,7,d0ef3bb68aa278a8f97f329adee97dd8,2176,3.2169117647058822,131.0,7,2175,2176,False,ok,False,False,
default,interactive-discover-5,discover,5,0,0,15,15,cab888487e7572de37a55f0e8c3ec060,1701,8.818342151675484,103.0,15,804,1694,False,ok,False,False,
default,interactive-discover-5,discover,5,1,0,3,3,7fc43bb183e4fb0238576536413c6c45,1120,2.6785714285714284,101.0,3,539,774,False,ok,False,False,
default,interactive-discover-5,discover,5,2,0,3,3,2543010e761cb36b6f0c3e103e58af43,1011,2.967359050445104,87.0,3,547,685,False,ok,False,False,
default,interactive-discover-5,discover,5,3,0,4,4,76fc6cfa5c07ff3011e9f2d7ac2ae7e0,1089,3.6730945821854912,61.0,4,601,975,False,ok,False,False,
default,interactive-discover-5,discover,5,4,0,20,20,880a30fb8a9114b4807acb78d9e7d141,1454,13.75515818431912,91.0,20,498,1428,False,ok,False,False,
default,interactive-discover-5,discover,5,0,1,15,15,cab888487e7572de37a55f0e8c3ec060,1355,11.07011070110701,103.0,15,656,1354,False,ok,False,False,
default,interactive-discover-5,discover,5,1,1,3,3,7fc43bb183e4fb0238576536413c6c45,1103,2.71985494106981,101.0,3,529,958,False,ok,False,False,
default,interactive-discover-5,discover,5,2,1,3,3,2543010e761cb36b6f0c3e103e58af43,997,3.0090270812437314,87.0,3,522,542,False,ok,False,False,
default,interactive-discover-5,discover,5,3,1,4,4,76fc6cfa5c07ff3011e9f2d7ac2ae7e0,986,4.056795131845842,61.0,4,572,986,False,ok,False,False,
default,interactive-discover-5,discover,5,4,1,20,20,880a30fb8a9114b4807acb78d9e7d141,1396,14.326647564469916,91.0,20,476,1384,False,ok,False,False,
default,interactive-discover-5,discover,5,0,2,15,15,cab888487e7572de37a55f0e8c3ec060,1696,8.84433962264151,103.0,15,442,1695,False,ok,False,False,
default,interactive-discover-5,discover,5,1,2,3,3,7fc43bb183e4fb0238576536413c6c45,1207,2.485501242750621,101.0,3,539,681,False,ok,False,False,
default,interactive-discover-5,discover,5,2,2,3,3,2543010e761cb36b6f0c3e103e58af43,1000,3.0,87.0,3,515,755,False,ok,False,False,
default,interactive-discover-5,discover,5,3,2,4,4,76fc6cfa5c07ff3011e9f2d7ac2ae7e0,985,4.060913705583756,61.0,4,555,644,False,ok,False,False,
default,interactive-discover-5,discover,5,4,2,20,20,880a30fb8a9114b4807acb78d9e7d141,1401,14.275517487508923,91.0,20,663,1400,False,ok,False,False,
default,interactive-discover-5,discover,5,0,3,15,15,cab888487e7572de37a55f0e8c3ec060,1334,11.244377811094452,103.0,15,447,1333,False,ok,False,False,
default,interactive-discover-5,discover,5,1,3,3,3,7fc43bb183e4fb0238576536413c6c45,1115,2.690582959641256,101.0,3,521,688,False,ok,False,False,
default,interactive-discover-5,discover,5,2,3,3,3,2543010e761cb36b6f0c3e103e58af43,1002,2.9940119760479043,87.0,3,553,791,False,ok,False,False,
default,interactive-discover-5,discover,5,3,3,4,4,76fc6cfa5c07ff3011e9f2d7ac2ae7e0,1007,3.97219463753724,61.0,4,557,598,False,ok,False,False,
default,interactive-discover-5,discover,5,4,3,20,20,880a30fb8a9114b4807acb78d9e7d141,1566,12.77139208173691,91.0,20,611,1552,False,ok,False,False,
default,interactive-discover-5,discover,5,0,4,15,15,cab888487e7572de37a55f0e8c3ec060,1652,9.079903147699758,103.0,15,490,1651,False,ok,False,False,
default,interactive-discover-5,discover,5,1,4,3,3,7fc43bb183e4fb0238576536413c6c45,1102,2.722323049001815,101.0,3,539,626,False,ok,False,False,
default,interactive-discover-5,discover,5,2,4,3,3,2543010e761cb36b6f0c3e103e58af43,2418,1.2406947890818858,87.0,3,1645,2062,False,ok,False,False,
default,interactive-discover-5,discover,5,3,4,4,4,76fc6cfa5c07ff3011e9f2d7ac2ae7e0,1075,3.7209302325581395,61.0,4,538,994,False,ok,False,False,
default,interactive-discover-5,discover,5,4,4,20,20,880a30fb8a9114b4807acb78d9e7d141,1774,11.273957158962796,91.0,20,646,1321,False,ok,False,False,
default,interactive-discover-5,discover,5,0,5,15,15,cab888487e7572de37a55f0e8c3ec060,1770,8.474576271186441,103.0,15,495,1770,False,ok,False,False,
default,interactive-discover-5,discover,5,1,5,3,3,7fc43bb183e4fb0238576536413c6c45,1182,2.5380710659898478,101.0,3,518,826,False,ok,False,False,
default,interactive-discover-5,discover,5,2,5,3,3,2543010e761cb36b6f0c3e103e58af43,969,3.0959752321981426,87.0,3,500,586,False,ok,False,False,
default,interactive-discover-5,discover,5,3,5,4,4,76fc6cfa5c07ff3011e9f2d7ac2ae7e0,984,4.065040650406504,61.0,4,534,590,False,ok,False,False,
default,interactive-discover-5,discover,5,4,5,20,20,880a30fb8a9114b4807acb78d9e7d141,2087,9.583133684714902,91.0,20,462,1109,False,ok,False,False,
default,interactive-discover-6,discover,6,0,0,33,33,240c19f39eed1e3ac67718ff57b63a0d,300079,0.10997104095921408,,33,1311,37231,True,timeout,True,False,"Unexpected ""!"" at position 0 in state STOP"
default,interactive-discover-6,discover,6,1,0,1,1,cd3466cc43b32ce51d8f13d5516f2ef2,2550,0.3921568627450981,101.0,1,2264,2264,False,ok,False,False,
default,interactive-discover-6,discover,6,2,0,1,1,29960679941029d6a70f26d6904d3728,1581,0.6325110689437066,87.0,1,1400,1400,False,ok,False,False,
default,interactive-discover-6,discover,6,3,0,2,2,dda32920d34bcd8a1bf9ed13c89c4b4d,300012,0.00666640001066624,,2,1579,1585,True,timeout,True,False,"Unexpected ""!"" at position 0 in state STOP"
default,interactive-discover-6,discover,6,4,0,27,27,613936d3d666a311d54e99e3a8f9cdad,5663,4.76779092353876,91.0,27,3407,5419,False,ok,False,False,
default,interactive-discover-6,discover,6,0,1,33,33,240c19f39eed1e3ac67718ff57b63a0d,300012,0.10999560017599296,,33,2219,14413,True,timeout,True,False,"Unexpected ""!"" at position 0 in state STOP"
default,interactive-discover-6,discover,6,1,1,1,1,cd3466cc43b32ce51d8f13d5516f2ef2,2671,0.3743916136278548,101.0,1,2438,2438,False,ok,False,False,
default,interactive-discover-6,discover,6,2,1,1,1,29960679941029d6a70f26d6904d3728,1579,0.6333122229259025,87.0,1,1565,1565,False,ok,False,False,
default,interactive-discover-6,discover,6,3,1,2,2,dda32920d34bcd8a1bf9ed13c89c4b4d,139503,0.014336609248546628,10467.0,2,1668,1678,False,ok,False,False,
default,interactive-discover-6,discover,6,4,1,27,27,613936d3d666a311d54e99e3a8f9cdad,3877,6.964147536755224,91.0,27,1993,3877,False,ok,False,False,
default,interactive-discover-6,discover,6,0,2,33,33,240c19f39eed1e3ac67718ff57b63a0d,300107,0.10996078065489974,,33,1874,50777,True,timeout,True,False,"Unexpected ""!"" at position 0 in state STOP"
default,interactive-discover-6,discover,6,1,2,1,1,cd3466cc43b32ce51d8f13d5516f2ef2,2528,0.39556962025316456,101.0,1,2514,2514,False,ok,False,False,
default,interactive-discover-6,discover,6,2,2,1,1,29960679941029d6a70f26d6904d3728,1600,0.625,87.0,1,1493,1493,False,ok,False,False,
default,interactive-discover-6,discover,6,3,2,2,2,dda32920d34bcd8a1bf9ed13c89c4b4d,300010,0.006666444451851605,,2,1508,1509,True,timeout,True,False,"Unexpected ""!"" at position 0 in state STOP"
default,interactive-discover-6,discover,6,4,2,27,27,613936d3d666a311d54e99e3a8f9cdad,6513,4.145555043758637,91.0,27,4093,6174,False,ok,False,False,
default,interactive-discover-6,discover,6,0,3,33,33,240c19f39eed1e3ac67718ff57b63a0d,300012,0.10999560017599296,,33,2799,23360,True,timeout,True,False,"Unexpected ""!"" at position 0 in state STOP"
default,interactive-discover-6,discover,6,1,3,1,1,cd3466cc43b32ce51d8f13d5516f2ef2,2669,0.37467216185837393,101.0,1,2293,2293,False,ok,False,False,
default,interactive-discover-6,discover,6,2,3,1,1,29960679941029d6a70f26d6904d3728,1608,0.6218905472636815,87.0,1,1502,1502,False,ok,False,False,
default,interactive-discover-6,discover,6,3,3,2,2,dda32920d34bcd8a1bf9ed13c89c4b4d,300010,0.006666444451851605,,2,1493,1509,True,timeout,True,False,"Unexpected ""!"" at position 0 in state STOP"
default,interactive-discover-6,discover,6,4,3,27,27,613936d3d666a311d54e99e3a8f9cdad,5698,4.738504738504738,91.0,27,2992,5533,False,ok,False,False,
default,interactive-discover-6,discover,6,0,4,33,33,240c19f39eed1e3ac67718ff57b63a0d,300012,0.10999560017599296,,33,2456,16839,True,timeout,True,False,"Unexpected ""!"" at position 0 in state STOP"
default,interactive-discover-6,discover,6,1,4,1,1,cd3466cc43b32ce51d8f13d5516f2ef2,2733,0.3658982802780827,101.0,1,1893,1893,False,ok,False,False,
default,interactive-discover-6,discover,6,2,4,1,1,29960679941029d6a70f26d6904d3728,1517,0.6591957811470007,87.0,1,1392,1392,False,ok,False,False,
default,interactive-discover-6,discover,6,3,4,2,2,dda32920d34bcd8a1bf9ed13c89c4b4d,300010,0.006666444451851605,,2,1321,1365,True,timeout,True,False,"Unexpected ""!"" at position 0 in state STOP"
default,interactive-discover-6,discover,6,4,4,27,27,613936d3d666a311d54e99e3a8f9cdad,5708,4.7302032235459,91.0,27,3771,5708,False,ok,False,False,
default,interactive-discover-6,discover,6,0,5,33,33,240c19f39eed1e3ac67718ff57b63a0d,300011,0.10999596681455012,,33,2395,24495,True,timeout,True,False,"Unexpected ""!"" at position 0 in state STOP"
default,interactive-discover-6,discover,6,1,5,1,1,cd3466cc43b32ce51d8f13d5516f2ef2,2593,0.3856536829926726,101.0,1,2414,2414,False,ok,False,False,
default,interactive-discover-6,discover,6,2,5,1,1,29960679941029d6a70f26d6904d3728,1686,0.5931198102016607,87.0,1,1469,1469,False,ok,False,False,
default,interactive-discover-6,discover,6,3,5,2,2,dda32920d34bcd8a1bf9ed13c89c4b4d,300012,0.00666640001066624,,2,1520,2829,True,timeout,True,False,"Unexpected ""!"" at position 0 in state STOP"
default,interactive-discover-6,discover,6,4,5,27,27,613936d3d666a311d54e99e3a8f9cdad,6306,4.281636536631779,91.0,27,3721,6306,False,ok,False,False,
default,interactive-discover-7,discover,7,0,0,1,1,f56a157457e1eb9b6878c540d54eec98,300014,0.003333177785036698,,1,5706,5706,True,timeout,True,False,"Unexpected ""!"" at position 0 in state STOP"
default,interactive-discover-7,discover,7,1,0,1,1,75ab2bd12ac1e16dcc02f8c9e8d97308,2656,0.3765060240963855,101.0,1,2643,2643,False,ok,False,False,
default,interactive-discover-7,discover,7,2,0,1,1,faf54113a5297c559416a2dd78b9cc86,1669,0.5991611743559018,87.0,1,1653,1653,False,ok,False,False,
default,interactive-discover-7,discover,7,3,0,1,1,f3ca7f0b9ca7d5740a3318e4be0d03ac,300011,0.003333211115592428,,1,1564,1564,True,timeout,True,False,"Unexpected ""!"" at position 0 in state STOP"
default,interactive-discover-7,discover,7,4,0,1,1,3ee14484ce425fdbae40700cdd59c0d2,6111,0.16363933889707086,91.0,1,4198,4198,False,ok,False,False,
default,interactive-discover-7,discover,7,0,1,2,2,d8614c4f7b4fe0cc2f1623d07244cf20,300012,0.00666640001066624,,2,3018,68777,True,timeout,True,False,"Unexpected ""!"" at position 0 in state STOP"
default,interactive-discover-7,discover,7,1,1,1,1,75ab2bd12ac1e16dcc02f8c9e8d97308,2991,0.33433634236041454,101.0,1,2902,2902,False,ok,False,False,
default,interactive-discover-7,discover,7,2,1,1,1,faf54113a5297c559416a2dd78b9cc86,1595,0.6269592476489029,87.0,1,1523,1523,False,ok,False,False,
default,interactive-discover-7,discover,7,3,1,1,1,f3ca7f0b9ca7d5740a3318e4be0d03ac,300012,0.00333320000533312,,1,1631,1631,True,timeout,True,False,"Unexpected ""!"" at position 0 in state STOP"
default,interactive-discover-7,discover,7,4,1,1,1,3ee14484ce425fdbae40700cdd59c0d2,6848,0.14602803738317757,91.0,1,4434,4434,False,ok,False,False,
default,interactive-discover-7,discover,7,0,2,1,1,f56a157457e1eb9b6878c540d54eec98,300013,0.003333188895147877,,1,3272,3272,True,timeout,True,False,"Unexpected ""!"" at position 0 in state STOP"
default,interactive-discover-7,discover,7,1,2,1,1,75ab2bd12ac1e16dcc02f8c9e8d97308,2394,0.4177109440267335,101.0,1,1890,1890,False,ok,False,False,
default,interactive-discover-7,discover,7,2,2,1,1,faf54113a5297c559416a2dd78b9cc86,1580,0.6329113924050632,87.0,1,1576,1576,False,ok,False,False,
default,interactive-discover-7,discover,7,3,2,1,1,f3ca7f0b9ca7d5740a3318e4be0d03ac,300011,0.003333211115592428,,1,3008,3008,True,timeout,True,False,"Unexpected ""!"" at position 0 in state STOP"
default,interactive-discover-7,discover,7,4,2,1,1,3ee14484ce425fdbae40700cdd59c0d2,6039,0.16559032952475577,91.0,1,3438,3438,False,ok,False,False,
default,interactive-discover-7,discover,7,0,3,1,1,f56a157457e1eb9b6878c540d54eec98,300010,0.0033332222259258026,,1,2070,2070,True,timeout,True,False,"Unexpected ""!"" at position 0 in state STOP"
default,interactive-discover-7,discover,7,1,3,1,1,75ab2bd12ac1e16dcc02f8c9e8d97308,2775,0.3603603603603604,101.0,1,2774,2774,False,ok,False,False,
default,interactive-discover-7,discover,7,2,3,1,1,faf54113a5297c559416a2dd78b9cc86,1611,0.6207324643078833,87.0,1,1611,1611,False,ok,False,False,
default,interactive-discover-7,discover,7,3,3,1,1,f3ca7f0b9ca7d5740a3318e4be0d03ac,300012,0.00333320000533312,,1,1629,1629,True,timeout,True,False,"Unexpected ""!"" at position 0 in state STOP"
default,interactive-discover-7,discover,7,4,3,1,1,3ee14484ce425fdbae40700cdd59c0d2,5955,0.16792611251049538,91.0,1,3438,3438,False,ok,False,False,
default,interactive-discover-7,discover,7,0,4,2,2,d8614c4f7b4fe0cc2f1623d07244cf20,300016,0.006666311130073062,,2,1392,105392,True,timeout,True,False,"Unexpected ""!"" at position 0 in state STOP"
default,interactive-discover-7,discover,7,1,4,1,1,75ab2bd12ac1e16dcc02f8c9e8d97308,2673,0.37411148522259635,101.0,1,2650,2650,False,ok,False,False,
default,interactive-discover-7,discover,7,2,4,1,1,faf54113a5297c559416a2dd78b9cc86,1602,0.6242197253433208,87.0,1,1598,1598,False,ok,False,False,
default,interactive-discover-7,discover,7,3,4,1,1,f3ca7f0b9ca7d5740a3318e4be0d03ac,300012,0.00333320000533312,,1,2962,2962,True,timeout,True,False,"Unexpected ""!"" at position 0 in state STOP"
default,interactive-discover-7,discover,7,4,4,1,1,3ee14484ce425fdbae40700cdd59c0d2,6364,0.15713387806411064,91.0,1,3141,3141,False,ok,False,False,
default,interactive-discover-7,discover,7,0,5,2,2,d8614c4f7b4fe0cc2f1623d07244cf20,300014,0.006666355570073396,,2,2683,137789,True,timeout,True,False,"Unexpected ""!"" at position 0 in state STOP"
default,interactive-discover-7,discover,7,1,5,1,1,75ab2bd12ac1e16dcc02f8c9e8d97308,2685,0.37243947858473,101.0,1,2578,2578,False,ok,False,False,
default,interactive-discover-7,discover,7,2,5,1,1,faf54113a5297c559416a2dd78b9cc86,1594,0.6273525721455457,87.0,1,1491,1491,False,ok,False,False,
default,interactive-discover-7,discover,7,3,5,1,1,f3ca7f0b9ca7d5740a3318e4be0d03ac,300012,0.00333320000533312,,1,3039,3039,True,timeout,True,False,"Unexpected ""!"" at position 0 in state STOP"
default,interactive-discover-7,discover,7,4,5,1,1,3ee14484ce425fdbae40700cdd59c0d2,6224,0.16066838046272494,91.0,1,3509,3509,False,ok,False,False,
default,interactive-discover-8,discover,8,0,0,10,10,4b20d690aedced775a0388c1cf2d3c36,10697,0.9348415443582313,33.0,10,7878,10171,False,ok,False,False,
default,interactive-discover-8,discover,8,1,0,10,10,94c08ac69169941707291254297ea93a,7785,1.2845215157353886,31.0,10,844,7372,False,ok,False,False,
default,interactive-discover-8,discover,8,2,0,10,10,3576737d99d5db141cc483627030e4a9,30776,0.3249285157265402,66.0,10,654,29952,False,ok,False,False,
default,interactive-discover-8,discover,8,3,0,10,10,2ef5138ab25b49ea390e459465d4d1c7,45288,0.2208090443384561,44.0,10,30000,42401,False,ok,False,False,
default,interactive-discover-8,discover,8,4,0,10,10,beefd514c448ebff0716dc42693fdcf1,19421,0.5149065444621801,39.0,10,10601,18445,False,ok,False,False,
default,interactive-discover-8,discover,8,0,1,10,10,6e0556f5f0292e1072cb49e9c81104dd,8619,1.160227404571296,36.0,10,6723,8263,False,ok,False,False,
default,interactive-discover-8,discover,8,1,1,10,10,274c1a7526f7a435e29ae642db14f5e7,6322,1.5817779183802594,29.0,10,4408,5880,False,ok,False,False,
default,interactive-discover-8,discover,8,2,1,10,10,3576737d99d5db141cc483627030e4a9,29598,0.3378606662612339,66.0,10,654,28788,False,ok,False,False,
default,interactive-discover-8,discover,8,3,1,10,10,ab85bee9584fba5f31c2a6c1ab8780c7,54297,0.18417223787686246,44.0,10,34005,51993,False,ok,False,False,
default,interactive-discover-8,discover,8,4,1,10,10,23c130de23bea69938bb4f437757e794,18496,0.5406574394463668,38.0,10,13295,17216,False,ok,False,False,
default,interactive-discover-8,discover,8,0,2,10,10,6de458b391c32b212e7929ae0ffc458b,8164,1.224889759921607,32.0,10,6255,7759,False,ok,False,False,
default,interactive-discover-8,discover,8,1,2,10,10,94c08ac69169941707291254297ea93a,7358,1.359064963305246,31.0,10,3388,6781,False,ok,False,False,
default,interactive-discover-8,discover,8,2,2,10,10,3576737d99d5db141cc483627030e4a9,30064,0.3326237360298031,66.0,10,736,29257,False,ok,False,False,
default,interactive-discover-8,discover,8,3,2,10,10,2ef5138ab25b49ea390e459465d4d1c7,54569,0.18325422859132473,44.0,10,34077,52468,False,ok,False,False,
default,interactive-discover-8,discover,8,4,2,10,10,23c130de23bea69938bb4f437757e794,22136,0.4517528008673654,46.0,10,17322,21067,False,ok,False,False,
default,interactive-discover-8,discover,8,0,3,10,10,6de458b391c32b212e7929ae0ffc458b,8111,1.2328936012822092,31.0,10,6389,7747,False,ok,False,False,
default,interactive-discover-8,discover,8,1,3,10,10,274c1a7526f7a435e29ae642db14f5e7,7842,1.2751849018107626,31.0,10,3963,7394,False,ok,False,False,
default,interactive-discover-8,discover,8,2,3,10,10,3576737d99d5db141cc483627030e4a9,29442,0.3396508389375722,65.0,10,492,28699,False,ok,False,False,
default,interactive-discover-8,discover,8,3,3,10,10,2ef5138ab25b49ea390e459465d4d1c7,41840,0.2390057361376673,41.0,10,31320,39668,False,ok,False,False,
default,interactive-discover-8,discover,8,4,3,10,10,23c130de23bea69938bb4f437757e794,21203,0.4716313729189266,46.0,10,16878,20397,False,ok,False,False,
default,interactive-discover-8,discover,8,0,4,10,10,851da6e3388e03fb83d9ff722f47b01a,7713,1.2965123816932451,30.0,10,6009,7270,False,ok,False,False,
default,interactive-discover-8,discover,8,1,4,10,10,94c08ac69169941707291254297ea93a,8850,1.1299435028248588,35.0,10,5108,8399,False,ok,False,False,
default,interactive-discover-8,discover,8,2,4,10,10,3576737d99d5db141cc483627030e4a9,28622,0.34938159457759765,64.0,10,503,27767,False,ok,False,False,
default,interactive-discover-8,discover,8,3,4,10,10,2ef5138ab25b49ea390e459465d4d1c7,46131,0.2167739697817086,45.0,10,31042,44041,False,ok,False,False,
default,interactive-discover-8,discover,8,4,4,10,10,beefd514c448ebff0716dc42693fdcf1,24442,0.4091318222731364,44.0,10,14990,23569,False,ok,False,False,
default,interactive-discover-8,discover,8,0,5,10,10,6e0556f5f0292e1072cb49e9c81104dd,7971,1.2545477355413372,36.0,10,6123,7597,False,ok,False,False,
default,interactive-discover-8,discover,8,1,5,10,10,94c08ac69169941707291254297ea93a,6024,1.6600265604249669,29.0,10,827,5690,False,ok,False,False,
default,interactive-discover-8,discover,8,2,5,10,10,3576737d99d5db141cc483627030e4a9,26710,0.3743916136278547,65.0,10,474,25855,False,ok,False,False,
default,interactive-discover-8,discover,8,3,5,10,10,2ef5138ab25b49ea390e459465d4d1c7,47204,0.21184645369036523,44.0,10,28405,40290,False,ok,False,False,
default,interactive-discover-8,discover,8,4,5,10,10,23c130de23bea69938bb4f437757e794,20529,0.48711578742267037,45.0,10,16268,19810,False,ok,False,False,
default,interactive-short-1,short,1,0,0,1,1,6b641713c69378408c911f18ba9ba38b,6934,0.1442169022209403,106.0,1,880,880,False,ok,False,False,
default,interactive-short-1,short,1,1,0,1,1,f02ab3570928d3fc74a51ceb7a4a39ac,1998,0.5005005005005005,103.0,1,337,337,False,ok,False,False,
default,interactive-short-1,short,1,2,0,1,1,ff4ea17b4281fdba2a7a842efe3a722a,1317,0.7593014426727411,89.0,1,358,358,False,ok,False,False,
default,interactive-short-1,short,1,3,0,1,1,64191c6d5f502dc3f35888f44214ade1,1208,0.8278145695364238,63.0,1,349,349,False,ok,False,False,
default,interactive-short-1,short,1,4,0,1,1,d8972c3dd7a9ab1cc6d9b0773f1037c3,1496,0.6684491978609626,93.0,1,346,346,False,ok,False,False,
default,interactive-short-1,short,1,0,1,1,1,6b641713c69378408c911f18ba9ba38b,1558,0.6418485237483954,105.0,1,339,339,False,ok,False,False,
default,interactive-short-1,short,1,1,1,1,1,f02ab3570928d3fc74a51ceb7a4a39ac,1213,0.8244023083264632,103.0,1,332,332,False,ok,False,False,
default,interactive-short-1,short,1,2,1,1,1,ff4ea17b4281fdba2a7a842efe3a722a,1097,0.9115770282588879,89.0,1,354,354,False,ok,False,False,
default,interactive-short-1,short,1,3,1,1,1,64191c6d5f502dc3f35888f44214ade1,1149,0.8703220191470844,63.0,1,319,319,False,ok,False,False,
default,interactive-short-1,short,1,4,1,1,1,d8972c3dd7a9ab1cc6d9b0773f1037c3,1441,0.6939625260235947,93.0,1,320,320,False,ok,False,False,
default,interactive-short-1,short,1,0,2,1,1,6b641713c69378408c911f18ba9ba38b,1527,0.6548788474132285,105.0,1,328,328,False,ok,False,False,
default,interactive-short-1,short,1,1,2,1,1,f02ab3570928d3fc74a51ceb7a4a39ac,1218,0.8210180623973727,103.0,1,356,356,False,ok,False,False,
default,interactive-short-1,short,1,2,2,1,1,ff4ea17b4281fdba2a7a842efe3a722a,1142,0.8756567425569177,89.0,1,321,321,False,ok,False,False,
default,interactive-short-1,short,1,3,2,1,1,64191c6d5f502dc3f35888f44214ade1,1089,0.9182736455463728,63.0,1,301,301,False,ok,False,False,
default,interactive-short-1,short,1,4,2,1,1,d8972c3dd7a9ab1cc6d9b0773f1037c3,1386,0.7215007215007215,93.0,1,354,354,False,ok,False,False,
default,interactive-short-1,short,1,0,3,1,1,6b641713c69378408c911f18ba9ba38b,1550,0.6451612903225806,105.0,1,302,302,False,ok,False,False,
default,interactive-short-1,short,1,1,3,1,1,f02ab3570928d3fc74a51ceb7a4a39ac,1270,0.7874015748031495,103.0,1,345,345,False,ok,False,False,
default,interactive-short-1,short,1,2,3,1,1,ff4ea17b4281fdba2a7a842efe3a722a,1575,0.6349206349206349,89.0,1,342,342,False,ok,False,False,
default,interactive-short-1,short,1,3,3,1,1,64191c6d5f502dc3f35888f44214ade1,1088,0.9191176470588235,63.0,1,324,324,False,ok,False,False,
default,interactive-short-1,short,1,4,3,1,1,d8972c3dd7a9ab1cc6d9b0773f1037c3,1600,0.625,93.0,1,333,333,False,ok,False,False,
default,interactive-short-1,short,1,0,4,1,1,6b641713c69378408c911f18ba9ba38b,1505,0.6644518272425249,105.0,1,317,317,False,ok,False,False,
default,interactive-short-1,short,1,1,4,1,1,f02ab3570928d3fc74a51ceb7a4a39ac,1243,0.8045052292839903,103.0,1,350,350,False,ok,False,False,
default,interactive-short-1,short,1,2,4,1,1,ff4ea17b4281fdba2a7a842efe3a722a,1100,0.9090909090909091,89.0,1,328,328,False,ok,False,False,
default,interactive-short-1,short,1,3,4,1,1,64191c6d5f502dc3f35888f44214ade1,1044,0.9578544061302682,63.0,1,350,350,False,ok,False,False,
default,interactive-short-1,short,1,4,4,1,1,d8972c3dd7a9ab1cc6d9b0773f1037c3,1434,0.697350069735007,93.0,1,361,361,False,ok,False,False,
default,interactive-short-1,short,1,0,5,1,1,6b641713c69378408c911f18ba9ba38b,1485,0.6734006734006733,105.0,1,318,318,False,ok,False,False,
default,interactive-short-1,short,1,1,5,1,1,f02ab3570928d3fc74a51ceb7a4a39ac,1238,0.8077544426494346,103.0,1,349,349,False,ok,False,False,
default,interactive-short-1,short,1,2,5,1,1,ff4ea17b4281fdba2a7a842efe3a722a,1110,0.9009009009009008,89.0,1,309,309,False,ok,False,False,
default,interactive-short-1,short,1,3,5,1,1,64191c6d5f502dc3f35888f44214ade1,1136,0.8802816901408451,63.0,1,338,338,False,ok,False,False,
default,interactive-short-1,short,1,4,5,1,1,d8972c3dd7a9ab1cc6d9b0773f1037c3,1401,0.7137758743754461,93.0,1,330,330,False,ok,False,False,
default,interactive-short-2,short,2,0,0,0,0,d41d8cd98f00b204e9800998ecf8427e,17,0.0,,0,,,True,unsupported,False,True,"Invalid SPARQL endpoint response from http://localhost:3001/sparql (HTTP status 400):
Query operation processing failed: none of the configured actors were able to handle the operation type nodes
    Error messages of failing actors:
        Actor urn:comunica:default:query-operation/actors#source does not accept the operation nodes.
"
default,interactive-short-2,short,2,1,0,0,0,d41d8cd98f00b204e9800998ecf8427e,9,0.0,,0,,,True,unsupported,False,True,"Invalid SPARQL endpoint response from http://localhost:3001/sparql (HTTP status 400):
Query operation processing failed: none of the configured actors were able to handle the operation type nodes
    Error messages of failing actors:
        Actor urn:comunica:default:query-operation/actors#source does not accept the operation nodes.
"
default,interactive-short-2,short,2,2,0,0,0,d41d8cd98f00b204e9800998ecf8427e,9,0.0,,0,,,True,unsupported,False,True,"Invalid SPARQL endpoint response from http://localhost:3001/sparql (HTTP status 400):
Query operation processing failed: none of the configured actors were able to handle the operation type nodes
    Error messages of failing actors:
        Actor urn:comunica:default:query-operation/actors#source does not accept the operation nodes.
"
default,interactive-short-2,short,2,3,0,0,0,d41d8cd98f00b204e9800998ecf8427e,9,0.0,,0,,,True,unsupported,False,True,"Invalid SPARQL endpoint response from http://localhost:3001/sparql (HTTP status 400):
Query operation processing failed: none of the configured actors were able to handle the operation type nodes
    Error messages of failing actors:
        Actor urn:comunica:default:query-operation/actors#source does not accept the operation nodes.
"
default,interactive-short-2,short,2,4,0,0,0,d41d8cd98f00b204e9800998ecf8427e,9,0.0,,0,,,True,unsupported,False,True,"Invalid SPARQL endpoint response from http://localhost:3001/sparql (HTTP status 400):
Query operation processing failed: none of the configured actors were able to handle the operation type nodes
    Error messages of failing actors:
        Actor urn:comunica:default:query-operation/actors#source does not accept the operation nodes.
"
default,interactive-short-2,short,2,0,1,0,0,d41d8cd98f00b204e9800998ecf8427e,17,0.0,,0,,,True,unsupported,False,True,"Invalid SPARQL endpoint response from http://localhost:3001/sparql (HTTP status 400):
Query operation processing failed: none of the configured actors were able to handle the operation type nodes
    Error messages of failing actors:
        Actor urn:comunica:default:query-operation/actors#source does not accept the operation nodes.
"
default,interactive-short-2,short,2,1,1,0,0,d41d8cd98f00b204e9800998ecf8427e,9,0.0,,0,,,True,unsupported,False,True,"Invalid SPARQL endpoint response from http://localhost:3001/sparql (HTTP status 400):
Query operation processing failed: none of the configured actors were able to handle the operation type nodes
    Error messages of failing actors:
        Actor urn:comunica:default:query-operation/actors#source does not accept the operation nodes.
"
default,interactive-short-2,short,2,2,1,0,0,d41d8cd98f00b204e9800998ecf8427e,9,0.0,,0,,,True,unsupported,False,True,"Invalid SPARQL endpoint response from http://localhost:3001/sparql (HTTP status 400):
Query operation processing failed: none of the configured actors were able to handle the operation type nodes
    Error messages of failing actors:
        Actor urn:comunica:default:query-operation/actors#source does not accept the operation nodes.
"
default,interactive-short-2,short,2,3,1,0,0,d41d8cd98f00b204e9800998ecf8427e,34,0.0,,0,,,True,unsupported,False,True,"Invalid SPARQL endpoint response from http://localhost:3001/sparql (HTTP status 400):
Query operation processing failed: none of the configured actors were able to handle the operation type nodes
    Error messages of failing actors:
        Actor urn:comunica:default:query-operation/actors#source does not accept the operation nodes.
"
default,interactive-short-2,short,2,4,1,0,0,d41d8cd98f00b204e9800998ecf8427e,10,0.0,,0,,,True,unsupported,False,True,"Invalid SPARQL endpoint response from http://localhost:3001/sparql (HTTP status 400):
Query operation processing failed: none of the configured actors were able to handle the operation type nodes
    Error messages of failing actors:
        Actor urn:comunica:default:query-operation/actors#source does not accept the operation nodes.
"
default,interactive-short-2,short,2,0,2,0,0,d41d8cd98f00b204e9800998ecf8427e,57,0.0,,0,,,True,unsupported,False,True,"Invalid SPARQL endpoint response from http://localhost:3001/sparql (HTTP status 400):
Query operation processing failed: none of the configured actors were able to handle the operation type nodes
    Error messages of failing actors:
        Actor urn:comunica:default:query-operation/actors#source does not accept the operation nodes.
"
default,interactive-short-2,short,2,1,2,0,0,d41d8cd98f00b204e9800998ecf8427e,9,0.0,,0,,,True,unsupported,False,True,"Invalid SPARQL endpoint response from http://localhost:3001/sparql (HTTP status 400):
Query operation processing failed: none of the configured actors were able to handle the operation type nodes
    Error messages of failing actors:
        Actor urn:comunica:default:query-operation/actors#source does not accept the operation nodes.
"
default,interactive-short-2,short,2,2,2,0,0,d41d8cd98f00b204e9800998ecf8427e,12,0.0,,0,,,True,unsupported,False,True,"Invalid SPARQL endpoint response from http://localhost:3001/sparql (HTTP status 400):
Query operation processing failed: none of the configured actors were able to handle the operation type nodes
    Error messages of failing actors:
        Actor urn:comunica:default:query-operation/actors#source does not accept the operation nodes.
"
default,interactive-short-2,short,2,3,2,0,0,d41d8cd98f00b204e9800998ecf8427e,50,0.0,,0,,,True,unsupported,False,True,"Invalid SPARQL endpoint response from http://localhost:3001/sparql (HTTP status 400):
Query operation processing failed: none of the configured actors were able to handle the operation type nodes
    Error messages of failing actors:
        Actor urn:comunica:default:query-operation/actors#source does not accept the operation nodes.
"
default,interactive-short-2,short,2,4,2,0,0,d41d8cd98f00b204e9800998ecf8427e,11,0.0,,0,,,True,unsupported,False,True,"Invalid SPARQL endpoint response from http://localhost:3001/sparql (HTTP status 400):
Query operation processing failed: none of the configured actors were able to handle the operation type nodes
    Error messages of failing actors:
        Actor urn:comunica:default:query-operation/actors#source does not accept the operation nodes.
"
default,interactive-short-2,short,2,0,3,0,0,d41d8cd98f00b204e9800998ecf8427e,51,0.0,,0,,,True,unsupported,False,True,"Invalid SPARQL endpoint response from http://localhost:3001/sparql (HTTP status 400):
Query operation processing failed: none of the configured actors were able to handle the operation type nodes
    Error messages of failing actors:
        Actor urn:comunica:default:query-operation/actors#source does not accept the operation nodes.
"
default,interactive-short-2,short,2,1,3,0,0,d41d8cd98f00b204e9800998ecf8427e,14,0.0,,0,,,True,unsupported,False,True,"Invalid SPARQL endpoint response from http://localhost:3001/sparql (HTTP status 400):
Query operation processing failed: none of the configured actors were able to handle the operation type nodes
    Error messages of failing actors:
        Actor urn:comunica:default:query-operation/actors#source does not accept the operation nodes.
"
default,interactive-short-2,short,2,2,3,0,0,d41d8cd98f00b204e9800998ecf8427e,51,0.0,,0,,,True,unsupported,False,True,"Invalid SPARQL endpoint response from http://localhost:3001/sparql (HTTP status 400):
Query operation processing failed: none of the configured actors were able to handle the operation type nodes
    Error messages of failing actors:
        Actor urn:comunica:default:query-operation/actors#source does not accept the operation nodes.
"
default,interactive-short-2,short,2,3,3,0,0,d41d8cd98f00b204e9800998ecf8427e,34,0.0,,0,,,True,unsupported,False,True,"Invalid SPARQL endpoint response from http://localhost:3001/sparql (HTTP status 400):
Query operation processing failed: none of the configured actors were able to handle the operation type nodes
    Error messages of failing actors:
        Actor urn:comunica:default:query-operation/actors#source does not accept the operation nodes.
"
default,interactive-short-2,short,2,4,3,0,0,d41d8cd98f00b204e9800998ecf8427e,50,0.0,,0,,,True,unsupported,False,True,"Invalid SPARQL endpoint response from http://localhost:3001/sparql (HTTP status 400):
Query operation processing failed: none of the configured actors were able to handle the operation type nodes
    Error messages of failing actors:
        Actor urn:comunica:default:query-operation/actors#source does not accept the operation nodes.
"
default,interactive-short-2,short,2,0,4,0,0,d41d8cd98f00b204e9800998ecf8427e,55,0.0,,0,,,True,unsupported,False,True,"Invalid SPARQL endpoint response from http://localhost:3001/sparql (HTTP status 400):
Query operation processing failed: none of the configured actors were able to handle the operation type nodes
    Error messages of failing actors:
        Actor urn:comunica:default:query-operation/actors#source does not accept the operation nodes.
"
default,interactive-short-2,short,2,1,4,0,0,d41d8cd98f00b204e9800998ecf8427e,43,0.0,,0,,,True,unsupported,False,True,"Invalid SPARQL endpoint response from http://localhost:3001/sparql (HTTP status 400):
Query operation processing failed: none of the configured actors were able to handle the operation type nodes
    Error messages of failing actors:
        Actor urn:comunica:default:query-operation/actors#source does not accept the operation nodes.
"
default,interactive-short-2,short,2,2,4,0,0,d41d8cd98f00b204e9800998ecf8427e,34,0.0,,0,,,True,unsupported,False,True,"Invalid SPARQL endpoint response from http://localhost:3001/sparql (HTTP status 400):
Query operation processing failed: none of the configured actors were able to handle the operation type nodes
    Error messages of failing actors:
        Actor urn:comunica:default:query-operation/actors#source does not accept the operation nodes.
"
default,interactive-short-2,short,2,3,4,0,0,d41d8cd98f00b204e9800998ecf8427e,417,0.0,,0,,,True,unsupported,False,True,"Invalid SPARQL endpoint response from http://localhost:3001/sparql (HTTP status 400):
Query operation processing failed: none of the configured actors were able to handle the operation type nodes
    Error messages of failing actors:
        Actor urn:comunica:default:query-operation/actors#source does not accept the operation nodes.
"
default,interactive-short-2,short,2,4,4,0,0,d41d8cd98f00b204e9800998ecf8427e,13,0.0,,0,,,True,unsupported,False,True,"Invalid SPARQL endpoint response from http://localhost:3001/sparql (HTTP status 400):
Query operation processing failed: none of the configured actors were able to handle the operation type nodes
    Error messages of failing actors:
        Actor urn:comunica:default:query-operation/actors#source does not accept the operation nodes.
"
default,interactive-short-2,short,2,0,5,0,0,d41d8cd98f00b204e9800998ecf8427e,171,0.0,,0,,,True,unsupported,False,True,"Invalid SPARQL endpoint response from http://localhost:3001/sparql (HTTP status 400):
Query operation processing failed: none of the configured actors were able to handle the operation type nodes
    Error messages of failing actors:
        Actor urn:comunica:default:query-operation/actors#source does not accept the operation nodes.
"
default,interactive-short-2,short,2,1,5,0,0,d41d8cd98f00b204e9800998ecf8427e,66,0.0,,0,,,True,unsupported,False,True,"Invalid SPARQL endpoint response from http://localhost:3001/sparql (HTTP status 400):
Query operation processing failed: none of the configured actors were able to handle the operation type nodes
    Error messages of failing actors:
        Actor urn:comunica:default:query-operation/actors#source does not accept the operation nodes.
"
default,interactive-short-2,short,2,2,5,0,0,d41d8cd98f00b204e9800998ecf8427e,26,0.0,,0,,,True,unsupported,False,True,"Invalid SPARQL endpoint response from http://localhost:3001/sparql (HTTP status 400):
Query operation processing failed: none of the configured actors were able to handle the operation type nodes
    Error messages of failing actors:
        Actor urn:comunica:default:query-operation/actors#source does not accept the operation nodes.
"
default,interactive-short-2,short,2,3,5,0,0,d41d8cd98f00b204e9800998ecf8427e,98,0.0,,0,,,True,unsupported,False,True,"Invalid SPARQL endpoint response from http://localhost:3001/sparql (HTTP status 400):
Query operation processing failed: none of the configured actors were able to handle the operation type nodes
    Error messages of failing actors:
        Actor urn:comunica:default:query-operation/actors#source does not accept the operation nodes.
"
default,interactive-short-2,short,2,4,5,0,0,d41d8cd98f00b204e9800998ecf8427e,467,0.0,,0,,,True,unsupported,False,True,"Invalid SPARQL endpoint response from http://localhost:3001/sparql (HTTP status 400):
Query operation processing failed: none of the configured actors were able to handle the operation type nodes
    Error messages of failing actors:
        Actor urn:comunica:default:query-operation/actors#source does not accept the operation nodes.
"
default,interactive-short-3,short,3,0,0,0,0,d41d8cd98f00b204e9800998ecf8427e,300225,0.0,,0,,,True,timeout,True,True,"Unexpected ""!"" at position 0 in state STOP"
default,interactive-short-3,short,3,1,0,0,0,d41d8cd98f00b204e9800998ecf8427e,300647,0.0,,0,,,True,timeout,True,True,terminated
default,interactive-short-3,short,3,2,0,0,0,d41d8cd98f00b204e9800998ecf8427e,300609,0.0,,0,,,True,timeout,True,True,terminated
default,interactive-short-3,short,3,3,0,0,0,d41d8cd98f00b204e9800998ecf8427e,300185,0.0,,0,,,True,timeout,True,True,"Unexpected ""!"" at position 0 in state STOP"
default,interactive-short-3,short,3,4,0,0,0,d41d8cd98f00b204e9800998ecf8427e,300155,0.0,,0,,,True,timeout,True,True,"Unexpected ""!"" at position 0 in state STOP"
default,interactive-short-3,short,3,0,1,0,0,d41d8cd98f00b204e9800998ecf8427e,300216,0.0,,0,,,True,timeout,True,True,"Unexpected ""!"" at position 0 in state STOP"
default,interactive-short-3,short,3,1,1,0,0,d41d8cd98f00b204e9800998ecf8427e,300091,0.0,,0,,,True,timeout,True,True,"Unexpected ""!"" at position 0 in state STOP"
default,interactive-short-3,short,3,2,1,0,0,d41d8cd98f00b204e9800998ecf8427e,300234,0.0,,0,,,True,timeout,True,True,"Unexpected ""!"" at position 0 in state STOP"
default,interactive-short-3,short,3,3,1,0,0,d41d8cd98f00b204e9800998ecf8427e,300657,0.0,,0,,,True,timeout,True,True,terminated
default,interactive-short-3,short,3,4,1,0,0,d41d8cd98f00b204e9800998ecf8427e,300204,0.0,,0,,,True,timeout,True,True,"Unexpected ""!"" at position 0 in state STOP"
default,interactive-short-3,short,3,0,2,0,0,d41d8cd98f00b204e9800998ecf8427e,300265,0.0,,0,,,True,timeout,True,True,"Unexpected ""!"" at position 0 in state STOP"
default,interactive-short-3,short,3,1,2,0,0,d41d8cd98f00b204e9800998ecf8427e,300664,0.0,,0,,,True,timeout,True,True,terminated
default,interactive-short-3,short,3,2,2,0,0,d41d8cd98f00b204e9800998ecf8427e,300135,0.0,,0,,,True,timeout,True,True,"Unexpected ""!"" at position 0 in state STOP"
default,interactive-short-3,short,3,3,2,0,0,d41d8cd98f00b204e9800998ecf8427e,300075,0.0,,0,,,True,timeout,True,True,"Unexpected ""!"" at position 0 in state STOP"
default,interactive-short-3,short,3,4,2,0,0,d41d8cd98f00b204e9800998ecf8427e,300120,0.0,,0,,,True,timeout,True,True,"Unexpected ""!"" at position 0 in state STOP"
default,interactive-short-3,short,3,0,3,0,0,d41d8cd98f00b204e9800998ecf8427e,300246,0.0,,0,,,True,timeout,True,True,"Unexpected ""!"" at position 0 in state STOP"
default,interactive-short-3,short,3,1,3,0,0,d41d8cd98f00b204e9800998ecf8427e,300107,0.0,,0,,,True,timeout,True,True,"Unexpected ""!"" at position 0 in state STOP"
default,interactive-short-3,short,3,2,3,0,0,d41d8cd98f00b204e9800998ecf8427e,300156,0.0,,0,,,True,timeout,True,True,"Unexpected ""!"" at position 0 in state STOP"
default,interactive-short-3,short,3,3,3,0,0,d41d8cd98f00b204e9800998ecf8427e,300664,0.0,,0,,,True,timeout,True,True,terminated
default,interactive-short-3,short,3,4,3,0,0,d41d8cd98f00b204e9800998ecf8427e,300144,0.0,,0,,,True,timeout,True,True,"Unexpected ""!"" at position 0 in state STOP"
default,interactive-short-3,short,3,0,4,0,0,d41d8cd98f00b204e9800998ecf8427e,300656,0.0,,0,,,True,timeout,True,True,terminated
default,interactive-short-3,short,3,1,4,0,0,d41d8cd98f00b204e9800998ecf8427e,300203,0.0,,0,,,True,timeout,True,True,"Unexpected ""!"" at position 0 in state STOP"
default,interactive-short-3,short,3,2,4,0,0,d41d8cd98f00b204e9800998ecf8427e,300645,0.0,,0,,,True,timeout,True,True,terminated
default,interactive-short-3,short,3,3,4,0,0,d41d8cd98f00b204e9800998ecf8427e,300157,0.0,,0,,,True,timeout,True,True,"Unexpected ""!"" at position 0 in state STOP"
default,interactive-short-3,short,3,4,4,0,0,d41d8cd98f00b204e9800998ecf8427e,300236,0.0,,0,,,True,timeout,True,True,"Unexpected ""!"" at position 0 in state STOP"
default,interactive-short-3,short,3,0,5,0,0,d41d8cd98f00b204e9800998ecf8427e,300212,0.0,,0,,,True,timeout,True,True,"Unexpected ""!"" at position 0 in state STOP"
default,interactive-short-3,short,3,1,5,0,0,d41d8cd98f00b204e9800998ecf8427e,300133,0.0,,0,,,True,timeout,True,True,"Unexpected ""!"" at position 0 in state STOP"
default,interactive-short-3,short,3,2,5,0,0,d41d8cd98f00b204e9800998ecf8427e,300129,0.0,,0,,,True,timeout,True,True,"Unexpected ""!"" at position 0 in state STOP"
default,interactive-short-3,short,3,3,5,0,0,d41d8cd98f00b204e9800998ecf8427e,300116,0.0,,0,,,True,timeout,True,True,"Unexpected ""!"" at position 0 in state STOP"
default,interactive-short-3,short,3,4,5,0,0,d41d8cd98f00b204e9800998ecf8427e,300277,0.0,,0,,,True,timeout,True,True,"Unexpected ""!"" at position 0 in state STOP"
default,interactive-short-4,short,4,0,0,1,1,be952defdc6bff97ab1d2bd30503bd7a,355,2.8169014084507045,3.0,1,244,244,False,ok,False,False,
default,interactive-short-4,short,4,1,0,1,1,c7f96e08adf5efcc4ad5302bc4ebe30f,287,3.4843205574912894,3.0,1,158,158,False,ok,False,False,
default,interactive-short-4,short,4,2,0,1,1,b14fe4f20ab576f2bf485f4d72fc2332,767,1.303780964797914,27.0,1,256,256,False,ok,False,False,
default,interactive-short-4,short,4,3,0,1,1,c114679689014713f0be71d73de99a0b,1239,0.8071025020177562,37.0,1,303,303,False,ok,False,False,
default,interactive-short-4,short,4,4,0,1,1,c93535a997dcc3e3b4e497b89e662936,235,4.25531914893617,3.0,1,132,132,False,ok,False,False,
default,interactive-short-4,short,4,0,1,1,1,be952defdc6bff97ab1d2bd30503bd7a,212,4.716981132075472,3.0,1,104,104,False,ok,False,False,
default,interactive-short-4,short,4,1,1,1,1,c7f96e08adf5efcc4ad5302bc4ebe30f,230,4.3478260869565215,3.0,1,120,120,False,ok,False,False,
default,interactive-short-4,short,4,2,1,1,1,b14fe4f20ab576f2bf485f4d72fc2332,540,1.8518518518518516,27.0,1,172,172,False,ok,False,False,
default,interactive-short-4,short,4,3,1,1,1,c114679689014713f0be71d73de99a0b,955,1.0471204188481675,37.0,1,200,200,False,ok,False,False,
default,interactive-short-4,short,4,4,1,1,1,c93535a997dcc3e3b4e497b89e662936,232,4.310344827586206,3.0,1,109,109,False,ok,False,False,
default,interactive-short-4,short,4,0,2,1,1,be952defdc6bff97ab1d2bd30503bd7a,214,4.672897196261682,3.0,1,110,110,False,ok,False,False,
default,interactive-short-4,short,4,1,2,1,1,c7f96e08adf5efcc4ad5302bc4ebe30f,229,4.366812227074235,3.0,1,114,114,False,ok,False,False,
default,interactive-short-4,short,4,2,2,1,1,b14fe4f20ab576f2bf485f4d72fc2332,490,2.0408163265306123,27.0,1,155,155,False,ok,False,False,
default,interactive-short-4,short,4,3,2,1,1,c114679689014713f0be71d73de99a0b,678,1.4749262536873156,37.0,1,184,184,False,ok,False,False,
default,interactive-short-4,short,4,4,2,1,1,c93535a997dcc3e3b4e497b89e662936,234,4.273504273504273,3.0,1,119,119,False,ok,False,False,
default,interactive-short-4,short,4,0,3,1,1,be952defdc6bff97ab1d2bd30503bd7a,216,4.62962962962963,3.0,1,112,112,False,ok,False,False,
default,interactive-short-4,short,4,1,3,1,1,c7f96e08adf5efcc4ad5302bc4ebe30f,215,4.651162790697675,3.0,1,109,109,False,ok,False,False,
default,interactive-short-4,short,4,2,3,1,1,b14fe4f20ab576f2bf485f4d72fc2332,460,2.1739130434782608,27.0,1,152,152,False,ok,False,False,
default,interactive-short-4,short,4,3,3,1,1,c114679689014713f0be71d73de99a0b,636,1.572327044025157,37.0,1,183,183,False,ok,False,False,
default,interactive-short-4,short,4,4,3,1,1,c93535a997dcc3e3b4e497b89e662936,214,4.672897196261682,3.0,1,108,108,False,ok,False,False,
default,interactive-short-4,short,4,0,4,1,1,be952defdc6bff97ab1d2bd30503bd7a,217,4.6082949308755765,3.0,1,117,117,False,ok,False,False,
default,interactive-short-4,short,4,1,4,1,1,c7f96e08adf5efcc4ad5302bc4ebe30f,219,4.566210045662101,3.0,1,108,108,False,ok,False,False,
default,interactive-short-4,short,4,2,4,1,1,b14fe4f20ab576f2bf485f4d72fc2332,475,2.1052631578947367,27.0,1,150,150,False,ok,False,False,
default,interactive-short-4,short,4,3,4,1,1,c114679689014713f0be71d73de99a0b,667,1.4992503748125936,37.0,1,186,186,False,ok,False,False,
default,interactive-short-4,short,4,4,4,1,1,c93535a997dcc3e3b4e497b89e662936,226,4.424778761061947,3.0,1,108,108,False,ok,False,False,
default,interactive-short-4,short,4,0,5,1,1,be952defdc6bff97ab1d2bd30503bd7a,203,4.926108374384236,3.0,1,99,99,False,ok,False,False,
default,interactive-short-4,short,4,1,5,1,1,c7f96e08adf5efcc4ad5302bc4ebe30f,223,4.484304932735426,3.0,1,117,117,False,ok,False,False,
default,interactive-short-4,short,4,2,5,1,1,b14fe4f20ab576f2bf485f4d72fc2332,513,1.949317738791423,27.0,1,145,145,False,ok,False,False,
default,interactive-short-4,short,4,3,5,1,1,c114679689014713f0be71d73de99a0b,651,1.5360983102918586,37.0,1,189,189,False,ok,False,False,
default,interactive-short-4,short,4,4,5,1,1,c93535a997dcc3e3b4e497b89e662936,219,4.566210045662101,3.0,1,118,118,False,ok,False,False,
default,interactive-short-5,short,5,0,0,1,1,dc0e41612718b8e8febbfed0b6a81235,6419,0.15578750584203147,530.0,1,369,369,False,ok,False,False,
default,interactive-short-5,short,5,1,0,1,1,503ee1b279b823f2e5e6c3c7ad09348a,13581,0.07363228039172373,1112.0,1,353,353,False,ok,False,False,
default,interactive-short-5,short,5,2,0,1,1,f5c7036bdd812461f2fb5aae6b3ae925,45690,0.02188662727073758,4572.0,1,456,456,False,ok,False,False,
default,interactive-short-5,short,5,3,0,1,1,34828ddcb65169a440f3b93e10833a13,951,1.0515247108307046,46.0,1,386,386,False,ok,False,False,
default,interactive-short-5,short,5,4,0,1,1,85635c1632159d9ccdaa8e67a0da19e7,5092,0.1963864886095837,476.0,1,370,370,False,ok,False,False,
default,interactive-short-5,short,5,0,1,1,1,dc0e41612718b8e8febbfed0b6a81235,5659,0.17670966601873123,530.0,1,327,327,False,ok,False,False,
default,interactive-short-5,short,5,1,1,1,1,503ee1b279b823f2e5e6c3c7ad09348a,12490,0.08006405124099279,1112.0,1,362,362,False,ok,False,False,
default,interactive-short-5,short,5,2,1,1,1,f5c7036bdd812461f2fb5aae6b3ae925,46958,0.02129562587844457,4572.0,1,640,640,False,ok,False,False,
default,interactive-short-5,short,5,3,1,1,1,34828ddcb65169a440f3b93e10833a13,1058,0.9451795841209829,46.0,1,442,442,False,ok,False,False,
default,interactive-short-5,short,5,4,1,1,1,85635c1632159d9ccdaa8e67a0da19e7,5230,0.19120458891013384,476.0,1,345,345,False,ok,False,False,
default,interactive-short-5,short,5,0,2,1,1,dc0e41612718b8e8febbfed0b6a81235,5715,0.17497812773403326,530.0,1,336,336,False,ok,False,False,
default,interactive-short-5,short,5,1,2,1,1,503ee1b279b823f2e5e6c3c7ad09348a,11998,0.08334722453742291,1112.0,1,366,366,False,ok,False,False,
default,interactive-short-5,short,5,2,2,1,1,f5c7036bdd812461f2fb5aae6b3ae925,44000,0.022727272727272728,4572.0,1,503,503,False,ok,False,False,
default,interactive-short-5,short,5,3,2,1,1,34828ddcb65169a440f3b93e10833a13,947,1.0559662090813096,46.0,1,402,402,False,ok,False,False,
default,interactive-short-5,short,5,4,2,1,1,85635c1632159d9ccdaa8e67a0da19e7,5051,0.19798059790140565,476.0,1,341,341,False,ok,False,False,
default,interactive-short-5,short,5,0,3,1,1,dc0e41612718b8e8febbfed0b6a81235,5522,0.18109380659181457,530.0,1,329,329,False,ok,False,False,
default,interactive-short-5,short,5,1,3,1,1,503ee1b279b823f2e5e6c3c7ad09348a,12488,0.0800768737988469,1112.0,1,359,359,False,ok,False,False,
default,interactive-short-5,short,5,2,3,1,1,f5c7036bdd812461f2fb5aae6b3ae925,42276,0.0236540826946731,4572.0,1,456,456,False,ok,False,False,
default,interactive-short-5,short,5,3,3,1,1,34828ddcb65169a440f3b93e10833a13,956,1.0460251046025104,46.0,1,428,428,False,ok,False,False,
default,interactive-short-5,short,5,4,3,1,1,85635c1632159d9ccdaa8e67a0da19e7,5085,0.19665683382497542,476.0,1,360,360,False,ok,False,False,
default,interactive-short-5,short,5,0,4,1,1,dc0e41612718b8e8febbfed0b6a81235,5496,0.1819505094614265,530.0,1,348,348,False,ok,False,False,
default,interactive-short-5,short,5,1,4,1,1,503ee1b279b823f2e5e6c3c7ad09348a,11462,0.08724480893386843,1112.0,1,342,342,False,ok,False,False,
default,interactive-short-5,short,5,2,4,1,1,f5c7036bdd812461f2fb5aae6b3ae925,44743,0.02234986478331806,4572.0,1,453,453,False,ok,False,False,
default,interactive-short-5,short,5,3,4,1,1,34828ddcb65169a440f3b93e10833a13,998,1.002004008016032,46.0,1,402,402,False,ok,False,False,
default,interactive-short-5,short,5,4,4,1,1,85635c1632159d9ccdaa8e67a0da19e7,5102,0.1960015680125441,476.0,1,361,361,False,ok,False,False,
default,interactive-short-5,short,5,0,5,1,1,dc0e41612718b8e8febbfed0b6a81235,5591,0.17885888034340905,530.0,1,353,353,False,ok,False,False,
default,interactive-short-5,short,5,1,5,1,1,503ee1b279b823f2e5e6c3c7ad09348a,12173,0.08214901831923109,1112.0,1,361,361,False,ok,False,False,
default,interactive-short-5,short,5,2,5,1,1,f5c7036bdd812461f2fb5aae6b3ae925,42679,0.02343072705546053,4572.0,1,467,467,False,ok,False,False,
default,interactive-short-5,short,5,3,5,1,1,34828ddcb65169a440f3b93e10833a13,997,1.0030090270812437,46.0,1,416,416,False,ok,False,False,
default,interactive-short-5,short,5,4,5,1,1,85635c1632159d9ccdaa8e67a0da19e7,5051,0.19798059790140565,476.0,1,350,350,False,ok,False,False,
default,interactive-short-6,short,6,0,0,1,1,ba304a277e0c6fae635de35002222d91,300106,0.003332155971556717,,1,489,489,True,timeout,True,False,"Unexpected ""!"" at position 0 in state STOP"
default,interactive-short-6,short,6,1,0,1,1,e849f1a14477da933bfaa5ee561efce8,300109,0.0033321226620994376,,1,851,851,True,timeout,True,False,"Unexpected ""!"" at position 0 in state STOP"
default,interactive-short-6,short,6,2,0,0,0,d41d8cd98f00b204e9800998ecf8427e,300108,0.0,,0,,,True,timeout,True,True,"Unexpected ""!"" at position 0 in state STOP"
default,interactive-short-6,short,6,3,0,0,0,d41d8cd98f00b204e9800998ecf8427e,300114,0.0,,0,,,True,timeout,True,True,"Unexpected ""!"" at position 0 in state STOP"
default,interactive-short-6,short,6,4,0,0,0,d41d8cd98f00b204e9800998ecf8427e,300108,0.0,,0,,,True,timeout,True,True,"Unexpected ""!"" at position 0 in state STOP"
default,interactive-short-6,short,6,0,1,1,1,ba304a277e0c6fae635de35002222d91,300021,0.00333310001633219,,1,720,720,True,timeout,True,False,"Unexpected ""!"" at position 0 in state STOP"
default,interactive-short-6,short,6,1,1,1,1,e849f1a14477da933bfaa5ee561efce8,300020,0.0033331111259249386,,1,851,851,True,timeout,True,False,"Unexpected ""!"" at position 0 in state STOP"
default,interactive-short-6,short,6,2,1,0,0,d41d8cd98f00b204e9800998ecf8427e,300110,0.0,,0,,,True,timeout,True,True,"Unexpected ""!"" at position 0 in state STOP"
default,interactive-short-6,short,6,3,1,0,0,d41d8cd98f00b204e9800998ecf8427e,300109,0.0,,0,,,True,timeout,True,True,"Unexpected ""!"" at position 0 in state STOP"
default,interactive-short-6,short,6,4,1,0,0,d41d8cd98f00b204e9800998ecf8427e,300026,0.0,,0,,,True,timeout,True,True,"Unexpected ""!"" at position 0 in state STOP"
default,interactive-short-6,short,6,0,2,1,1,ba304a277e0c6fae635de35002222d91,300109,0.0033321226620994376,,1,714,714,True,timeout,True,False,"Unexpected ""!"" at position 0 in state STOP"
default,interactive-short-6,short,6,1,2,1,1,e849f1a14477da933bfaa5ee561efce8,300109,0.0033321226620994376,,1,844,844,True,timeout,True,False,"Unexpected ""!"" at position 0 in state STOP"
default,interactive-short-6,short,6,2,2,0,0,d41d8cd98f00b204e9800998ecf8427e,300114,0.0,,0,,,True,timeout,True,True,"Unexpected ""!"" at position 0 in state STOP"
default,interactive-short-6,short,6,3,2,0,0,d41d8cd98f00b204e9800998ecf8427e,300080,0.0,,0,,,True,timeout,True,True,"Unexpected ""!"" at position 0 in state STOP"
default,interactive-short-6,short,6,4,2,0,0,d41d8cd98f00b204e9800998ecf8427e,300112,0.0,,0,,,True,timeout,True,True,"Unexpected ""!"" at position 0 in state STOP"
default,interactive-short-6,short,6,0,3,1,1,ba304a277e0c6fae635de35002222d91,300109,0.0033321226620994376,,1,713,713,True,timeout,True,False,"Unexpected ""!"" at position 0 in state STOP"
default,interactive-short-6,short,6,1,3,1,1,e849f1a14477da933bfaa5ee561efce8,300109,0.0033321226620994376,,1,833,833,True,timeout,True,False,"Unexpected ""!"" at position 0 in state STOP"
default,interactive-short-6,short,6,2,3,0,0,d41d8cd98f00b204e9800998ecf8427e,300112,0.0,,0,,,True,timeout,True,True,"Unexpected ""!"" at position 0 in state STOP"
default,interactive-short-6,short,6,3,3,0,0,d41d8cd98f00b204e9800998ecf8427e,300179,0.0,,0,,,True,timeout,True,True,"Unexpected ""!"" at position 0 in state STOP"
default,interactive-short-6,short,6,4,3,0,0,d41d8cd98f00b204e9800998ecf8427e,300108,0.0,,0,,,True,timeout,True,True,"Unexpected ""!"" at position 0 in state STOP"
default,interactive-short-6,short,6,0,4,1,1,ba304a277e0c6fae635de35002222d91,300113,0.0033320782505256354,,1,711,711,True,timeout,True,False,"Unexpected ""!"" at position 0 in state STOP"
default,interactive-short-6,short,6,1,4,1,1,e849f1a14477da933bfaa5ee561efce8,300108,0.003332133765177869,,1,830,830,True,timeout,True,False,"Unexpected ""!"" at position 0 in state STOP"
default,interactive-short-6,short,6,2,4,0,0,d41d8cd98f00b204e9800998ecf8427e,300113,0.0,,0,,,True,timeout,True,True,"Unexpected ""!"" at position 0 in state STOP"
default,interactive-short-6,short,6,3,4,0,0,d41d8cd98f00b204e9800998ecf8427e,300111,0.0,,0,,,True,timeout,True,True,"Unexpected ""!"" at position 0 in state STOP"
default,interactive-short-6,short,6,4,4,0,0,d41d8cd98f00b204e9800998ecf8427e,300109,0.0,,0,,,True,timeout,True,True,"Unexpected ""!"" at position 0 in state STOP"
default,interactive-short-6,short,6,0,5,1,1,ba304a277e0c6fae635de35002222d91,300110,0.003332111559094998,,1,718,718,True,timeout,True,False,"Unexpected ""!"" at position 0 in state STOP"
default,interactive-short-6,short,6,1,5,1,1,e849f1a14477da933bfaa5ee561efce8,300109,0.0033321226620994376,,1,829,829,True,timeout,True,False,"Unexpected ""!"" at position 0 in state STOP"
default,interactive-short-6,short,6,2,5,0,0,d41d8cd98f00b204e9800998ecf8427e,300109,0.0,,0,,,True,timeout,True,True,"Unexpected ""!"" at position 0 in state STOP"
default,interactive-short-6,short,6,3,5,0,0,d41d8cd98f00b204e9800998ecf8427e,300055,0.0,,0,,,True,timeout,True,True,"Unexpected ""!"" at position 0 in state STOP"
default,interactive-short-6,short,6,4,5,0,0,d41d8cd98f00b204e9800998ecf8427e,300112,0.0,,0,,,True,timeout,True,True,"Unexpected ""!"" at position 0 in state STOP"
default,interactive-short-7,short,7,0,0,0,0,d41d8cd98f00b204e9800998ecf8427e,300672,0.0,,0,,,True,timeout,True,True,terminated
default,interactive-short-7,short,7,1,0,0,0,d41d8cd98f00b204e9800998ecf8427e,300114,0.0,,0,,,True,timeout,True,True,"Unexpected ""!"" at position 0 in state STOP"
default,interactive-short-7,short,7,2,0,0,0,d41d8cd98f00b204e9800998ecf8427e,300113,0.0,,0,,,True,timeout,True,True,"Unexpected ""!"" at position 0 in state STOP"
default,interactive-short-7,short,7,3,0,0,0,d41d8cd98f00b204e9800998ecf8427e,300051,0.0,,0,,,True,timeout,True,True,"Unexpected ""!"" at position 0 in state STOP"
default,interactive-short-7,short,7,4,0,0,0,d41d8cd98f00b204e9800998ecf8427e,300112,0.0,,0,,,True,timeout,True,True,"Unexpected ""!"" at position 0 in state STOP"
default,interactive-short-7,short,7,0,1,0,0,d41d8cd98f00b204e9800998ecf8427e,300112,0.0,,0,,,True,timeout,True,True,"Unexpected ""!"" at position 0 in state STOP"
default,interactive-short-7,short,7,1,1,0,0,d41d8cd98f00b204e9800998ecf8427e,300112,0.0,,0,,,True,timeout,True,True,"Unexpected ""!"" at position 0 in state STOP"
default,interactive-short-7,short,7,2,1,0,0,d41d8cd98f00b204e9800998ecf8427e,300112,0.0,,0,,,True,timeout,True,True,"Unexpected ""!"" at position 0 in state STOP"
default,interactive-short-7,short,7,3,1,0,0,d41d8cd98f00b204e9800998ecf8427e,300112,0.0,,0,,,True,timeout,True,True,"Unexpected ""!"" at position 0 in state STOP"
default,interactive-short-7,short,7,4,1,0,0,d41d8cd98f00b204e9800998ecf8427e,300104,0.0,,0,,,True,timeout,True,True,"Unexpected ""!"" at position 0 in state STOP"
default,interactive-short-7,short,7,0,2,0,0,d41d8cd98f00b204e9800998ecf8427e,300113,0.0,,0,,,True,timeout,True,True,"Unexpected ""!"" at position 0 in state STOP"
default,interactive-short-7,short,7,1,2,0,0,d41d8cd98f00b204e9800998ecf8427e,300111,0.0,,0,,,True,timeout,True,True,"Unexpected ""!"" at position 0 in state STOP"
default,interactive-short-7,short,7,2,2,0,0,d41d8cd98f00b204e9800998ecf8427e,300112,0.0,,0,,,True,timeout,True,True,"Unexpected ""!"" at position 0 in state STOP"
default,interactive-short-7,short,7,3,2,0,0,d41d8cd98f00b204e9800998ecf8427e,300657,0.0,,0,,,True,timeout,True,True,terminated
default,interactive-short-7,short,7,4,2,0,0,d41d8cd98f00b204e9800998ecf8427e,300111,0.0,,0,,,True,timeout,True,True,"Unexpected ""!"" at position 0 in state STOP"
default,interactive-short-7,short,7,0,3,0,0,d41d8cd98f00b204e9800998ecf8427e,300143,0.0,,0,,,True,timeout,True,True,"Unexpected ""!"" at position 0 in state STOP"
default,interactive-short-7,short,7,1,3,0,0,d41d8cd98f00b204e9800998ecf8427e,300115,0.0,,0,,,True,timeout,True,True,"Unexpected ""!"" at position 0 in state STOP"
default,interactive-short-7,short,7,2,3,0,0,d41d8cd98f00b204e9800998ecf8427e,300114,0.0,,0,,,True,timeout,True,True,"Unexpected ""!"" at position 0 in state STOP"
default,interactive-short-7,short,7,3,3,0,0,d41d8cd98f00b204e9800998ecf8427e,300113,0.0,,0,,,True,timeout,True,True,"Unexpected ""!"" at position 0 in state STOP"
default,interactive-short-7,short,7,4,3,0,0,d41d8cd98f00b204e9800998ecf8427e,300672,0.0,,0,,,True,timeout,True,True,terminated
default,interactive-short-7,short,7,0,4,0,0,d41d8cd98f00b204e9800998ecf8427e,300111,0.0,,0,,,True,timeout,True,True,"Unexpected ""!"" at position 0 in state STOP"
default,interactive-short-7,short,7,1,4,0,0,d41d8cd98f00b204e9800998ecf8427e,300180,0.0,,0,,,True,timeout,True,True,"Unexpected ""!"" at position 0 in state STOP"
default,interactive-short-7,short,7,2,4,0,0,d41d8cd98f00b204e9800998ecf8427e,300060,0.0,,0,,,True,timeout,True,True,"Unexpected ""!"" at position 0 in state STOP"
default,interactive-short-7,short,7,3,4,0,0,d41d8cd98f00b204e9800998ecf8427e,300031,0.0,,0,,,True,timeout,True,True,"Unexpected ""!"" at position 0 in state STOP"
default,interactive-short-7,short,7,4,4,0,0,d41d8cd98f00b204e9800998ecf8427e,300665,0.0,,0,,,True,timeout,True,True,terminated
default,interactive-short-7,short,7,0,5,0,0,d41d8cd98f00b204e9800998ecf8427e,300113,0.0,,0,,,True,timeout,True,True,"Unexpected ""!"" at position 0 in state STOP"
default,interactive-short-7,short,7,1,5,0,0,d41d8cd98f00b204e9800998ecf8427e,300113,0.0,,0,,,True,timeout,True,True,"Unexpected ""!"" at position 0 in state STOP"
default,interactive-short-7,short,7,2,5,0,0,d41d8cd98f00b204e9800998ecf8427e,300112,0.0,,0,,,True,timeout,True,True,"Unexpected ""!"" at position 0 in state STOP"
default,interactive-short-7,short,7,3,5,0,0,d41d8cd98f00b204e9800998ecf8427e,300112,0.0,,0,,,True,timeout,True,True,"Unexpected ""!"" at position 0 in state STOP"
default,interactive-short-7,short,7,4,5,0,0,d41d8cd98f00b204e9800998ecf8427e,300112,0.0,,0,,,True,timeout,True,True,"Unexpected ""!"" at position 0 in state STOP"
